"match_id","date","season","venue","city","team","opponent","innings","batting_first","toss_winner","toss_decision","winner","loser","powerplay_runs","powerplay_wickets","powerplay_legal_balls","powerplay_run_rate","toss_win","match_win","toss_decision_field","score_band","wicket_band"
"335982","2008-04-18",2007,"M Chinnaswamy Stadium","Bangalore","Kolkata Knight Riders","Royal Challengers Bengaluru",1,1,"Royal Challengers Bengaluru","field","Kolkata Knight Riders","Royal Challengers Bengaluru",61,1,36,10.1666666666667,0,1,1,"60+","1"
"335982","2008-04-18",2007,"M Chinnaswamy Stadium","Bangalore","Royal Challengers Bengaluru","Kolkata Knight Riders",2,0,"Royal Challengers Bengaluru","field","Kolkata Knight Riders","Royal Challengers Bengaluru",26,4,36,4.33333333333333,1,0,1,"Under 40","3+"
"335983","2008-04-19",2007,"Punjab Cricket Association Stadium, Mohali","Chandigarh","Chennai Super Kings","Punjab Kings",1,1,"Chennai Super Kings","bat","Chennai Super Kings","Punjab Kings",53,1,36,8.83333333333333,1,1,0,"50-59","1"
"335983","2008-04-19",2007,"Punjab Cricket Association Stadium, Mohali","Chandigarh","Punjab Kings","Chennai Super Kings",2,0,"Chennai Super Kings","bat","Chennai Super Kings","Punjab Kings",63,1,36,10.5,0,0,0,"60+","1"
"335984","2008-04-19",2007,"Feroz Shah Kotla","Delhi","Rajasthan Royals","Delhi Capitals",1,1,"Rajasthan Royals","bat","Delhi Capitals","Rajasthan Royals",40,2,36,6.66666666666667,1,0,0,"40-49","2"
"335984","2008-04-19",2007,"Feroz Shah Kotla","Delhi","Delhi Capitals","Rajasthan Royals",2,0,"Rajasthan Royals","bat","Delhi Capitals","Rajasthan Royals",55,1,36,9.16666666666667,0,1,0,"50-59","1"
"335985","2008-04-20",2007,"Wankhede Stadium","Mumbai","Mumbai Indians","Royal Challengers Bengaluru",1,1,"Mumbai Indians","bat","Royal Challengers Bengaluru","Mumbai Indians",47,2,36,7.83333333333333,1,0,0,"40-49","2"
"335985","2008-04-20",2007,"Wankhede Stadium","Mumbai","Royal Challengers Bengaluru","Mumbai Indians",2,0,"Mumbai Indians","bat","Royal Challengers Bengaluru","Mumbai Indians",40,1,36,6.66666666666667,0,1,0,"40-49","1"
"335986","2008-04-20",2007,"Eden Gardens","Kolkata","Deccan Chargers","Kolkata Knight Riders",1,1,"Deccan Chargers","bat","Kolkata Knight Riders","Deccan Chargers",39,2,36,6.5,1,0,0,"Under 40","2"
"335986","2008-04-20",2007,"Eden Gardens","Kolkata","Kolkata Knight Riders","Deccan Chargers",2,0,"Deccan Chargers","bat","Kolkata Knight Riders","Deccan Chargers",26,3,36,4.33333333333333,0,1,0,"Under 40","3+"
"335987","2008-04-21",2007,"Sawai Mansingh Stadium","Jaipur","Punjab Kings","Rajasthan Royals",1,1,"Punjab Kings","bat","Rajasthan Royals","Punjab Kings",54,1,36,9,1,0,0,"50-59","1"
"335987","2008-04-21",2007,"Sawai Mansingh Stadium","Jaipur","Rajasthan Royals","Punjab Kings",2,0,"Punjab Kings","bat","Rajasthan Royals","Punjab Kings",53,3,36,8.83333333333333,0,1,0,"50-59","3+"
"335988","2008-04-22",2007,"Rajiv Gandhi International Stadium, Uppal","Hyderabad","Deccan Chargers","Delhi Capitals",1,1,"Deccan Chargers","bat","Delhi Capitals","Deccan Chargers",25,2,36,4.16666666666667,1,0,0,"Under 40","2"
"335988","2008-04-22",2007,"Rajiv Gandhi International Stadium, Uppal","Hyderabad","Delhi Capitals","Deccan Chargers",2,0,"Deccan Chargers","bat","Delhi Capitals","Deccan Chargers",48,1,36,8,0,1,0,"40-49","1"
"335989","2008-04-23",2007,"MA Chidambaram Stadium, Chepauk","Chennai","Chennai Super Kings","Mumbai Indians",1,1,"Mumbai Indians","field","Chennai Super Kings","Mumbai Indians",53,2,36,8.83333333333333,0,1,1,"50-59","2"
"335989","2008-04-23",2007,"MA Chidambaram Stadium, Chepauk","Chennai","Mumbai Indians","Chennai Super Kings",2,0,"Mumbai Indians","field","Chennai Super Kings","Mumbai Indians",52,2,36,8.66666666666667,1,0,1,"50-59","2"
"335990","2008-04-24",2007,"Rajiv Gandhi International Stadium, Uppal","Hyderabad","Deccan Chargers","Rajasthan Royals",1,1,"Rajasthan Royals","field","Rajasthan Royals","Deccan Chargers",58,2,36,9.66666666666667,0,0,1,"50-59","2"
"335990","2008-04-24",2007,"Rajiv Gandhi International Stadium, Uppal","Hyderabad","Rajasthan Royals","Deccan Chargers",2,0,"Rajasthan Royals","field","Rajasthan Royals","Deccan Chargers",73,1,36,12.1666666666667,1,1,1,"60+","1"
"335991","2008-04-25",2007,"Punjab Cricket Association Stadium, Mohali","Chandigarh","Punjab Kings","Mumbai Indians",1,1,"Mumbai Indians","field","Punjab Kings","Mumbai Indians",60,1,36,10,0,1,1,"60+","1"
"335991","2008-04-25",2007,"Punjab Cricket Association Stadium, Mohali","Chandigarh","Mumbai Indians","Punjab Kings",2,0,"Mumbai Indians","field","Punjab Kings","Mumbai Indians",39,2,36,6.5,1,0,1,"Under 40","2"
"335992","2008-04-26",2007,"M Chinnaswamy Stadium","Bangalore","Royal Challengers Bengaluru","Rajasthan Royals",1,1,"Rajasthan Royals","field","Rajasthan Royals","Royal Challengers Bengaluru",57,2,36,9.5,0,0,1,"50-59","2"
"335992","2008-04-26",2007,"M Chinnaswamy Stadium","Bangalore","Rajasthan Royals","Royal Challengers Bengaluru",2,0,"Rajasthan Royals","field","Rajasthan Royals","Royal Challengers Bengaluru",45,2,36,7.5,1,1,1,"40-49","2"
"335993","2008-04-26",2007,"MA Chidambaram Stadium, Chepauk","Chennai","Kolkata Knight Riders","Chennai Super Kings",1,1,"Kolkata Knight Riders","bat","Chennai Super Kings","Kolkata Knight Riders",61,3,36,10.1666666666667,1,0,0,"60+","3+"
"335993","2008-04-26",2007,"MA Chidambaram Stadium, Chepauk","Chennai","Chennai Super Kings","Kolkata Knight Riders",2,0,"Kolkata Knight Riders","bat","Chennai Super Kings","Kolkata Knight Riders",45,0,36,7.5,0,1,0,"40-49","0"
"335994","2008-04-27",2007,"Dr DY Patil Sports Academy","Mumbai","Mumbai Indians","Deccan Chargers",1,1,"Deccan Chargers","field","Deccan Chargers","Mumbai Indians",27,3,36,4.5,0,0,1,"Under 40","3+"
"335994","2008-04-27",2007,"Dr DY Patil Sports Academy","Mumbai","Deccan Chargers","Mumbai Indians",2,0,"Deccan Chargers","field","Deccan Chargers","Mumbai Indians",60,0,36,10,1,1,1,"60+","0"
"335995","2008-04-27",2007,"Punjab Cricket Association Stadium, Mohali","Chandigarh","Delhi Capitals","Punjab Kings",1,1,"Delhi Capitals","bat","Punjab Kings","Delhi Capitals",45,3,36,7.5,1,0,0,"40-49","3+"
"335995","2008-04-27",2007,"Punjab Cricket Association Stadium, Mohali","Chandigarh","Punjab Kings","Delhi Capitals",2,0,"Delhi Capitals","bat","Punjab Kings","Delhi Capitals",55,2,36,9.16666666666667,0,1,0,"50-59","2"
"335996","2008-04-28",2007,"M Chinnaswamy Stadium","Bangalore","Chennai Super Kings","Royal Challengers Bengaluru",1,1,"Chennai Super Kings","bat","Chennai Super Kings","Royal Challengers Bengaluru",36,1,36,6,1,1,0,"Under 40","1"
"335996","2008-04-28",2007,"M Chinnaswamy Stadium","Bangalore","Royal Challengers Bengaluru","Chennai Super Kings",2,0,"Chennai Super Kings","bat","Chennai Super Kings","Royal Challengers Bengaluru",45,1,36,7.5,0,0,0,"40-49","1"
"335997","2008-04-29",2007,"Eden Gardens","Kolkata","Kolkata Knight Riders","Mumbai Indians",1,1,"Kolkata Knight Riders","bat","Mumbai Indians","Kolkata Knight Riders",40,3,36,6.66666666666667,1,0,0,"40-49","3+"
"335997","2008-04-29",2007,"Eden Gardens","Kolkata","Mumbai Indians","Kolkata Knight Riders",2,0,"Kolkata Knight Riders","bat","Mumbai Indians","Kolkata Knight Riders",38,3,36,6.33333333333333,0,1,0,"Under 40","3+"
"335998","2008-04-30",2007,"Feroz Shah Kotla","Delhi","Delhi Capitals","Royal Challengers Bengaluru",1,1,"Royal Challengers Bengaluru","field","Delhi Capitals","Royal Challengers Bengaluru",58,1,36,9.66666666666667,0,1,1,"50-59","1"
"335998","2008-04-30",2007,"Feroz Shah Kotla","Delhi","Royal Challengers Bengaluru","Delhi Capitals",2,0,"Royal Challengers Bengaluru","field","Delhi Capitals","Royal Challengers Bengaluru",55,3,36,9.16666666666667,1,0,1,"50-59","3+"
"335999","2008-05-01",2007,"Rajiv Gandhi International Stadium, Uppal","Hyderabad","Deccan Chargers","Punjab Kings",1,1,"Punjab Kings","field","Punjab Kings","Deccan Chargers",50,1,36,8.33333333333333,0,0,1,"50-59","1"
"335999","2008-05-01",2007,"Rajiv Gandhi International Stadium, Uppal","Hyderabad","Punjab Kings","Deccan Chargers",2,0,"Punjab Kings","field","Punjab Kings","Deccan Chargers",41,1,36,6.83333333333333,1,1,1,"40-49","1"
"336000","2008-05-01",2007,"Sawai Mansingh Stadium","Jaipur","Rajasthan Royals","Kolkata Knight Riders",1,1,"Rajasthan Royals","bat","Rajasthan Royals","Kolkata Knight Riders",45,1,36,7.5,1,1,0,"40-49","1"
"336000","2008-05-01",2007,"Sawai Mansingh Stadium","Jaipur","Kolkata Knight Riders","Rajasthan Royals",2,0,"Rajasthan Royals","bat","Rajasthan Royals","Kolkata Knight Riders",51,3,36,8.5,0,0,0,"50-59","3+"
"336001","2008-05-02",2007,"MA Chidambaram Stadium, Chepauk","Chennai","Chennai Super Kings","Delhi Capitals",1,1,"Chennai Super Kings","bat","Delhi Capitals","Chennai Super Kings",47,1,36,7.83333333333333,1,0,0,"40-49","1"
"336001","2008-05-02",2007,"MA Chidambaram Stadium, Chepauk","Chennai","Delhi Capitals","Chennai Super Kings",2,0,"Chennai Super Kings","bat","Delhi Capitals","Chennai Super Kings",64,0,36,10.6666666666667,0,1,0,"60+","0"
"336003","2008-05-03",2007,"Punjab Cricket Association Stadium, Mohali","Chandigarh","Punjab Kings","Kolkata Knight Riders",1,1,"Punjab Kings","bat","Punjab Kings","Kolkata Knight Riders",49,1,36,8.16666666666667,1,1,0,"40-49","1"
"336003","2008-05-03",2007,"Punjab Cricket Association Stadium, Mohali","Chandigarh","Kolkata Knight Riders","Punjab Kings",2,0,"Punjab Kings","bat","Punjab Kings","Kolkata Knight Riders",31,4,36,5.16666666666667,0,0,0,"Under 40","3+"
"336034","2008-05-03",2007,"M Chinnaswamy Stadium","Bangalore","Royal Challengers Bengaluru","Deccan Chargers",1,1,"Deccan Chargers","field","Royal Challengers Bengaluru","Deccan Chargers",46,1,36,7.66666666666667,0,1,1,"40-49","1"
"336034","2008-05-03",2007,"M Chinnaswamy Stadium","Bangalore","Deccan Chargers","Royal Challengers Bengaluru",2,0,"Deccan Chargers","field","Royal Challengers Bengaluru","Deccan Chargers",33,2,36,5.5,1,0,1,"Under 40","2"
"336004","2008-05-04",2007,"Dr DY Patil Sports Academy","Mumbai","Mumbai Indians","Delhi Capitals",1,1,"Delhi Capitals","field","Mumbai Indians","Delhi Capitals",50,2,36,8.33333333333333,0,1,1,"50-59","2"
"336004","2008-05-04",2007,"Dr DY Patil Sports Academy","Mumbai","Delhi Capitals","Mumbai Indians",2,0,"Delhi Capitals","field","Mumbai Indians","Delhi Capitals",37,2,36,6.16666666666667,1,0,1,"Under 40","2"
"336005","2008-05-04",2007,"Sawai Mansingh Stadium","Jaipur","Chennai Super Kings","Rajasthan Royals",1,1,"Chennai Super Kings","bat","Rajasthan Royals","Chennai Super Kings",38,4,36,6.33333333333333,1,0,0,"Under 40","3+"
"336005","2008-05-04",2007,"Sawai Mansingh Stadium","Jaipur","Rajasthan Royals","Chennai Super Kings",2,0,"Chennai Super Kings","bat","Rajasthan Royals","Chennai Super Kings",44,0,36,7.33333333333333,0,1,0,"40-49","0"
"336006","2008-05-05",2007,"M Chinnaswamy Stadium","Bangalore","Royal Challengers Bengaluru","Punjab Kings",1,1,"Punjab Kings","field","Punjab Kings","Royal Challengers Bengaluru",26,3,36,4.33333333333333,0,0,1,"Under 40","3+"
"336006","2008-05-05",2007,"M Chinnaswamy Stadium","Bangalore","Punjab Kings","Royal Challengers Bengaluru",2,0,"Punjab Kings","field","Punjab Kings","Royal Challengers Bengaluru",52,1,36,8.66666666666667,1,1,1,"50-59","1"
"336007","2008-05-06",2007,"MA Chidambaram Stadium, Chepauk","Chennai","Chennai Super Kings","Deccan Chargers",1,1,"Deccan Chargers","field","Deccan Chargers","Chennai Super Kings",34,3,36,5.66666666666667,0,0,1,"Under 40","3+"
"336007","2008-05-06",2007,"MA Chidambaram Stadium, Chepauk","Chennai","Deccan Chargers","Chennai Super Kings",2,0,"Deccan Chargers","field","Deccan Chargers","Chennai Super Kings",50,1,36,8.33333333333333,1,1,1,"50-59","1"
"336008","2008-05-07",2007,"Dr DY Patil Sports Academy","Mumbai","Rajasthan Royals","Mumbai Indians",1,1,"Mumbai Indians","field","Mumbai Indians","Rajasthan Royals",48,2,36,8,0,0,1,"40-49","2"
"336008","2008-05-07",2007,"Dr DY Patil Sports Academy","Mumbai","Mumbai Indians","Rajasthan Royals",2,0,"Mumbai Indians","field","Mumbai Indians","Rajasthan Royals",34,0,36,5.66666666666667,1,1,1,"Under 40","0"
"336009","2008-05-08",2007,"Feroz Shah Kotla","Delhi","Delhi Capitals","Chennai Super Kings",1,1,"Chennai Super Kings","field","Chennai Super Kings","Delhi Capitals",50,2,36,8.33333333333333,0,0,1,"50-59","2"
"336009","2008-05-08",2007,"Feroz Shah Kotla","Delhi","Chennai Super Kings","Delhi Capitals",2,0,"Chennai Super Kings","field","Chennai Super Kings","Delhi Capitals",62,0,36,10.3333333333333,1,1,1,"60+","0"
"336010","2008-05-08",2007,"Eden Gardens","Kolkata","Kolkata Knight Riders","Royal Challengers Bengaluru",1,1,"Kolkata Knight Riders","bat","Kolkata Knight Riders","Royal Challengers Bengaluru",41,2,36,6.83333333333333,1,1,0,"40-49","2"
"336010","2008-05-08",2007,"Eden Gardens","Kolkata","Royal Challengers Bengaluru","Kolkata Knight Riders",2,0,"Kolkata Knight Riders","bat","Kolkata Knight Riders","Royal Challengers Bengaluru",35,2,36,5.83333333333333,0,0,0,"Under 40","2"
"336011","2008-05-09",2007,"Sawai Mansingh Stadium","Jaipur","Deccan Chargers","Rajasthan Royals",1,1,"Rajasthan Royals","field","Rajasthan Royals","Deccan Chargers",50,0,36,8.33333333333333,0,0,1,"50-59","0"
"336011","2008-05-09",2007,"Sawai Mansingh Stadium","Jaipur","Rajasthan Royals","Deccan Chargers",2,0,"Rajasthan Royals","field","Rajasthan Royals","Deccan Chargers",50,0,36,8.33333333333333,1,1,1,"50-59","0"
"336013","2008-05-10",2007,"MA Chidambaram Stadium, Chepauk","Chennai","Chennai Super Kings","Punjab Kings",1,1,"Punjab Kings","field","Chennai Super Kings","Punjab Kings",53,2,36,8.83333333333333,0,1,1,"50-59","2"
"336013","2008-05-10",2007,"MA Chidambaram Stadium, Chepauk","Chennai","Punjab Kings","Chennai Super Kings",2,0,"Punjab Kings","field","Chennai Super Kings","Punjab Kings",35,2,36,5.83333333333333,1,0,1,"Under 40","2"
"336014","2008-05-11",2007,"Rajiv Gandhi International Stadium, Uppal","Hyderabad","Kolkata Knight Riders","Deccan Chargers",1,1,"Kolkata Knight Riders","bat","Kolkata Knight Riders","Deccan Chargers",43,1,36,7.16666666666667,1,1,0,"40-49","1"
"336014","2008-05-11",2007,"Rajiv Gandhi International Stadium, Uppal","Hyderabad","Deccan Chargers","Kolkata Knight Riders",2,0,"Kolkata Knight Riders","bat","Kolkata Knight Riders","Deccan Chargers",55,3,36,9.16666666666667,0,0,0,"50-59","3+"
"336015","2008-05-11",2007,"Sawai Mansingh Stadium","Jaipur","Delhi Capitals","Rajasthan Royals",1,1,"Rajasthan Royals","field","Rajasthan Royals","Delhi Capitals",47,1,36,7.83333333333333,0,0,1,"40-49","1"
"336015","2008-05-11",2007,"Sawai Mansingh Stadium","Jaipur","Rajasthan Royals","Delhi Capitals",2,0,"Rajasthan Royals","field","Rajasthan Royals","Delhi Capitals",21,2,36,3.5,1,1,1,"Under 40","2"
"336016","2008-05-12",2007,"Punjab Cricket Association Stadium, Mohali","Chandigarh","Royal Challengers Bengaluru","Punjab Kings",1,1,"Royal Challengers Bengaluru","bat","Punjab Kings","Royal Challengers Bengaluru",50,3,36,8.33333333333333,1,0,0,"50-59","3+"
"336016","2008-05-12",2007,"Punjab Cricket Association Stadium, Mohali","Chandigarh","Punjab Kings","Royal Challengers Bengaluru",2,0,"Royal Challengers Bengaluru","bat","Punjab Kings","Royal Challengers Bengaluru",42,0,36,7,0,1,0,"40-49","0"
"336017","2008-05-13",2007,"Eden Gardens","Kolkata","Kolkata Knight Riders","Delhi Capitals",1,1,"Kolkata Knight Riders","bat","Kolkata Knight Riders","Delhi Capitals",35,1,36,5.83333333333333,1,1,0,"Under 40","1"
"336017","2008-05-13",2007,"Eden Gardens","Kolkata","Delhi Capitals","Kolkata Knight Riders",2,0,"Kolkata Knight Riders","bat","Kolkata Knight Riders","Delhi Capitals",37,4,36,6.16666666666667,0,0,0,"Under 40","3+"
"336018","2008-05-14",2007,"Wankhede Stadium","Mumbai","Chennai Super Kings","Mumbai Indians",1,1,"Mumbai Indians","field","Mumbai Indians","Chennai Super Kings",28,2,36,4.66666666666667,0,0,1,"Under 40","2"
"336018","2008-05-14",2007,"Wankhede Stadium","Mumbai","Mumbai Indians","Chennai Super Kings",2,0,"Mumbai Indians","field","Mumbai Indians","Chennai Super Kings",78,0,36,13,1,1,1,"60+","0"
"336020","2008-05-15",2007,"Feroz Shah Kotla","Delhi","Delhi Capitals","Deccan Chargers",1,1,"Deccan Chargers","field","Delhi Capitals","Deccan Chargers",48,1,36,8,0,1,1,"40-49","1"
"336020","2008-05-15",2007,"Feroz Shah Kotla","Delhi","Deccan Chargers","Delhi Capitals",2,0,"Deccan Chargers","field","Delhi Capitals","Deccan Chargers",71,1,36,11.8333333333333,1,0,1,"60+","1"
"336022","2008-05-17",2007,"Feroz Shah Kotla","Delhi","Delhi Capitals","Punjab Kings",1,1,"Delhi Capitals","bat","Punjab Kings","Delhi Capitals",68,0,36,11.3333333333333,1,0,0,"60+","0"
"336022","2008-05-17",2007,"Feroz Shah Kotla","Delhi","Punjab Kings","Delhi Capitals",2,0,"Delhi Capitals","bat","Punjab Kings","Delhi Capitals",73,3,36,12.1666666666667,0,1,0,"60+","3+"
"336023","2008-05-17",2007,"Sawai Mansingh Stadium","Jaipur","Rajasthan Royals","Royal Challengers Bengaluru",1,1,"Royal Challengers Bengaluru","field","Rajasthan Royals","Royal Challengers Bengaluru",51,0,36,8.5,0,1,1,"50-59","0"
"336023","2008-05-17",2007,"Sawai Mansingh Stadium","Jaipur","Royal Challengers Bengaluru","Rajasthan Royals",2,0,"Royal Challengers Bengaluru","field","Rajasthan Royals","Royal Challengers Bengaluru",23,3,36,3.83333333333333,1,0,1,"Under 40","3+"
"336024","2008-05-18",2007,"Rajiv Gandhi International Stadium, Uppal","Hyderabad","Mumbai Indians","Deccan Chargers",1,1,"Deccan Chargers","field","Mumbai Indians","Deccan Chargers",57,1,36,9.5,0,1,1,"50-59","1"
"336024","2008-05-18",2007,"Rajiv Gandhi International Stadium, Uppal","Hyderabad","Deccan Chargers","Mumbai Indians",2,0,"Deccan Chargers","field","Mumbai Indians","Deccan Chargers",32,3,36,5.33333333333333,1,0,1,"Under 40","3+"
"336025","2008-05-18",2007,"Eden Gardens","Kolkata","Kolkata Knight Riders","Chennai Super Kings",1,1,"Kolkata Knight Riders","bat","Chennai Super Kings","Kolkata Knight Riders",35,2,36,5.83333333333333,1,0,0,"Under 40","2"
"336025","2008-05-18",2007,"Eden Gardens","Kolkata","Chennai Super Kings","Kolkata Knight Riders",2,0,"Kolkata Knight Riders","bat","Chennai Super Kings","Kolkata Knight Riders",43,0,36,7.16666666666667,0,1,0,"40-49","0"
"336026","2008-05-19",2007,"M Chinnaswamy Stadium","Bangalore","Royal Challengers Bengaluru","Delhi Capitals",1,1,"Delhi Capitals","field","Delhi Capitals","Royal Challengers Bengaluru",41,1,36,6.83333333333333,0,0,1,"40-49","1"
"336026","2008-05-19",2007,"M Chinnaswamy Stadium","Bangalore","Delhi Capitals","Royal Challengers Bengaluru",2,0,"Delhi Capitals","field","Delhi Capitals","Royal Challengers Bengaluru",71,0,36,11.8333333333333,1,1,1,"60+","0"
"336027","2008-05-20",2007,"Eden Gardens","Kolkata","Kolkata Knight Riders","Rajasthan Royals",1,1,"Rajasthan Royals","field","Rajasthan Royals","Kolkata Knight Riders",32,1,36,5.33333333333333,0,0,1,"Under 40","1"
"336027","2008-05-20",2007,"Eden Gardens","Kolkata","Rajasthan Royals","Kolkata Knight Riders",2,0,"Rajasthan Royals","field","Rajasthan Royals","Kolkata Knight Riders",42,3,36,7,1,1,1,"40-49","3+"
"336028","2008-05-21",2007,"Wankhede Stadium","Mumbai","Punjab Kings","Mumbai Indians",1,1,"Mumbai Indians","field","Punjab Kings","Mumbai Indians",43,1,36,7.16666666666667,0,1,1,"40-49","1"
"336028","2008-05-21",2007,"Wankhede Stadium","Mumbai","Mumbai Indians","Punjab Kings",2,0,"Mumbai Indians","field","Punjab Kings","Mumbai Indians",68,1,36,11.3333333333333,1,0,1,"60+","1"
"336029","2008-05-21",2007,"MA Chidambaram Stadium, Chepauk","Chennai","Royal Challengers Bengaluru","Chennai Super Kings",1,1,"Royal Challengers Bengaluru","bat","Royal Challengers Bengaluru","Chennai Super Kings",23,2,36,3.83333333333333,1,1,0,"Under 40","2"
"336029","2008-05-21",2007,"MA Chidambaram Stadium, Chepauk","Chennai","Chennai Super Kings","Royal Challengers Bengaluru",2,0,"Royal Challengers Bengaluru","bat","Royal Challengers Bengaluru","Chennai Super Kings",44,0,36,7.33333333333333,0,0,0,"40-49","0"
"336031","2008-05-23",2007,"Punjab Cricket Association Stadium, Mohali","Chandigarh","Deccan Chargers","Punjab Kings",1,1,"Punjab Kings","field","Punjab Kings","Deccan Chargers",42,0,36,7,0,0,1,"40-49","0"
"336031","2008-05-23",2007,"Punjab Cricket Association Stadium, Mohali","Chandigarh","Punjab Kings","Deccan Chargers",2,0,"Punjab Kings","field","Punjab Kings","Deccan Chargers",74,0,36,12.3333333333333,1,1,1,"60+","0"
"336032","2008-05-24",2007,"Feroz Shah Kotla","Delhi","Mumbai Indians","Delhi Capitals",1,1,"Delhi Capitals","field","Delhi Capitals","Mumbai Indians",60,0,36,10,0,0,1,"60+","0"
"336032","2008-05-24",2007,"Feroz Shah Kotla","Delhi","Delhi Capitals","Mumbai Indians",2,0,"Delhi Capitals","field","Delhi Capitals","Mumbai Indians",56,2,36,9.33333333333333,1,1,1,"50-59","2"
"336033","2008-05-24",2007,"MA Chidambaram Stadium, Chepauk","Chennai","Rajasthan Royals","Chennai Super Kings",1,1,"Rajasthan Royals","bat","Rajasthan Royals","Chennai Super Kings",67,0,36,11.1666666666667,1,1,0,"60+","0"
"336033","2008-05-24",2007,"MA Chidambaram Stadium, Chepauk","Chennai","Chennai Super Kings","Rajasthan Royals",2,0,"Rajasthan Royals","bat","Rajasthan Royals","Chennai Super Kings",65,1,36,10.8333333333333,0,0,0,"60+","1"
"336002","2008-05-25",2007,"Rajiv Gandhi International Stadium, Uppal","Hyderabad","Deccan Chargers","Royal Challengers Bengaluru",1,1,"Deccan Chargers","bat","Royal Challengers Bengaluru","Deccan Chargers",41,0,36,6.83333333333333,1,0,0,"40-49","0"
"336002","2008-05-25",2007,"Rajiv Gandhi International Stadium, Uppal","Hyderabad","Royal Challengers Bengaluru","Deccan Chargers",2,0,"Deccan Chargers","bat","Royal Challengers Bengaluru","Deccan Chargers",43,1,36,7.16666666666667,0,1,0,"40-49","1"
"336035","2008-05-25",2007,"Eden Gardens","Kolkata","Punjab Kings","Kolkata Knight Riders",1,1,"Punjab Kings","bat","Kolkata Knight Riders","Punjab Kings",47,1,36,7.83333333333333,1,0,0,"40-49","1"
"336035","2008-05-25",2007,"Eden Gardens","Kolkata","Kolkata Knight Riders","Punjab Kings",2,0,"Punjab Kings","bat","Kolkata Knight Riders","Punjab Kings",51,2,36,8.5,0,1,0,"50-59","2"
"336036","2008-05-26",2007,"Sawai Mansingh Stadium","Jaipur","Mumbai Indians","Rajasthan Royals",1,1,"Rajasthan Royals","field","Rajasthan Royals","Mumbai Indians",29,0,36,4.83333333333333,0,0,1,"Under 40","0"
"336036","2008-05-26",2007,"Sawai Mansingh Stadium","Jaipur","Rajasthan Royals","Mumbai Indians",2,0,"Rajasthan Royals","field","Rajasthan Royals","Mumbai Indians",36,2,36,6,1,1,1,"Under 40","2"
"336037","2008-05-27",2007,"Rajiv Gandhi International Stadium, Uppal","Hyderabad","Deccan Chargers","Chennai Super Kings",1,1,"Deccan Chargers","bat","Chennai Super Kings","Deccan Chargers",26,2,36,4.33333333333333,1,0,0,"Under 40","2"
"336037","2008-05-27",2007,"Rajiv Gandhi International Stadium, Uppal","Hyderabad","Chennai Super Kings","Deccan Chargers",2,0,"Deccan Chargers","bat","Chennai Super Kings","Deccan Chargers",44,1,36,7.33333333333333,0,1,0,"40-49","1"
"336012","2008-05-28",2007,"M Chinnaswamy Stadium","Bangalore","Royal Challengers Bengaluru","Mumbai Indians",1,1,"Mumbai Indians","field","Mumbai Indians","Royal Challengers Bengaluru",36,2,36,6,0,0,1,"Under 40","2"
"336012","2008-05-28",2007,"M Chinnaswamy Stadium","Bangalore","Mumbai Indians","Royal Challengers Bengaluru",2,0,"Mumbai Indians","field","Mumbai Indians","Royal Challengers Bengaluru",39,0,36,6.5,1,1,1,"Under 40","0"
"336019","2008-05-28",2007,"Punjab Cricket Association Stadium, Mohali","Chandigarh","Punjab Kings","Rajasthan Royals",1,1,"Rajasthan Royals","field","Punjab Kings","Rajasthan Royals",51,0,36,8.5,0,1,1,"50-59","0"
"336019","2008-05-28",2007,"Punjab Cricket Association Stadium, Mohali","Chandigarh","Rajasthan Royals","Punjab Kings",2,0,"Rajasthan Royals","field","Punjab Kings","Rajasthan Royals",38,2,36,6.33333333333333,1,0,1,"Under 40","2"
"336038","2008-05-30",2007,"Wankhede Stadium","Mumbai","Rajasthan Royals","Delhi Capitals",1,1,"Delhi Capitals","field","Rajasthan Royals","Delhi Capitals",58,0,36,9.66666666666667,0,1,1,"50-59","0"
"336038","2008-05-30",2007,"Wankhede Stadium","Mumbai","Delhi Capitals","Rajasthan Royals",2,0,"Delhi Capitals","field","Rajasthan Royals","Delhi Capitals",28,3,36,4.66666666666667,1,0,1,"Under 40","3+"
"336039","2008-05-31",2007,"Wankhede Stadium","Mumbai","Punjab Kings","Chennai Super Kings",1,1,"Punjab Kings","bat","Chennai Super Kings","Punjab Kings",35,4,36,5.83333333333333,1,0,0,"Under 40","3+"
"336039","2008-05-31",2007,"Wankhede Stadium","Mumbai","Chennai Super Kings","Punjab Kings",2,0,"Punjab Kings","bat","Chennai Super Kings","Punjab Kings",35,1,36,5.83333333333333,0,1,0,"Under 40","1"
"336040","2008-06-01",2007,"Dr DY Patil Sports Academy","Mumbai","Chennai Super Kings","Rajasthan Royals",1,1,"Rajasthan Royals","field","Rajasthan Royals","Chennai Super Kings",42,1,36,7,0,0,1,"40-49","1"
"336040","2008-06-01",2007,"Dr DY Patil Sports Academy","Mumbai","Rajasthan Royals","Chennai Super Kings",2,0,"Rajasthan Royals","field","Rajasthan Royals","Chennai Super Kings",41,1,36,6.83333333333333,1,1,1,"40-49","1"
"392181","2009-04-18",2009,"Newlands","Cape Town","Mumbai Indians","Chennai Super Kings",1,1,"Chennai Super Kings","field","Mumbai Indians","Chennai Super Kings",40,1,36,6.66666666666667,0,1,1,"40-49","1"
"392181","2009-04-18",2009,"Newlands","Cape Town","Chennai Super Kings","Mumbai Indians",2,0,"Chennai Super Kings","field","Mumbai Indians","Chennai Super Kings",40,2,36,6.66666666666667,1,0,1,"40-49","2"
"392182","2009-04-18",2009,"Newlands","Cape Town","Royal Challengers Bengaluru","Rajasthan Royals",1,1,"Royal Challengers Bengaluru","bat","Royal Challengers Bengaluru","Rajasthan Royals",29,3,36,4.83333333333333,1,1,0,"Under 40","3+"
"392182","2009-04-18",2009,"Newlands","Cape Town","Rajasthan Royals","Royal Challengers Bengaluru",2,0,"Royal Challengers Bengaluru","bat","Royal Challengers Bengaluru","Rajasthan Royals",14,2,36,2.33333333333333,0,0,0,"Under 40","2"
"392184","2009-04-19",2009,"Newlands","Cape Town","Kolkata Knight Riders","Deccan Chargers",1,1,"Kolkata Knight Riders","bat","Deccan Chargers","Kolkata Knight Riders",21,3,36,3.5,1,0,0,"Under 40","3+"
"392184","2009-04-19",2009,"Newlands","Cape Town","Deccan Chargers","Kolkata Knight Riders",2,0,"Kolkata Knight Riders","bat","Deccan Chargers","Kolkata Knight Riders",37,2,36,6.16666666666667,0,1,0,"Under 40","2"
"392185","2009-04-20",2009,"St George's Park","Port Elizabeth","Chennai Super Kings","Royal Challengers Bengaluru",1,1,"Chennai Super Kings","bat","Chennai Super Kings","Royal Challengers Bengaluru",68,0,36,11.3333333333333,1,1,0,"60+","0"
"392185","2009-04-20",2009,"St George's Park","Port Elizabeth","Royal Challengers Bengaluru","Chennai Super Kings",2,0,"Chennai Super Kings","bat","Chennai Super Kings","Royal Challengers Bengaluru",46,2,36,7.66666666666667,0,0,0,"40-49","2"
"392186","2009-04-21",2009,"Kingsmead","Durban","Punjab Kings","Kolkata Knight Riders",1,1,"Kolkata Knight Riders","field","Kolkata Knight Riders","Punjab Kings",46,1,36,7.66666666666667,0,0,1,"40-49","1"
"392186","2009-04-21",2009,"Kingsmead","Durban","Kolkata Knight Riders","Punjab Kings",2,0,"Kolkata Knight Riders","field","Kolkata Knight Riders","Punjab Kings",60,1,36,10,1,1,1,"60+","1"
"392188","2009-04-22",2009,"Newlands","Cape Town","Deccan Chargers","Royal Challengers Bengaluru",1,1,"Deccan Chargers","bat","Deccan Chargers","Royal Challengers Bengaluru",62,1,36,10.3333333333333,1,1,0,"60+","1"
"392188","2009-04-22",2009,"Newlands","Cape Town","Royal Challengers Bengaluru","Deccan Chargers",2,0,"Deccan Chargers","bat","Deccan Chargers","Royal Challengers Bengaluru",31,2,36,5.16666666666667,0,0,0,"Under 40","2"
"392189","2009-04-23",2009,"Kingsmead","Durban","Delhi Capitals","Chennai Super Kings",1,1,"Delhi Capitals","bat","Delhi Capitals","Chennai Super Kings",59,2,36,9.83333333333333,1,1,0,"50-59","2"
"392189","2009-04-23",2009,"Kingsmead","Durban","Chennai Super Kings","Delhi Capitals",2,0,"Delhi Capitals","bat","Delhi Capitals","Chennai Super Kings",61,1,36,10.1666666666667,0,0,0,"60+","1"
"392190","2009-04-23",2009,"Newlands","Cape Town","Rajasthan Royals","Kolkata Knight Riders",1,1,"Kolkata Knight Riders","field","Rajasthan Royals","Kolkata Knight Riders",54,2,36,9,0,1,1,"50-59","2"
"392190","2009-04-23",2009,"Newlands","Cape Town","Kolkata Knight Riders","Rajasthan Royals",2,0,"Kolkata Knight Riders","field","Rajasthan Royals","Kolkata Knight Riders",38,1,36,6.33333333333333,1,0,1,"Under 40","1"
"392191","2009-04-24",2009,"Kingsmead","Durban","Royal Challengers Bengaluru","Punjab Kings",1,1,"Royal Challengers Bengaluru","bat","Punjab Kings","Royal Challengers Bengaluru",49,3,36,8.16666666666667,1,0,0,"40-49","3+"
"392191","2009-04-24",2009,"Kingsmead","Durban","Punjab Kings","Royal Challengers Bengaluru",2,0,"Royal Challengers Bengaluru","bat","Punjab Kings","Royal Challengers Bengaluru",44,0,36,7.33333333333333,0,1,0,"40-49","0"
"392192","2009-04-25",2009,"Kingsmead","Durban","Deccan Chargers","Mumbai Indians",1,1,"Deccan Chargers","bat","Deccan Chargers","Mumbai Indians",55,0,36,9.16666666666667,1,1,0,"50-59","0"
"392192","2009-04-25",2009,"Kingsmead","Durban","Mumbai Indians","Deccan Chargers",2,0,"Deccan Chargers","bat","Deccan Chargers","Mumbai Indians",50,1,36,8.33333333333333,0,0,0,"50-59","1"
"392194","2009-04-26",2009,"St George's Park","Port Elizabeth","Royal Challengers Bengaluru","Delhi Capitals",1,1,"Royal Challengers Bengaluru","bat","Delhi Capitals","Royal Challengers Bengaluru",45,2,36,7.5,1,0,0,"40-49","2"
"392194","2009-04-26",2009,"St George's Park","Port Elizabeth","Delhi Capitals","Royal Challengers Bengaluru",2,0,"Royal Challengers Bengaluru","bat","Delhi Capitals","Royal Challengers Bengaluru",43,2,36,7.16666666666667,0,1,0,"40-49","2"
"392195","2009-04-26",2009,"Newlands","Cape Town","Punjab Kings","Rajasthan Royals",1,1,"Punjab Kings","bat","Punjab Kings","Rajasthan Royals",38,2,36,6.33333333333333,1,1,0,"Under 40","2"
"392195","2009-04-26",2009,"Newlands","Cape Town","Rajasthan Royals","Punjab Kings",2,0,"Punjab Kings","bat","Punjab Kings","Rajasthan Royals",32,4,36,5.33333333333333,0,0,0,"Under 40","3+"
"392196","2009-04-27",2009,"Kingsmead","Durban","Chennai Super Kings","Deccan Chargers",1,1,"Deccan Chargers","field","Deccan Chargers","Chennai Super Kings",62,1,36,10.3333333333333,0,0,1,"60+","1"
"392196","2009-04-27",2009,"Kingsmead","Durban","Deccan Chargers","Chennai Super Kings",2,0,"Deccan Chargers","field","Deccan Chargers","Chennai Super Kings",69,1,36,11.5,1,1,1,"60+","1"
"392197","2009-04-27",2009,"St George's Park","Port Elizabeth","Mumbai Indians","Kolkata Knight Riders",1,1,"Mumbai Indians","bat","Mumbai Indians","Kolkata Knight Riders",61,0,36,10.1666666666667,1,1,0,"60+","0"
"392197","2009-04-27",2009,"St George's Park","Port Elizabeth","Kolkata Knight Riders","Mumbai Indians",2,0,"Mumbai Indians","bat","Mumbai Indians","Kolkata Knight Riders",47,2,36,7.83333333333333,0,0,0,"40-49","2"
"392198","2009-04-28",2009,"SuperSport Park","Centurion","Delhi Capitals","Rajasthan Royals",1,1,"Delhi Capitals","bat","Rajasthan Royals","Delhi Capitals",42,3,36,7,1,0,0,"40-49","3+"
"392198","2009-04-28",2009,"SuperSport Park","Centurion","Rajasthan Royals","Delhi Capitals",2,0,"Delhi Capitals","bat","Rajasthan Royals","Delhi Capitals",33,2,36,5.5,0,1,0,"Under 40","2"
"392199","2009-04-29",2009,"Kingsmead","Durban","Kolkata Knight Riders","Royal Challengers Bengaluru",1,1,"Kolkata Knight Riders","bat","Royal Challengers Bengaluru","Kolkata Knight Riders",45,2,36,7.5,1,0,0,"40-49","2"
"392199","2009-04-29",2009,"Kingsmead","Durban","Royal Challengers Bengaluru","Kolkata Knight Riders",2,0,"Kolkata Knight Riders","bat","Royal Challengers Bengaluru","Kolkata Knight Riders",46,0,36,7.66666666666667,0,1,0,"40-49","0"
"392200","2009-04-29",2009,"Kingsmead","Durban","Punjab Kings","Mumbai Indians",1,1,"Punjab Kings","bat","Punjab Kings","Mumbai Indians",26,2,36,4.33333333333333,1,1,0,"Under 40","2"
"392200","2009-04-29",2009,"Kingsmead","Durban","Mumbai Indians","Punjab Kings",2,0,"Punjab Kings","bat","Punjab Kings","Mumbai Indians",23,3,36,3.83333333333333,0,0,0,"Under 40","3+"
"392201","2009-04-30",2009,"SuperSport Park","Centurion","Deccan Chargers","Delhi Capitals",1,1,"Delhi Capitals","field","Delhi Capitals","Deccan Chargers",37,2,36,6.16666666666667,0,0,1,"Under 40","2"
"392201","2009-04-30",2009,"SuperSport Park","Centurion","Delhi Capitals","Deccan Chargers",2,0,"Delhi Capitals","field","Delhi Capitals","Deccan Chargers",41,2,36,6.83333333333333,1,1,1,"40-49","2"
"392202","2009-04-30",2009,"SuperSport Park","Centurion","Chennai Super Kings","Rajasthan Royals",1,1,"Rajasthan Royals","field","Chennai Super Kings","Rajasthan Royals",40,2,36,6.66666666666667,0,1,1,"40-49","2"
"392202","2009-04-30",2009,"SuperSport Park","Centurion","Rajasthan Royals","Chennai Super Kings",2,0,"Rajasthan Royals","field","Chennai Super Kings","Rajasthan Royals",38,2,36,6.33333333333333,1,0,1,"Under 40","2"
"392203","2009-05-01",2009,"Buffalo Park","East London","Mumbai Indians","Kolkata Knight Riders",1,1,"Mumbai Indians","bat","Mumbai Indians","Kolkata Knight Riders",40,2,36,6.66666666666667,1,1,0,"40-49","2"
"392203","2009-05-01",2009,"Buffalo Park","East London","Kolkata Knight Riders","Mumbai Indians",2,0,"Mumbai Indians","bat","Mumbai Indians","Kolkata Knight Riders",26,2,36,4.33333333333333,0,0,0,"Under 40","2"
"392204","2009-05-01",2009,"Kingsmead","Durban","Royal Challengers Bengaluru","Punjab Kings",1,1,"Royal Challengers Bengaluru","bat","Royal Challengers Bengaluru","Punjab Kings",38,2,36,6.33333333333333,1,1,0,"Under 40","2"
"392204","2009-05-01",2009,"Kingsmead","Durban","Punjab Kings","Royal Challengers Bengaluru",2,0,"Royal Challengers Bengaluru","bat","Royal Challengers Bengaluru","Punjab Kings",35,0,36,5.83333333333333,0,0,0,"Under 40","0"
"392205","2009-05-02",2009,"St George's Park","Port Elizabeth","Deccan Chargers","Rajasthan Royals",1,1,"Deccan Chargers","bat","Rajasthan Royals","Deccan Chargers",39,2,36,6.5,1,0,0,"Under 40","2"
"392205","2009-05-02",2009,"St George's Park","Port Elizabeth","Rajasthan Royals","Deccan Chargers",2,0,"Deccan Chargers","bat","Rajasthan Royals","Deccan Chargers",30,3,36,5,0,1,0,"Under 40","3+"
"392206","2009-05-02",2009,"New Wanderers Stadium","Johannesburg","Chennai Super Kings","Delhi Capitals",1,1,"Delhi Capitals","field","Chennai Super Kings","Delhi Capitals",53,2,36,8.83333333333333,0,1,1,"50-59","2"
"392206","2009-05-02",2009,"New Wanderers Stadium","Johannesburg","Delhi Capitals","Chennai Super Kings",2,0,"Delhi Capitals","field","Chennai Super Kings","Delhi Capitals",49,2,36,8.16666666666667,1,0,1,"40-49","2"
"392207","2009-05-03",2009,"St George's Park","Port Elizabeth","Kolkata Knight Riders","Punjab Kings",1,1,"Kolkata Knight Riders","bat","Punjab Kings","Kolkata Knight Riders",28,1,36,4.66666666666667,1,0,0,"Under 40","1"
"392207","2009-05-03",2009,"St George's Park","Port Elizabeth","Punjab Kings","Kolkata Knight Riders",2,0,"Kolkata Knight Riders","bat","Punjab Kings","Kolkata Knight Riders",51,2,36,8.5,0,1,0,"50-59","2"
"392208","2009-05-03",2009,"New Wanderers Stadium","Johannesburg","Mumbai Indians","Royal Challengers Bengaluru",1,1,"Mumbai Indians","bat","Royal Challengers Bengaluru","Mumbai Indians",25,3,36,4.16666666666667,1,0,0,"Under 40","3+"
"392208","2009-05-03",2009,"New Wanderers Stadium","Johannesburg","Royal Challengers Bengaluru","Mumbai Indians",2,0,"Mumbai Indians","bat","Royal Challengers Bengaluru","Mumbai Indians",51,1,36,8.5,0,1,0,"50-59","1"
"392209","2009-05-04",2009,"Buffalo Park","East London","Chennai Super Kings","Deccan Chargers",1,1,"Chennai Super Kings","bat","Chennai Super Kings","Deccan Chargers",53,0,36,8.83333333333333,1,1,0,"50-59","0"
"392209","2009-05-04",2009,"Buffalo Park","East London","Deccan Chargers","Chennai Super Kings",2,0,"Chennai Super Kings","bat","Chennai Super Kings","Deccan Chargers",52,3,36,8.66666666666667,0,0,0,"50-59","3+"
"392210","2009-05-05",2009,"Kingsmead","Durban","Rajasthan Royals","Punjab Kings",1,1,"Punjab Kings","field","Rajasthan Royals","Punjab Kings",57,0,36,9.5,0,1,1,"50-59","0"
"392210","2009-05-05",2009,"Kingsmead","Durban","Punjab Kings","Rajasthan Royals",2,0,"Punjab Kings","field","Rajasthan Royals","Punjab Kings",29,4,36,4.83333333333333,1,0,1,"Under 40","3+"
"392211","2009-05-05",2009,"Kingsmead","Durban","Kolkata Knight Riders","Delhi Capitals",1,1,"Kolkata Knight Riders","bat","Delhi Capitals","Kolkata Knight Riders",54,0,36,9,1,0,0,"50-59","0"
"392211","2009-05-05",2009,"Kingsmead","Durban","Delhi Capitals","Kolkata Knight Riders",2,0,"Kolkata Knight Riders","bat","Delhi Capitals","Kolkata Knight Riders",57,0,36,9.5,0,1,0,"50-59","0"
"392212","2009-05-06",2009,"SuperSport Park","Centurion","Deccan Chargers","Mumbai Indians",1,1,"Deccan Chargers","bat","Deccan Chargers","Mumbai Indians",37,2,36,6.16666666666667,1,1,0,"Under 40","2"
"392212","2009-05-06",2009,"SuperSport Park","Centurion","Mumbai Indians","Deccan Chargers",2,0,"Deccan Chargers","bat","Deccan Chargers","Mumbai Indians",41,2,36,6.83333333333333,0,0,0,"40-49","2"
"392213","2009-05-07",2009,"SuperSport Park","Centurion","Royal Challengers Bengaluru","Rajasthan Royals",1,1,"Rajasthan Royals","field","Rajasthan Royals","Royal Challengers Bengaluru",29,3,36,4.83333333333333,0,0,1,"Under 40","3+"
"392213","2009-05-07",2009,"SuperSport Park","Centurion","Rajasthan Royals","Royal Challengers Bengaluru",2,0,"Rajasthan Royals","field","Rajasthan Royals","Royal Challengers Bengaluru",31,1,36,5.16666666666667,1,1,1,"Under 40","1"
"392214","2009-05-07",2009,"SuperSport Park","Centurion","Chennai Super Kings","Punjab Kings",1,1,"Chennai Super Kings","bat","Chennai Super Kings","Punjab Kings",57,1,36,9.5,1,1,0,"50-59","1"
"392214","2009-05-07",2009,"SuperSport Park","Centurion","Punjab Kings","Chennai Super Kings",2,0,"Chennai Super Kings","bat","Chennai Super Kings","Punjab Kings",53,1,36,8.83333333333333,0,0,0,"50-59","1"
"392215","2009-05-08",2009,"Buffalo Park","East London","Mumbai Indians","Delhi Capitals",1,1,"Mumbai Indians","bat","Delhi Capitals","Mumbai Indians",30,3,36,5,1,0,0,"Under 40","3+"
"392215","2009-05-08",2009,"Buffalo Park","East London","Delhi Capitals","Mumbai Indians",2,0,"Mumbai Indians","bat","Delhi Capitals","Mumbai Indians",36,0,36,6,0,1,0,"Under 40","0"
"392216","2009-05-09",2009,"De Beers Diamond Oval","Kimberley","Deccan Chargers","Punjab Kings",1,1,"Punjab Kings","field","Punjab Kings","Deccan Chargers",52,1,36,8.66666666666667,0,0,1,"50-59","1"
"392216","2009-05-09",2009,"De Beers Diamond Oval","Kimberley","Punjab Kings","Deccan Chargers",2,0,"Punjab Kings","field","Punjab Kings","Deccan Chargers",45,2,36,7.5,1,1,1,"40-49","2"
"392217","2009-05-09",2009,"De Beers Diamond Oval","Kimberley","Rajasthan Royals","Chennai Super Kings",1,1,"Rajasthan Royals","bat","Chennai Super Kings","Rajasthan Royals",34,1,36,5.66666666666667,1,0,0,"Under 40","1"
"392217","2009-05-09",2009,"De Beers Diamond Oval","Kimberley","Chennai Super Kings","Rajasthan Royals",2,0,"Rajasthan Royals","bat","Chennai Super Kings","Rajasthan Royals",37,2,36,6.16666666666667,0,1,0,"Under 40","2"
"392218","2009-05-10",2009,"St George's Park","Port Elizabeth","Mumbai Indians","Royal Challengers Bengaluru",1,1,"Mumbai Indians","bat","Mumbai Indians","Royal Challengers Bengaluru",46,1,36,7.66666666666667,1,1,0,"40-49","1"
"392218","2009-05-10",2009,"St George's Park","Port Elizabeth","Royal Challengers Bengaluru","Mumbai Indians",2,0,"Mumbai Indians","bat","Mumbai Indians","Royal Challengers Bengaluru",39,2,36,6.5,0,0,0,"Under 40","2"
"392219","2009-05-10",2009,"New Wanderers Stadium","Johannesburg","Kolkata Knight Riders","Delhi Capitals",1,1,"Delhi Capitals","field","Delhi Capitals","Kolkata Knight Riders",37,3,36,6.16666666666667,0,0,1,"Under 40","3+"
"392219","2009-05-10",2009,"New Wanderers Stadium","Johannesburg","Delhi Capitals","Kolkata Knight Riders",2,0,"Delhi Capitals","field","Delhi Capitals","Kolkata Knight Riders",47,0,36,7.83333333333333,1,1,1,"40-49","0"
"392220","2009-05-11",2009,"De Beers Diamond Oval","Kimberley","Deccan Chargers","Rajasthan Royals",1,1,"Deccan Chargers","bat","Deccan Chargers","Rajasthan Royals",42,2,36,7,1,1,0,"40-49","2"
"392220","2009-05-11",2009,"De Beers Diamond Oval","Kimberley","Rajasthan Royals","Deccan Chargers",2,0,"Deccan Chargers","bat","Deccan Chargers","Rajasthan Royals",30,2,36,5,0,0,0,"Under 40","2"
"392221","2009-05-12",2009,"SuperSport Park","Centurion","Kolkata Knight Riders","Royal Challengers Bengaluru",1,1,"Royal Challengers Bengaluru","field","Royal Challengers Bengaluru","Kolkata Knight Riders",38,2,36,6.33333333333333,0,0,1,"Under 40","2"
"392221","2009-05-12",2009,"SuperSport Park","Centurion","Royal Challengers Bengaluru","Kolkata Knight Riders",2,0,"Royal Challengers Bengaluru","field","Royal Challengers Bengaluru","Kolkata Knight Riders",46,0,36,7.66666666666667,1,1,1,"40-49","0"
"392222","2009-05-12",2009,"SuperSport Park","Centurion","Punjab Kings","Mumbai Indians",1,1,"Punjab Kings","bat","Mumbai Indians","Punjab Kings",51,3,36,8.5,1,0,0,"50-59","3+"
"392222","2009-05-12",2009,"SuperSport Park","Centurion","Mumbai Indians","Punjab Kings",2,0,"Punjab Kings","bat","Mumbai Indians","Punjab Kings",42,2,36,7,0,1,0,"40-49","2"
"392223","2009-05-13",2009,"Kingsmead","Durban","Delhi Capitals","Deccan Chargers",1,1,"Deccan Chargers","field","Delhi Capitals","Deccan Chargers",56,1,36,9.33333333333333,0,1,1,"50-59","1"
"392223","2009-05-13",2009,"Kingsmead","Durban","Deccan Chargers","Delhi Capitals",2,0,"Deccan Chargers","field","Delhi Capitals","Deccan Chargers",50,2,36,8.33333333333333,1,0,1,"50-59","2"
"392224","2009-05-14",2009,"Kingsmead","Durban","Chennai Super Kings","Royal Challengers Bengaluru",1,1,"Chennai Super Kings","bat","Royal Challengers Bengaluru","Chennai Super Kings",52,2,36,8.66666666666667,1,0,0,"50-59","2"
"392224","2009-05-14",2009,"Kingsmead","Durban","Royal Challengers Bengaluru","Chennai Super Kings",2,0,"Chennai Super Kings","bat","Royal Challengers Bengaluru","Chennai Super Kings",33,3,36,5.5,0,1,0,"Under 40","3+"
"392225","2009-05-14",2009,"Kingsmead","Durban","Rajasthan Royals","Mumbai Indians",1,1,"Rajasthan Royals","bat","Rajasthan Royals","Mumbai Indians",42,0,36,7,1,1,0,"40-49","0"
"392225","2009-05-14",2009,"Kingsmead","Durban","Mumbai Indians","Rajasthan Royals",2,0,"Rajasthan Royals","bat","Rajasthan Royals","Mumbai Indians",26,3,36,4.33333333333333,0,0,0,"Under 40","3+"
"392226","2009-05-15",2009,"OUTsurance Oval","Bloemfontein","Delhi Capitals","Punjab Kings",1,1,"Punjab Kings","field","Punjab Kings","Delhi Capitals",38,2,36,6.33333333333333,0,0,1,"Under 40","2"
"392226","2009-05-15",2009,"OUTsurance Oval","Bloemfontein","Punjab Kings","Delhi Capitals",2,0,"Punjab Kings","field","Punjab Kings","Delhi Capitals",37,3,36,6.16666666666667,1,1,1,"Under 40","3+"
"392227","2009-05-16",2009,"St George's Park","Port Elizabeth","Mumbai Indians","Chennai Super Kings",1,1,"Mumbai Indians","bat","Chennai Super Kings","Mumbai Indians",49,2,36,8.16666666666667,1,0,0,"40-49","2"
"392227","2009-05-16",2009,"St George's Park","Port Elizabeth","Chennai Super Kings","Mumbai Indians",2,0,"Mumbai Indians","bat","Chennai Super Kings","Mumbai Indians",35,2,36,5.83333333333333,0,1,0,"Under 40","2"
"392228","2009-05-16",2009,"New Wanderers Stadium","Johannesburg","Kolkata Knight Riders","Deccan Chargers",1,1,"Deccan Chargers","field","Deccan Chargers","Kolkata Knight Riders",31,1,36,5.16666666666667,0,0,1,"Under 40","1"
"392228","2009-05-16",2009,"New Wanderers Stadium","Johannesburg","Deccan Chargers","Kolkata Knight Riders",2,0,"Deccan Chargers","field","Deccan Chargers","Kolkata Knight Riders",50,0,36,8.33333333333333,1,1,1,"50-59","0"
"392229","2009-05-17",2009,"New Wanderers Stadium","Johannesburg","Punjab Kings","Deccan Chargers",1,1,"Deccan Chargers","field","Punjab Kings","Deccan Chargers",39,3,36,6.5,0,1,1,"Under 40","3+"
"392229","2009-05-17",2009,"New Wanderers Stadium","Johannesburg","Deccan Chargers","Punjab Kings",2,0,"Deccan Chargers","field","Punjab Kings","Deccan Chargers",46,2,36,7.66666666666667,1,0,1,"40-49","2"
"392230","2009-05-17",2009,"OUTsurance Oval","Bloemfontein","Delhi Capitals","Rajasthan Royals",1,1,"Delhi Capitals","bat","Delhi Capitals","Rajasthan Royals",35,2,36,5.83333333333333,1,1,0,"Under 40","2"
"392230","2009-05-17",2009,"OUTsurance Oval","Bloemfontein","Rajasthan Royals","Delhi Capitals",2,0,"Delhi Capitals","bat","Delhi Capitals","Rajasthan Royals",24,2,36,4,0,0,0,"Under 40","2"
"392231","2009-05-18",2009,"SuperSport Park","Centurion","Chennai Super Kings","Kolkata Knight Riders",1,1,"Chennai Super Kings","bat","Kolkata Knight Riders","Chennai Super Kings",54,0,36,9,1,0,0,"50-59","0"
"392231","2009-05-18",2009,"SuperSport Park","Centurion","Kolkata Knight Riders","Chennai Super Kings",2,0,"Chennai Super Kings","bat","Kolkata Knight Riders","Chennai Super Kings",56,1,36,9.33333333333333,0,1,0,"50-59","1"
"392232","2009-05-19",2009,"New Wanderers Stadium","Johannesburg","Delhi Capitals","Royal Challengers Bengaluru",1,1,"Delhi Capitals","bat","Royal Challengers Bengaluru","Delhi Capitals",37,3,36,6.16666666666667,1,0,0,"Under 40","3+"
"392232","2009-05-19",2009,"New Wanderers Stadium","Johannesburg","Royal Challengers Bengaluru","Delhi Capitals",2,0,"Delhi Capitals","bat","Royal Challengers Bengaluru","Delhi Capitals",27,1,36,4.5,0,1,0,"Under 40","1"
"392233","2009-05-20",2009,"Kingsmead","Durban","Rajasthan Royals","Kolkata Knight Riders",1,1,"Kolkata Knight Riders","field","Kolkata Knight Riders","Rajasthan Royals",46,4,36,7.66666666666667,0,0,1,"40-49","3+"
"392233","2009-05-20",2009,"Kingsmead","Durban","Kolkata Knight Riders","Rajasthan Royals",2,0,"Kolkata Knight Riders","field","Kolkata Knight Riders","Rajasthan Royals",29,3,36,4.83333333333333,1,1,1,"Under 40","3+"
"392234","2009-05-20",2009,"Kingsmead","Durban","Chennai Super Kings","Punjab Kings",1,1,"Chennai Super Kings","bat","Chennai Super Kings","Punjab Kings",50,1,36,8.33333333333333,1,1,0,"50-59","1"
"392234","2009-05-20",2009,"Kingsmead","Durban","Punjab Kings","Chennai Super Kings",2,0,"Chennai Super Kings","bat","Chennai Super Kings","Punjab Kings",29,1,36,4.83333333333333,0,0,0,"Under 40","1"
"392235","2009-05-21",2009,"SuperSport Park","Centurion","Mumbai Indians","Delhi Capitals",1,1,"Delhi Capitals","field","Delhi Capitals","Mumbai Indians",30,3,36,5,0,0,1,"Under 40","3+"
"392235","2009-05-21",2009,"SuperSport Park","Centurion","Delhi Capitals","Mumbai Indians",2,0,"Delhi Capitals","field","Delhi Capitals","Mumbai Indians",60,1,36,10,1,1,1,"60+","1"
"392236","2009-05-21",2009,"SuperSport Park","Centurion","Royal Challengers Bengaluru","Deccan Chargers",1,1,"Royal Challengers Bengaluru","bat","Royal Challengers Bengaluru","Deccan Chargers",33,1,36,5.5,1,1,0,"Under 40","1"
"392236","2009-05-21",2009,"SuperSport Park","Centurion","Deccan Chargers","Royal Challengers Bengaluru",2,0,"Royal Challengers Bengaluru","bat","Royal Challengers Bengaluru","Deccan Chargers",64,0,36,10.6666666666667,0,0,0,"60+","0"
"392237","2009-05-22",2009,"SuperSport Park","Centurion","Delhi Capitals","Deccan Chargers",1,1,"Deccan Chargers","field","Deccan Chargers","Delhi Capitals",49,2,36,8.16666666666667,0,0,1,"40-49","2"
"392237","2009-05-22",2009,"SuperSport Park","Centurion","Deccan Chargers","Delhi Capitals",2,0,"Deccan Chargers","field","Deccan Chargers","Delhi Capitals",84,1,36,14,1,1,1,"60+","1"
"392238","2009-05-23",2009,"New Wanderers Stadium","Johannesburg","Chennai Super Kings","Royal Challengers Bengaluru",1,1,"Royal Challengers Bengaluru","field","Royal Challengers Bengaluru","Chennai Super Kings",52,0,36,8.66666666666667,0,0,1,"50-59","0"
"392238","2009-05-23",2009,"New Wanderers Stadium","Johannesburg","Royal Challengers Bengaluru","Chennai Super Kings",2,0,"Royal Challengers Bengaluru","field","Royal Challengers Bengaluru","Chennai Super Kings",59,2,36,9.83333333333333,1,1,1,"50-59","2"
"392239","2009-05-24",2009,"New Wanderers Stadium","Johannesburg","Deccan Chargers","Royal Challengers Bengaluru",1,1,"Royal Challengers Bengaluru","field","Deccan Chargers","Royal Challengers Bengaluru",31,2,36,5.16666666666667,0,1,1,"Under 40","2"
"392239","2009-05-24",2009,"New Wanderers Stadium","Johannesburg","Royal Challengers Bengaluru","Deccan Chargers",2,0,"Royal Challengers Bengaluru","field","Deccan Chargers","Royal Challengers Bengaluru",36,1,36,6,1,0,1,"Under 40","1"
"419106","2010-03-12",2009,"Dr DY Patil Sports Academy","Mumbai","Kolkata Knight Riders","Deccan Chargers",1,1,"Deccan Chargers","field","Kolkata Knight Riders","Deccan Chargers",38,4,36,6.33333333333333,0,1,1,"Under 40","3+"
"419106","2010-03-12",2009,"Dr DY Patil Sports Academy","Mumbai","Deccan Chargers","Kolkata Knight Riders",2,0,"Deccan Chargers","field","Kolkata Knight Riders","Deccan Chargers",62,1,36,10.3333333333333,1,0,1,"60+","1"
"419107","2010-03-13",2009,"Brabourne Stadium","Mumbai","Mumbai Indians","Rajasthan Royals",1,1,"Mumbai Indians","bat","Mumbai Indians","Rajasthan Royals",69,1,36,11.5,1,1,0,"60+","1"
"419107","2010-03-13",2009,"Brabourne Stadium","Mumbai","Rajasthan Royals","Mumbai Indians",2,0,"Mumbai Indians","bat","Mumbai Indians","Rajasthan Royals",39,2,36,6.5,0,0,0,"Under 40","2"
"419108","2010-03-13",2009,"Punjab Cricket Association Stadium, Mohali","Chandigarh","Punjab Kings","Delhi Capitals",1,1,"Delhi Capitals","field","Delhi Capitals","Punjab Kings",44,3,36,7.33333333333333,0,0,1,"40-49","3+"
"419108","2010-03-13",2009,"Punjab Cricket Association Stadium, Mohali","Chandigarh","Delhi Capitals","Punjab Kings",2,0,"Delhi Capitals","field","Delhi Capitals","Punjab Kings",39,2,36,6.5,1,1,1,"Under 40","2"
"419109","2010-03-14",2009,"Eden Gardens","Kolkata","Royal Challengers Bengaluru","Kolkata Knight Riders",1,1,"Kolkata Knight Riders","field","Kolkata Knight Riders","Royal Challengers Bengaluru",24,3,36,4,0,0,1,"Under 40","3+"
"419109","2010-03-14",2009,"Eden Gardens","Kolkata","Kolkata Knight Riders","Royal Challengers Bengaluru",2,0,"Kolkata Knight Riders","field","Kolkata Knight Riders","Royal Challengers Bengaluru",61,0,36,10.1666666666667,1,1,1,"60+","0"
"419110","2010-03-14",2009,"MA Chidambaram Stadium, Chepauk","Chennai","Deccan Chargers","Chennai Super Kings",1,1,"Deccan Chargers","bat","Deccan Chargers","Chennai Super Kings",57,2,36,9.5,1,1,0,"50-59","2"
"419110","2010-03-14",2009,"MA Chidambaram Stadium, Chepauk","Chennai","Chennai Super Kings","Deccan Chargers",2,0,"Deccan Chargers","bat","Deccan Chargers","Chennai Super Kings",34,4,36,5.66666666666667,0,0,0,"Under 40","3+"
"419111","2010-03-15",2009,"Sardar Patel Stadium, Motera","Ahmedabad","Rajasthan Royals","Delhi Capitals",1,1,"Delhi Capitals","field","Delhi Capitals","Rajasthan Royals",47,3,36,7.83333333333333,0,0,1,"40-49","3+"
"419111","2010-03-15",2009,"Sardar Patel Stadium, Motera","Ahmedabad","Delhi Capitals","Rajasthan Royals",2,0,"Delhi Capitals","field","Delhi Capitals","Rajasthan Royals",60,2,36,10,1,1,1,"60+","2"
"419112","2010-03-16",2009,"M Chinnaswamy Stadium","Bangalore","Punjab Kings","Royal Challengers Bengaluru",1,1,"Punjab Kings","bat","Royal Challengers Bengaluru","Punjab Kings",50,0,36,8.33333333333333,1,0,0,"50-59","0"
"419112","2010-03-16",2009,"M Chinnaswamy Stadium","Bangalore","Royal Challengers Bengaluru","Punjab Kings",2,0,"Punjab Kings","bat","Royal Challengers Bengaluru","Punjab Kings",61,0,36,10.1666666666667,0,1,0,"60+","0"
"419113","2010-03-16",2009,"Eden Gardens","Kolkata","Chennai Super Kings","Kolkata Knight Riders",1,1,"Chennai Super Kings","bat","Chennai Super Kings","Kolkata Knight Riders",31,1,36,5.16666666666667,1,1,0,"Under 40","1"
"419113","2010-03-16",2009,"Eden Gardens","Kolkata","Kolkata Knight Riders","Chennai Super Kings",2,0,"Chennai Super Kings","bat","Chennai Super Kings","Kolkata Knight Riders",45,3,36,7.5,0,0,0,"40-49","3+"
"419114","2010-03-17",2009,"Feroz Shah Kotla","Delhi","Mumbai Indians","Delhi Capitals",1,1,"Delhi Capitals","field","Mumbai Indians","Delhi Capitals",67,1,36,11.1666666666667,0,1,1,"60+","1"
"419114","2010-03-17",2009,"Feroz Shah Kotla","Delhi","Delhi Capitals","Mumbai Indians",2,0,"Delhi Capitals","field","Mumbai Indians","Delhi Capitals",56,1,36,9.33333333333333,1,0,1,"50-59","1"
"419115","2010-03-18",2009,"M Chinnaswamy Stadium","Bangalore","Rajasthan Royals","Royal Challengers Bengaluru",1,1,"Royal Challengers Bengaluru","field","Royal Challengers Bengaluru","Rajasthan Royals",31,1,36,5.16666666666667,0,0,1,"Under 40","1"
"419115","2010-03-18",2009,"M Chinnaswamy Stadium","Bangalore","Royal Challengers Bengaluru","Rajasthan Royals",2,0,"Royal Challengers Bengaluru","field","Royal Challengers Bengaluru","Rajasthan Royals",59,0,36,9.83333333333333,1,1,1,"50-59","0"
"419116","2010-03-19",2009,"Feroz Shah Kotla","Delhi","Delhi Capitals","Chennai Super Kings",1,1,"Delhi Capitals","bat","Chennai Super Kings","Delhi Capitals",52,1,36,8.66666666666667,1,0,0,"50-59","1"
"419116","2010-03-19",2009,"Feroz Shah Kotla","Delhi","Chennai Super Kings","Delhi Capitals",2,0,"Delhi Capitals","bat","Chennai Super Kings","Delhi Capitals",56,1,36,9.33333333333333,0,1,0,"50-59","1"
"419117","2010-03-19",2009,"Barabati Stadium","Cuttack","Deccan Chargers","Punjab Kings",1,1,"Punjab Kings","field","Deccan Chargers","Punjab Kings",56,1,36,9.33333333333333,0,1,1,"50-59","1"
"419117","2010-03-19",2009,"Barabati Stadium","Cuttack","Punjab Kings","Deccan Chargers",2,0,"Punjab Kings","field","Deccan Chargers","Punjab Kings",27,3,36,4.5,1,0,1,"Under 40","3+"
"419118","2010-03-20",2009,"Sardar Patel Stadium, Motera","Ahmedabad","Rajasthan Royals","Kolkata Knight Riders",1,1,"Rajasthan Royals","bat","Rajasthan Royals","Kolkata Knight Riders",56,2,36,9.33333333333333,1,1,0,"50-59","2"
"419118","2010-03-20",2009,"Sardar Patel Stadium, Motera","Ahmedabad","Kolkata Knight Riders","Rajasthan Royals",2,0,"Rajasthan Royals","bat","Rajasthan Royals","Kolkata Knight Riders",38,1,36,6.33333333333333,0,0,0,"Under 40","1"
"419119","2010-03-20",2009,"Brabourne Stadium","Mumbai","Mumbai Indians","Royal Challengers Bengaluru",1,1,"Mumbai Indians","bat","Royal Challengers Bengaluru","Mumbai Indians",45,2,36,7.5,1,0,0,"40-49","2"
"419119","2010-03-20",2009,"Brabourne Stadium","Mumbai","Royal Challengers Bengaluru","Mumbai Indians",2,0,"Mumbai Indians","bat","Royal Challengers Bengaluru","Mumbai Indians",55,0,36,9.16666666666667,0,1,0,"50-59","0"
"419120","2010-03-21",2009,"Barabati Stadium","Cuttack","Deccan Chargers","Delhi Capitals",1,1,"Deccan Chargers","bat","Deccan Chargers","Delhi Capitals",47,2,36,7.83333333333333,1,1,0,"40-49","2"
"419120","2010-03-21",2009,"Barabati Stadium","Cuttack","Delhi Capitals","Deccan Chargers",2,0,"Deccan Chargers","bat","Deccan Chargers","Delhi Capitals",48,1,36,8,0,0,0,"40-49","1"
"419121","2010-03-21",2009,"MA Chidambaram Stadium, Chepauk","Chennai","Punjab Kings","Chennai Super Kings",1,1,"Chennai Super Kings","field","Punjab Kings","Chennai Super Kings",38,1,36,6.33333333333333,0,1,1,"Under 40","1"
"419121","2010-03-21",2009,"MA Chidambaram Stadium, Chepauk","Chennai","Chennai Super Kings","Punjab Kings",2,0,"Chennai Super Kings","field","Punjab Kings","Chennai Super Kings",42,0,36,7,1,0,1,"40-49","0"
"419122","2010-03-22",2009,"Brabourne Stadium","Mumbai","Kolkata Knight Riders","Mumbai Indians",1,1,"Kolkata Knight Riders","bat","Mumbai Indians","Kolkata Knight Riders",41,0,36,6.83333333333333,1,0,0,"40-49","0"
"419122","2010-03-22",2009,"Brabourne Stadium","Mumbai","Mumbai Indians","Kolkata Knight Riders",2,0,"Kolkata Knight Riders","bat","Mumbai Indians","Kolkata Knight Riders",57,0,36,9.5,0,1,0,"50-59","0"
"419123","2010-03-23",2009,"M Chinnaswamy Stadium","Bangalore","Royal Challengers Bengaluru","Chennai Super Kings",1,1,"Chennai Super Kings","field","Royal Challengers Bengaluru","Chennai Super Kings",38,1,36,6.33333333333333,0,1,1,"Under 40","1"
"419123","2010-03-23",2009,"M Chinnaswamy Stadium","Bangalore","Chennai Super Kings","Royal Challengers Bengaluru",2,0,"Chennai Super Kings","field","Royal Challengers Bengaluru","Chennai Super Kings",29,1,36,4.83333333333333,1,0,1,"Under 40","1"
"419124","2010-03-24",2009,"Punjab Cricket Association Stadium, Mohali","Chandigarh","Rajasthan Royals","Punjab Kings",1,1,"Punjab Kings","field","Rajasthan Royals","Punjab Kings",53,1,36,8.83333333333333,0,1,1,"50-59","1"
"419124","2010-03-24",2009,"Punjab Cricket Association Stadium, Mohali","Chandigarh","Punjab Kings","Rajasthan Royals",2,0,"Punjab Kings","field","Rajasthan Royals","Punjab Kings",76,1,36,12.6666666666667,1,0,1,"60+","1"
"419125","2010-03-25",2009,"Brabourne Stadium, Mumbai","Mumbai","Chennai Super Kings","Mumbai Indians",1,1,"Mumbai Indians","field","Mumbai Indians","Chennai Super Kings",51,2,36,8.5,0,0,1,"50-59","2"
"419125","2010-03-25",2009,"Brabourne Stadium, Mumbai","Mumbai","Mumbai Indians","Chennai Super Kings",2,0,"Mumbai Indians","field","Mumbai Indians","Chennai Super Kings",63,0,36,10.5,1,1,1,"60+","0"
"419128","2010-03-25",2009,"M Chinnaswamy Stadium","Bangalore","Delhi Capitals","Royal Challengers Bengaluru",1,1,"Royal Challengers Bengaluru","field","Delhi Capitals","Royal Challengers Bengaluru",64,2,36,10.6666666666667,0,1,1,"60+","2"
"419128","2010-03-25",2009,"M Chinnaswamy Stadium","Bangalore","Royal Challengers Bengaluru","Delhi Capitals",2,0,"Royal Challengers Bengaluru","field","Delhi Capitals","Royal Challengers Bengaluru",46,0,36,7.66666666666667,1,0,1,"40-49","0"
"419126","2010-03-26",2009,"Sardar Patel Stadium, Motera","Ahmedabad","Deccan Chargers","Rajasthan Royals",1,1,"Deccan Chargers","bat","Rajasthan Royals","Deccan Chargers",55,2,36,9.16666666666667,1,0,0,"50-59","2"
"419126","2010-03-26",2009,"Sardar Patel Stadium, Motera","Ahmedabad","Rajasthan Royals","Deccan Chargers",2,0,"Deccan Chargers","bat","Rajasthan Royals","Deccan Chargers",54,0,36,9,0,1,0,"50-59","0"
"419127","2010-03-27",2009,"Punjab Cricket Association Stadium, Mohali","Chandigarh","Kolkata Knight Riders","Punjab Kings",1,1,"Kolkata Knight Riders","bat","Kolkata Knight Riders","Punjab Kings",50,2,36,8.33333333333333,1,1,0,"50-59","2"
"419127","2010-03-27",2009,"Punjab Cricket Association Stadium, Mohali","Chandigarh","Punjab Kings","Kolkata Knight Riders",2,0,"Kolkata Knight Riders","bat","Kolkata Knight Riders","Punjab Kings",42,2,36,7,0,0,0,"40-49","2"
"419129","2010-03-28",2009,"Sardar Patel Stadium, Motera","Ahmedabad","Rajasthan Royals","Chennai Super Kings",1,1,"Rajasthan Royals","bat","Rajasthan Royals","Chennai Super Kings",58,1,36,9.66666666666667,1,1,0,"50-59","1"
"419129","2010-03-28",2009,"Sardar Patel Stadium, Motera","Ahmedabad","Chennai Super Kings","Rajasthan Royals",2,0,"Rajasthan Royals","bat","Rajasthan Royals","Chennai Super Kings",58,1,36,9.66666666666667,0,0,0,"50-59","1"
"419130","2010-03-28",2009,"Dr DY Patil Sports Academy","Mumbai","Mumbai Indians","Deccan Chargers",1,1,"Deccan Chargers","field","Mumbai Indians","Deccan Chargers",52,1,36,8.66666666666667,0,1,1,"50-59","1"
"419130","2010-03-28",2009,"Dr DY Patil Sports Academy","Mumbai","Deccan Chargers","Mumbai Indians",2,0,"Deccan Chargers","field","Mumbai Indians","Deccan Chargers",50,4,36,8.33333333333333,1,0,1,"50-59","3+"
"419131","2010-03-29",2009,"Feroz Shah Kotla","Delhi","Delhi Capitals","Kolkata Knight Riders",1,1,"Delhi Capitals","bat","Delhi Capitals","Kolkata Knight Riders",62,3,36,10.3333333333333,1,1,0,"60+","3+"
"419131","2010-03-29",2009,"Feroz Shah Kotla","Delhi","Kolkata Knight Riders","Delhi Capitals",2,0,"Delhi Capitals","bat","Delhi Capitals","Kolkata Knight Riders",36,3,36,6,0,0,0,"Under 40","3+"
"419132","2010-03-30",2009,"Brabourne Stadium","Mumbai","Punjab Kings","Mumbai Indians",1,1,"Mumbai Indians","field","Mumbai Indians","Punjab Kings",48,2,36,8,0,0,1,"40-49","2"
"419132","2010-03-30",2009,"Brabourne Stadium","Mumbai","Mumbai Indians","Punjab Kings",2,0,"Mumbai Indians","field","Mumbai Indians","Punjab Kings",45,1,36,7.5,1,1,1,"40-49","1"
"419133","2010-03-31",2009,"MA Chidambaram Stadium, Chepauk","Chennai","Royal Challengers Bengaluru","Chennai Super Kings",1,1,"Royal Challengers Bengaluru","bat","Chennai Super Kings","Royal Challengers Bengaluru",52,1,36,8.66666666666667,1,0,0,"50-59","1"
"419133","2010-03-31",2009,"MA Chidambaram Stadium, Chepauk","Chennai","Chennai Super Kings","Royal Challengers Bengaluru",2,0,"Royal Challengers Bengaluru","bat","Chennai Super Kings","Royal Challengers Bengaluru",56,0,36,9.33333333333333,0,1,0,"50-59","0"
"419134","2010-03-31",2009,"Feroz Shah Kotla","Delhi","Delhi Capitals","Rajasthan Royals",1,1,"Delhi Capitals","bat","Delhi Capitals","Rajasthan Royals",52,3,36,8.66666666666667,1,1,0,"50-59","3+"
"419134","2010-03-31",2009,"Feroz Shah Kotla","Delhi","Rajasthan Royals","Delhi Capitals",2,0,"Delhi Capitals","bat","Delhi Capitals","Rajasthan Royals",39,4,36,6.5,0,0,0,"Under 40","3+"
"419135","2010-04-01",2009,"Eden Gardens","Kolkata","Kolkata Knight Riders","Deccan Chargers",1,1,"Kolkata Knight Riders","bat","Kolkata Knight Riders","Deccan Chargers",46,2,36,7.66666666666667,1,1,0,"40-49","2"
"419135","2010-04-01",2009,"Eden Gardens","Kolkata","Deccan Chargers","Kolkata Knight Riders",2,0,"Kolkata Knight Riders","bat","Kolkata Knight Riders","Deccan Chargers",59,1,36,9.83333333333333,0,0,0,"50-59","1"
"419136","2010-04-02",2009,"Punjab Cricket Association Stadium, Mohali","Chandigarh","Punjab Kings","Royal Challengers Bengaluru",1,1,"Punjab Kings","bat","Royal Challengers Bengaluru","Punjab Kings",41,1,36,6.83333333333333,1,0,0,"40-49","1"
"419136","2010-04-02",2009,"Punjab Cricket Association Stadium, Mohali","Chandigarh","Royal Challengers Bengaluru","Punjab Kings",2,0,"Punjab Kings","bat","Royal Challengers Bengaluru","Punjab Kings",51,1,36,8.5,0,1,0,"50-59","1"
"419137","2010-04-03",2009,"MA Chidambaram Stadium, Chepauk","Chennai","Chennai Super Kings","Rajasthan Royals",1,1,"Chennai Super Kings","bat","Chennai Super Kings","Rajasthan Royals",66,1,36,11,1,1,0,"60+","1"
"419137","2010-04-03",2009,"MA Chidambaram Stadium, Chepauk","Chennai","Rajasthan Royals","Chennai Super Kings",2,0,"Chennai Super Kings","bat","Chennai Super Kings","Rajasthan Royals",62,0,36,10.3333333333333,0,0,0,"60+","0"
"419138","2010-04-03",2009,"Brabourne Stadium","Mumbai","Mumbai Indians","Deccan Chargers",1,1,"Mumbai Indians","bat","Mumbai Indians","Deccan Chargers",53,0,36,8.83333333333333,1,1,0,"50-59","0"
"419138","2010-04-03",2009,"Brabourne Stadium","Mumbai","Deccan Chargers","Mumbai Indians",2,0,"Mumbai Indians","bat","Mumbai Indians","Deccan Chargers",40,2,36,6.66666666666667,0,0,0,"40-49","2"
"419139","2010-04-04",2009,"Eden Gardens","Kolkata","Kolkata Knight Riders","Punjab Kings",1,1,"Kolkata Knight Riders","bat","Punjab Kings","Kolkata Knight Riders",53,0,36,8.83333333333333,1,0,0,"50-59","0"
"419139","2010-04-04",2009,"Eden Gardens","Kolkata","Punjab Kings","Kolkata Knight Riders",2,0,"Kolkata Knight Riders","bat","Punjab Kings","Kolkata Knight Riders",69,1,36,11.5,0,1,0,"60+","1"
"419140","2010-04-04",2009,"Feroz Shah Kotla","Delhi","Delhi Capitals","Royal Challengers Bengaluru",1,1,"Delhi Capitals","bat","Delhi Capitals","Royal Challengers Bengaluru",54,2,36,9,1,1,0,"50-59","2"
"419140","2010-04-04",2009,"Feroz Shah Kotla","Delhi","Royal Challengers Bengaluru","Delhi Capitals",2,0,"Delhi Capitals","bat","Delhi Capitals","Royal Challengers Bengaluru",38,1,36,6.33333333333333,0,0,0,"Under 40","1"
"419141","2010-04-05",2009,"Vidarbha Cricket Association Stadium, Jamtha","Nagpur","Rajasthan Royals","Deccan Chargers",1,1,"Rajasthan Royals","bat","Rajasthan Royals","Deccan Chargers",48,2,36,8,1,1,0,"40-49","2"
"419141","2010-04-05",2009,"Vidarbha Cricket Association Stadium, Jamtha","Nagpur","Deccan Chargers","Rajasthan Royals",2,0,"Rajasthan Royals","bat","Rajasthan Royals","Deccan Chargers",52,2,36,8.66666666666667,0,0,0,"50-59","2"
"419142","2010-04-06",2009,"MA Chidambaram Stadium, Chepauk","Chennai","Chennai Super Kings","Mumbai Indians",1,1,"Chennai Super Kings","bat","Chennai Super Kings","Mumbai Indians",42,1,36,7,1,1,0,"40-49","1"
"419142","2010-04-06",2009,"MA Chidambaram Stadium, Chepauk","Chennai","Mumbai Indians","Chennai Super Kings",2,0,"Chennai Super Kings","bat","Chennai Super Kings","Mumbai Indians",46,0,36,7.66666666666667,0,0,0,"40-49","0"
"419143","2010-04-07",2009,"Sawai Mansingh Stadium","Jaipur","Punjab Kings","Rajasthan Royals",1,1,"Punjab Kings","bat","Rajasthan Royals","Punjab Kings",52,1,36,8.66666666666667,1,0,0,"50-59","1"
"419143","2010-04-07",2009,"Sawai Mansingh Stadium","Jaipur","Rajasthan Royals","Punjab Kings",2,0,"Punjab Kings","bat","Rajasthan Royals","Punjab Kings",70,0,36,11.6666666666667,0,1,0,"60+","0"
"419144","2010-04-07",2009,"Eden Gardens","Kolkata","Kolkata Knight Riders","Delhi Capitals",1,1,"Kolkata Knight Riders","bat","Kolkata Knight Riders","Delhi Capitals",50,0,36,8.33333333333333,1,1,0,"50-59","0"
"419144","2010-04-07",2009,"Eden Gardens","Kolkata","Delhi Capitals","Kolkata Knight Riders",2,0,"Kolkata Knight Riders","bat","Kolkata Knight Riders","Delhi Capitals",44,1,36,7.33333333333333,0,0,0,"40-49","1"
"419145","2010-04-08",2009,"M Chinnaswamy Stadium","Bangalore","Royal Challengers Bengaluru","Deccan Chargers",1,1,"Deccan Chargers","field","Deccan Chargers","Royal Challengers Bengaluru",46,1,36,7.66666666666667,0,0,1,"40-49","1"
"419145","2010-04-08",2009,"M Chinnaswamy Stadium","Bangalore","Deccan Chargers","Royal Challengers Bengaluru",2,0,"Deccan Chargers","field","Deccan Chargers","Royal Challengers Bengaluru",32,1,36,5.33333333333333,1,1,1,"Under 40","1"
"419146","2010-04-09",2009,"Punjab Cricket Association Stadium, Mohali","Chandigarh","Mumbai Indians","Punjab Kings",1,1,"Mumbai Indians","bat","Punjab Kings","Mumbai Indians",51,2,36,8.5,1,0,0,"50-59","2"
"419146","2010-04-09",2009,"Punjab Cricket Association Stadium, Mohali","Chandigarh","Punjab Kings","Mumbai Indians",2,0,"Mumbai Indians","bat","Punjab Kings","Mumbai Indians",56,1,36,9.33333333333333,0,1,0,"50-59","1"
"419147","2010-04-10",2009,"Vidarbha Cricket Association Stadium, Jamtha","Nagpur","Chennai Super Kings","Deccan Chargers",1,1,"Chennai Super Kings","bat","Deccan Chargers","Chennai Super Kings",55,1,36,9.16666666666667,1,0,0,"50-59","1"
"419147","2010-04-10",2009,"Vidarbha Cricket Association Stadium, Jamtha","Nagpur","Deccan Chargers","Chennai Super Kings",2,0,"Chennai Super Kings","bat","Deccan Chargers","Chennai Super Kings",37,2,36,6.16666666666667,0,1,0,"Under 40","2"
"419148","2010-04-10",2009,"M Chinnaswamy Stadium","Bangalore","Kolkata Knight Riders","Royal Challengers Bengaluru",1,1,"Royal Challengers Bengaluru","field","Royal Challengers Bengaluru","Kolkata Knight Riders",61,1,36,10.1666666666667,0,0,1,"60+","1"
"419148","2010-04-10",2009,"M Chinnaswamy Stadium","Bangalore","Royal Challengers Bengaluru","Kolkata Knight Riders",2,0,"Royal Challengers Bengaluru","field","Royal Challengers Bengaluru","Kolkata Knight Riders",48,1,36,8,1,1,1,"40-49","1"
"419149","2010-04-11",2009,"Feroz Shah Kotla","Delhi","Delhi Capitals","Punjab Kings",1,1,"Delhi Capitals","bat","Punjab Kings","Delhi Capitals",45,3,36,7.5,1,0,0,"40-49","3+"
"419149","2010-04-11",2009,"Feroz Shah Kotla","Delhi","Punjab Kings","Delhi Capitals",2,0,"Delhi Capitals","bat","Punjab Kings","Delhi Capitals",39,0,36,6.5,0,1,0,"Under 40","0"
"419150","2010-04-11",2009,"Sawai Mansingh Stadium","Jaipur","Mumbai Indians","Rajasthan Royals",1,1,"Rajasthan Royals","field","Mumbai Indians","Rajasthan Royals",47,3,36,7.83333333333333,0,1,1,"40-49","3+"
"419150","2010-04-11",2009,"Sawai Mansingh Stadium","Jaipur","Rajasthan Royals","Mumbai Indians",2,0,"Rajasthan Royals","field","Mumbai Indians","Rajasthan Royals",34,3,36,5.66666666666667,1,0,1,"Under 40","3+"
"419151","2010-04-12",2009,"Vidarbha Cricket Association Stadium, Jamtha","Nagpur","Deccan Chargers","Royal Challengers Bengaluru",1,1,"Royal Challengers Bengaluru","field","Deccan Chargers","Royal Challengers Bengaluru",35,3,36,5.83333333333333,0,1,1,"Under 40","3+"
"419151","2010-04-12",2009,"Vidarbha Cricket Association Stadium, Jamtha","Nagpur","Royal Challengers Bengaluru","Deccan Chargers",2,0,"Royal Challengers Bengaluru","field","Deccan Chargers","Royal Challengers Bengaluru",38,1,36,6.33333333333333,1,0,1,"Under 40","1"
"419152","2010-04-13",2009,"Brabourne Stadium","Mumbai","Mumbai Indians","Delhi Capitals",1,1,"Mumbai Indians","bat","Mumbai Indians","Delhi Capitals",44,1,36,7.33333333333333,1,1,0,"40-49","1"
"419152","2010-04-13",2009,"Brabourne Stadium","Mumbai","Delhi Capitals","Mumbai Indians",2,0,"Mumbai Indians","bat","Mumbai Indians","Delhi Capitals",69,1,36,11.5,0,0,0,"60+","1"
"419153","2010-04-13",2009,"MA Chidambaram Stadium, Chepauk","Chennai","Kolkata Knight Riders","Chennai Super Kings",1,1,"Kolkata Knight Riders","bat","Chennai Super Kings","Kolkata Knight Riders",22,4,36,3.66666666666667,1,0,0,"Under 40","3+"
"419153","2010-04-13",2009,"MA Chidambaram Stadium, Chepauk","Chennai","Chennai Super Kings","Kolkata Knight Riders",2,0,"Kolkata Knight Riders","bat","Chennai Super Kings","Kolkata Knight Riders",67,1,36,11.1666666666667,0,1,0,"60+","1"
"419154","2010-04-14",2009,"Sawai Mansingh Stadium","Jaipur","Rajasthan Royals","Royal Challengers Bengaluru",1,1,"Rajasthan Royals","bat","Royal Challengers Bengaluru","Rajasthan Royals",30,3,36,5,1,0,0,"Under 40","3+"
"419154","2010-04-14",2009,"Sawai Mansingh Stadium","Jaipur","Royal Challengers Bengaluru","Rajasthan Royals",2,0,"Rajasthan Royals","bat","Royal Challengers Bengaluru","Rajasthan Royals",59,2,36,9.83333333333333,0,1,0,"50-59","2"
"419155","2010-04-15",2009,"MA Chidambaram Stadium, Chepauk","Chennai","Chennai Super Kings","Delhi Capitals",1,1,"Chennai Super Kings","bat","Delhi Capitals","Chennai Super Kings",39,3,36,6.5,1,0,0,"Under 40","3+"
"419155","2010-04-15",2009,"MA Chidambaram Stadium, Chepauk","Chennai","Delhi Capitals","Chennai Super Kings",2,0,"Chennai Super Kings","bat","Delhi Capitals","Chennai Super Kings",33,3,36,5.5,0,1,0,"Under 40","3+"
"419156","2010-04-16",2009,"Himachal Pradesh Cricket Association Stadium","Dharamsala","Punjab Kings","Deccan Chargers",1,1,"Deccan Chargers","field","Deccan Chargers","Punjab Kings",43,1,36,7.16666666666667,0,0,1,"40-49","1"
"419156","2010-04-16",2009,"Himachal Pradesh Cricket Association Stadium","Dharamsala","Deccan Chargers","Punjab Kings",2,0,"Deccan Chargers","field","Deccan Chargers","Punjab Kings",45,1,36,7.5,1,1,1,"40-49","1"
"419157","2010-04-17",2009,"M Chinnaswamy Stadium","Bangalore","Mumbai Indians","Royal Challengers Bengaluru",1,1,"Royal Challengers Bengaluru","field","Mumbai Indians","Royal Challengers Bengaluru",34,1,36,5.66666666666667,0,1,1,"Under 40","1"
"419157","2010-04-17",2009,"M Chinnaswamy Stadium","Bangalore","Royal Challengers Bengaluru","Mumbai Indians",2,0,"Royal Challengers Bengaluru","field","Mumbai Indians","Royal Challengers Bengaluru",34,2,36,5.66666666666667,1,0,1,"Under 40","2"
"419158","2010-04-17",2009,"Eden Gardens","Kolkata","Rajasthan Royals","Kolkata Knight Riders",1,1,"Rajasthan Royals","bat","Kolkata Knight Riders","Rajasthan Royals",46,0,36,7.66666666666667,1,0,0,"40-49","0"
"419158","2010-04-17",2009,"Eden Gardens","Kolkata","Kolkata Knight Riders","Rajasthan Royals",2,0,"Rajasthan Royals","bat","Kolkata Knight Riders","Rajasthan Royals",42,2,36,7,0,1,0,"40-49","2"
"419159","2010-04-18",2009,"Himachal Pradesh Cricket Association Stadium","Dharamsala","Punjab Kings","Chennai Super Kings",1,1,"Chennai Super Kings","field","Chennai Super Kings","Punjab Kings",49,1,36,8.16666666666667,0,0,1,"40-49","1"
"419159","2010-04-18",2009,"Himachal Pradesh Cricket Association Stadium","Dharamsala","Chennai Super Kings","Punjab Kings",2,0,"Chennai Super Kings","field","Chennai Super Kings","Punjab Kings",49,2,36,8.16666666666667,1,1,1,"40-49","2"
"419160","2010-04-18",2009,"Feroz Shah Kotla","Delhi","Deccan Chargers","Delhi Capitals",1,1,"Deccan Chargers","bat","Deccan Chargers","Delhi Capitals",38,2,36,6.33333333333333,1,1,0,"Under 40","2"
"419160","2010-04-18",2009,"Feroz Shah Kotla","Delhi","Delhi Capitals","Deccan Chargers",2,0,"Deccan Chargers","bat","Deccan Chargers","Delhi Capitals",39,3,36,6.5,0,0,0,"Under 40","3+"
"419161","2010-04-19",2009,"Eden Gardens","Kolkata","Mumbai Indians","Kolkata Knight Riders",1,1,"Mumbai Indians","bat","Kolkata Knight Riders","Mumbai Indians",42,2,36,7,1,0,0,"40-49","2"
"419161","2010-04-19",2009,"Eden Gardens","Kolkata","Kolkata Knight Riders","Mumbai Indians",2,0,"Mumbai Indians","bat","Kolkata Knight Riders","Mumbai Indians",44,0,36,7.33333333333333,0,1,0,"40-49","0"
"419162","2010-04-21",2009,"Dr DY Patil Sports Academy","Mumbai","Mumbai Indians","Royal Challengers Bengaluru",1,1,"Mumbai Indians","bat","Mumbai Indians","Royal Challengers Bengaluru",54,2,36,9,1,1,0,"50-59","2"
"419162","2010-04-21",2009,"Dr DY Patil Sports Academy","Mumbai","Royal Challengers Bengaluru","Mumbai Indians",2,0,"Mumbai Indians","bat","Mumbai Indians","Royal Challengers Bengaluru",44,1,36,7.33333333333333,0,0,0,"40-49","1"
"419163","2010-04-22",2009,"Dr DY Patil Sports Academy","Mumbai","Chennai Super Kings","Deccan Chargers",1,1,"Chennai Super Kings","bat","Chennai Super Kings","Deccan Chargers",39,3,36,6.5,1,1,0,"Under 40","3+"
"419163","2010-04-22",2009,"Dr DY Patil Sports Academy","Mumbai","Deccan Chargers","Chennai Super Kings",2,0,"Chennai Super Kings","bat","Chennai Super Kings","Deccan Chargers",23,2,36,3.83333333333333,0,0,0,"Under 40","2"
"419164","2010-04-24",2009,"Dr DY Patil Sports Academy","Mumbai","Deccan Chargers","Royal Challengers Bengaluru",1,1,"Deccan Chargers","bat","Royal Challengers Bengaluru","Deccan Chargers",27,3,36,4.5,1,0,0,"Under 40","3+"
"419164","2010-04-24",2009,"Dr DY Patil Sports Academy","Mumbai","Royal Challengers Bengaluru","Deccan Chargers",2,0,"Deccan Chargers","bat","Royal Challengers Bengaluru","Deccan Chargers",33,0,36,5.5,0,1,0,"Under 40","0"
"419165","2010-04-25",2009,"Dr DY Patil Sports Academy","Mumbai","Chennai Super Kings","Mumbai Indians",1,1,"Chennai Super Kings","bat","Chennai Super Kings","Mumbai Indians",40,0,36,6.66666666666667,1,1,0,"40-49","0"
"419165","2010-04-25",2009,"Dr DY Patil Sports Academy","Mumbai","Mumbai Indians","Chennai Super Kings",2,0,"Chennai Super Kings","bat","Chennai Super Kings","Mumbai Indians",33,1,36,5.5,0,0,0,"Under 40","1"
"501198","2011-04-08",2011,"MA Chidambaram Stadium, Chepauk","Chennai","Chennai Super Kings","Kolkata Knight Riders",1,1,"Chennai Super Kings","bat","Chennai Super Kings","Kolkata Knight Riders",45,1,36,7.5,1,1,0,"40-49","1"
"501198","2011-04-08",2011,"MA Chidambaram Stadium, Chepauk","Chennai","Kolkata Knight Riders","Chennai Super Kings",2,0,"Chennai Super Kings","bat","Chennai Super Kings","Kolkata Knight Riders",52,0,36,8.66666666666667,0,0,0,"50-59","0"
"501199","2011-04-09",2011,"Rajiv Gandhi International Stadium, Uppal","Hyderabad","Deccan Chargers","Rajasthan Royals",1,1,"Rajasthan Royals","field","Rajasthan Royals","Deccan Chargers",44,2,36,7.33333333333333,0,0,1,"40-49","2"
"501199","2011-04-09",2011,"Rajiv Gandhi International Stadium, Uppal","Hyderabad","Rajasthan Royals","Deccan Chargers",2,0,"Rajasthan Royals","field","Rajasthan Royals","Deccan Chargers",31,1,36,5.16666666666667,1,1,1,"Under 40","1"
"501200","2011-04-09",2011,"Nehru Stadium","Kochi","Kochi Tuskers Kerala","Royal Challengers Bengaluru",1,1,"Kochi Tuskers Kerala","bat","Royal Challengers Bengaluru","Kochi Tuskers Kerala",61,0,36,10.1666666666667,1,0,0,"60+","0"
"501200","2011-04-09",2011,"Nehru Stadium","Kochi","Royal Challengers Bengaluru","Kochi Tuskers Kerala",2,0,"Kochi Tuskers Kerala","bat","Royal Challengers Bengaluru","Kochi Tuskers Kerala",48,2,36,8,0,1,0,"40-49","2"
"501201","2011-04-10",2011,"Feroz Shah Kotla","Delhi","Delhi Capitals","Mumbai Indians",1,1,"Delhi Capitals","bat","Mumbai Indians","Delhi Capitals",38,3,36,6.33333333333333,1,0,0,"Under 40","3+"
"501201","2011-04-10",2011,"Feroz Shah Kotla","Delhi","Mumbai Indians","Delhi Capitals",2,0,"Delhi Capitals","bat","Mumbai Indians","Delhi Capitals",31,1,36,5.16666666666667,0,1,0,"Under 40","1"
"501203","2011-04-11",2011,"Eden Gardens","Kolkata","Kolkata Knight Riders","Deccan Chargers",1,1,"Kolkata Knight Riders","bat","Kolkata Knight Riders","Deccan Chargers",46,0,36,7.66666666666667,1,1,0,"40-49","0"
"501203","2011-04-11",2011,"Eden Gardens","Kolkata","Deccan Chargers","Kolkata Knight Riders",2,0,"Kolkata Knight Riders","bat","Kolkata Knight Riders","Deccan Chargers",30,2,36,5,0,0,0,"Under 40","2"
"501204","2011-04-12",2011,"Sawai Mansingh Stadium","Jaipur","Delhi Capitals","Rajasthan Royals",1,1,"Delhi Capitals","bat","Rajasthan Royals","Delhi Capitals",30,2,36,5,1,0,0,"Under 40","2"
"501204","2011-04-12",2011,"Sawai Mansingh Stadium","Jaipur","Rajasthan Royals","Delhi Capitals",2,0,"Delhi Capitals","bat","Rajasthan Royals","Delhi Capitals",57,1,36,9.5,0,1,0,"50-59","1"
"501205","2011-04-12",2011,"M Chinnaswamy Stadium","Bangalore","Royal Challengers Bengaluru","Mumbai Indians",1,1,"Mumbai Indians","field","Mumbai Indians","Royal Challengers Bengaluru",24,2,36,4,0,0,1,"Under 40","2"
"501205","2011-04-12",2011,"M Chinnaswamy Stadium","Bangalore","Mumbai Indians","Royal Challengers Bengaluru",2,0,"Mumbai Indians","field","Mumbai Indians","Royal Challengers Bengaluru",40,1,36,6.66666666666667,1,1,1,"40-49","1"
"501206","2011-04-13",2011,"Punjab Cricket Association Stadium, Mohali","Chandigarh","Chennai Super Kings","Punjab Kings",1,1,"Punjab Kings","field","Punjab Kings","Chennai Super Kings",31,2,36,5.16666666666667,0,0,1,"Under 40","2"
"501206","2011-04-13",2011,"Punjab Cricket Association Stadium, Mohali","Chandigarh","Punjab Kings","Chennai Super Kings",2,0,"Punjab Kings","field","Punjab Kings","Chennai Super Kings",65,1,36,10.8333333333333,1,1,1,"60+","1"
"501207","2011-04-13",2011,"Dr DY Patil Sports Academy","Mumbai","Kochi Tuskers Kerala","Pune Warriors",1,1,"Kochi Tuskers Kerala","bat","Pune Warriors","Kochi Tuskers Kerala",37,4,36,6.16666666666667,1,0,0,"Under 40","3+"
"501207","2011-04-13",2011,"Dr DY Patil Sports Academy","Mumbai","Pune Warriors","Kochi Tuskers Kerala",2,0,"Kochi Tuskers Kerala","bat","Pune Warriors","Kochi Tuskers Kerala",44,1,36,7.33333333333333,0,1,0,"40-49","1"
"501208","2011-04-14",2011,"Rajiv Gandhi International Stadium, Uppal","Hyderabad","Deccan Chargers","Royal Challengers Bengaluru",1,1,"Royal Challengers Bengaluru","field","Deccan Chargers","Royal Challengers Bengaluru",41,1,36,6.83333333333333,0,1,1,"40-49","1"
"501208","2011-04-14",2011,"Rajiv Gandhi International Stadium, Uppal","Hyderabad","Royal Challengers Bengaluru","Deccan Chargers",2,0,"Royal Challengers Bengaluru","field","Deccan Chargers","Royal Challengers Bengaluru",28,3,36,4.66666666666667,1,0,1,"Under 40","3+"
"501209","2011-04-15",2011,"Sawai Mansingh Stadium","Jaipur","Rajasthan Royals","Kolkata Knight Riders",1,1,"Kolkata Knight Riders","field","Kolkata Knight Riders","Rajasthan Royals",31,1,36,5.16666666666667,0,0,1,"Under 40","1"
"501209","2011-04-15",2011,"Sawai Mansingh Stadium","Jaipur","Kolkata Knight Riders","Rajasthan Royals",2,0,"Kolkata Knight Riders","field","Kolkata Knight Riders","Rajasthan Royals",62,1,36,10.3333333333333,1,1,1,"60+","1"
"501210","2011-04-15",2011,"Wankhede Stadium","Mumbai","Mumbai Indians","Kochi Tuskers Kerala",1,1,"Kochi Tuskers Kerala","field","Kochi Tuskers Kerala","Mumbai Indians",44,0,36,7.33333333333333,0,0,1,"40-49","0"
"501210","2011-04-15",2011,"Wankhede Stadium","Mumbai","Kochi Tuskers Kerala","Mumbai Indians",2,0,"Kochi Tuskers Kerala","field","Kochi Tuskers Kerala","Mumbai Indians",50,0,36,8.33333333333333,1,1,1,"50-59","0"
"501211","2011-04-16",2011,"MA Chidambaram Stadium, Chepauk","Chennai","Chennai Super Kings","Royal Challengers Bengaluru",1,1,"Chennai Super Kings","bat","Chennai Super Kings","Royal Challengers Bengaluru",45,0,36,7.5,1,1,0,"40-49","0"
"501211","2011-04-16",2011,"MA Chidambaram Stadium, Chepauk","Chennai","Royal Challengers Bengaluru","Chennai Super Kings",2,0,"Chennai Super Kings","bat","Chennai Super Kings","Royal Challengers Bengaluru",33,3,36,5.5,0,0,0,"Under 40","3+"
"501212","2011-04-16",2011,"Rajiv Gandhi International Stadium, Uppal","Hyderabad","Deccan Chargers","Punjab Kings",1,1,"Punjab Kings","field","Punjab Kings","Deccan Chargers",48,1,36,8,0,0,1,"40-49","1"
"501212","2011-04-16",2011,"Rajiv Gandhi International Stadium, Uppal","Hyderabad","Punjab Kings","Deccan Chargers",2,0,"Punjab Kings","field","Punjab Kings","Deccan Chargers",62,0,36,10.3333333333333,1,1,1,"60+","0"
"501213","2011-04-17",2011,"Dr DY Patil Sports Academy","Mumbai","Pune Warriors","Delhi Capitals",1,1,"Delhi Capitals","field","Delhi Capitals","Pune Warriors",63,1,36,10.5,0,0,1,"60+","1"
"501213","2011-04-17",2011,"Dr DY Patil Sports Academy","Mumbai","Delhi Capitals","Pune Warriors",2,0,"Delhi Capitals","field","Delhi Capitals","Pune Warriors",67,0,36,11.1666666666667,1,1,1,"60+","0"
"501214","2011-04-17",2011,"Eden Gardens","Kolkata","Rajasthan Royals","Kolkata Knight Riders",1,1,"Kolkata Knight Riders","field","Kolkata Knight Riders","Rajasthan Royals",36,2,36,6,0,0,1,"Under 40","2"
"501214","2011-04-17",2011,"Eden Gardens","Kolkata","Kolkata Knight Riders","Rajasthan Royals",2,0,"Kolkata Knight Riders","field","Kolkata Knight Riders","Rajasthan Royals",26,1,36,4.33333333333333,1,1,1,"Under 40","1"
"501215","2011-04-18",2011,"Nehru Stadium","Kochi","Chennai Super Kings","Kochi Tuskers Kerala",1,1,"Kochi Tuskers Kerala","field","Kochi Tuskers Kerala","Chennai Super Kings",42,1,36,7,0,0,1,"40-49","1"
"501215","2011-04-18",2011,"Nehru Stadium","Kochi","Kochi Tuskers Kerala","Chennai Super Kings",2,0,"Kochi Tuskers Kerala","field","Kochi Tuskers Kerala","Chennai Super Kings",49,1,36,8.16666666666667,1,1,1,"40-49","1"
"501216","2011-04-19",2011,"Feroz Shah Kotla","Delhi","Deccan Chargers","Delhi Capitals",1,1,"Deccan Chargers","bat","Deccan Chargers","Delhi Capitals",43,1,36,7.16666666666667,1,1,0,"40-49","1"
"501216","2011-04-19",2011,"Feroz Shah Kotla","Delhi","Delhi Capitals","Deccan Chargers",2,0,"Deccan Chargers","bat","Deccan Chargers","Delhi Capitals",38,3,36,6.33333333333333,0,0,0,"Under 40","3+"
"501218","2011-04-20",2011,"Wankhede Stadium","Mumbai","Pune Warriors","Mumbai Indians",1,1,"Pune Warriors","bat","Mumbai Indians","Pune Warriors",33,4,36,5.5,1,0,0,"Under 40","3+"
"501218","2011-04-20",2011,"Wankhede Stadium","Mumbai","Mumbai Indians","Pune Warriors",2,0,"Pune Warriors","bat","Mumbai Indians","Pune Warriors",32,1,36,5.33333333333333,0,1,0,"Under 40","1"
"501219","2011-04-20",2011,"Eden Gardens","Kolkata","Kochi Tuskers Kerala","Kolkata Knight Riders",1,1,"Kolkata Knight Riders","field","Kochi Tuskers Kerala","Kolkata Knight Riders",45,0,36,7.5,0,1,1,"40-49","0"
"501219","2011-04-20",2011,"Eden Gardens","Kolkata","Kolkata Knight Riders","Kochi Tuskers Kerala",2,0,"Kolkata Knight Riders","field","Kochi Tuskers Kerala","Kolkata Knight Riders",37,3,36,6.16666666666667,1,0,1,"Under 40","3+"
"501220","2011-04-21",2011,"Punjab Cricket Association Stadium, Mohali","Chandigarh","Punjab Kings","Rajasthan Royals",1,1,"Rajasthan Royals","field","Punjab Kings","Rajasthan Royals",77,1,36,12.8333333333333,0,1,1,"60+","1"
"501220","2011-04-21",2011,"Punjab Cricket Association Stadium, Mohali","Chandigarh","Rajasthan Royals","Punjab Kings",2,0,"Rajasthan Royals","field","Punjab Kings","Rajasthan Royals",45,2,36,7.5,1,0,1,"40-49","2"
"501221","2011-04-22",2011,"Wankhede Stadium","Mumbai","Mumbai Indians","Chennai Super Kings",1,1,"Chennai Super Kings","field","Mumbai Indians","Chennai Super Kings",40,2,36,6.66666666666667,0,1,1,"40-49","2"
"501221","2011-04-22",2011,"Wankhede Stadium","Mumbai","Chennai Super Kings","Mumbai Indians",2,0,"Chennai Super Kings","field","Mumbai Indians","Chennai Super Kings",44,2,36,7.33333333333333,1,0,1,"40-49","2"
"501222","2011-04-22",2011,"Eden Gardens","Kolkata","Kolkata Knight Riders","Royal Challengers Bengaluru",1,1,"Royal Challengers Bengaluru","field","Royal Challengers Bengaluru","Kolkata Knight Riders",50,1,36,8.33333333333333,0,0,1,"50-59","1"
"501222","2011-04-22",2011,"Eden Gardens","Kolkata","Royal Challengers Bengaluru","Kolkata Knight Riders",2,0,"Royal Challengers Bengaluru","field","Royal Challengers Bengaluru","Kolkata Knight Riders",57,0,36,9.5,1,1,1,"50-59","0"
"501223","2011-04-23",2011,"Feroz Shah Kotla","Delhi","Delhi Capitals","Punjab Kings",1,1,"Punjab Kings","field","Delhi Capitals","Punjab Kings",70,0,36,11.6666666666667,0,1,1,"60+","0"
"501223","2011-04-23",2011,"Feroz Shah Kotla","Delhi","Punjab Kings","Delhi Capitals",2,0,"Punjab Kings","field","Delhi Capitals","Punjab Kings",46,1,36,7.66666666666667,1,0,1,"40-49","1"
"501224","2011-04-24",2011,"Rajiv Gandhi International Stadium, Uppal","Hyderabad","Mumbai Indians","Deccan Chargers",1,1,"Deccan Chargers","field","Mumbai Indians","Deccan Chargers",57,1,36,9.5,0,1,1,"50-59","1"
"501224","2011-04-24",2011,"Rajiv Gandhi International Stadium, Uppal","Hyderabad","Deccan Chargers","Mumbai Indians",2,0,"Deccan Chargers","field","Mumbai Indians","Deccan Chargers",41,2,36,6.83333333333333,1,0,1,"40-49","2"
"501225","2011-04-24",2011,"Sawai Mansingh Stadium","Jaipur","Kochi Tuskers Kerala","Rajasthan Royals",1,1,"Rajasthan Royals","field","Rajasthan Royals","Kochi Tuskers Kerala",32,2,36,5.33333333333333,0,0,1,"Under 40","2"
"501225","2011-04-24",2011,"Sawai Mansingh Stadium","Jaipur","Rajasthan Royals","Kochi Tuskers Kerala",2,0,"Rajasthan Royals","field","Rajasthan Royals","Kochi Tuskers Kerala",38,0,36,6.33333333333333,1,1,1,"Under 40","0"
"501226","2011-04-25",2011,"MA Chidambaram Stadium, Chepauk","Chennai","Chennai Super Kings","Pune Warriors",1,1,"Pune Warriors","field","Chennai Super Kings","Pune Warriors",45,0,36,7.5,0,1,1,"40-49","0"
"501226","2011-04-25",2011,"MA Chidambaram Stadium, Chepauk","Chennai","Pune Warriors","Chennai Super Kings",2,0,"Pune Warriors","field","Chennai Super Kings","Pune Warriors",40,4,36,6.66666666666667,1,0,1,"40-49","3+"
"501227","2011-04-26",2011,"Feroz Shah Kotla","Delhi","Delhi Capitals","Royal Challengers Bengaluru",1,1,"Royal Challengers Bengaluru","field","Royal Challengers Bengaluru","Delhi Capitals",42,1,36,7,0,0,1,"40-49","1"
"501227","2011-04-26",2011,"Feroz Shah Kotla","Delhi","Royal Challengers Bengaluru","Delhi Capitals",2,0,"Royal Challengers Bengaluru","field","Royal Challengers Bengaluru","Delhi Capitals",65,1,36,10.8333333333333,1,1,1,"60+","1"
"501228","2011-04-27",2011,"Dr DY Patil Sports Academy","Mumbai","Pune Warriors","Chennai Super Kings",1,1,"Pune Warriors","bat","Chennai Super Kings","Pune Warriors",37,3,36,6.16666666666667,1,0,0,"Under 40","3+"
"501228","2011-04-27",2011,"Dr DY Patil Sports Academy","Mumbai","Chennai Super Kings","Pune Warriors",2,0,"Pune Warriors","bat","Chennai Super Kings","Pune Warriors",28,1,36,4.66666666666667,0,1,0,"Under 40","1"
"501229","2011-04-27",2011,"Nehru Stadium","Kochi","Deccan Chargers","Kochi Tuskers Kerala",1,1,"Kochi Tuskers Kerala","field","Deccan Chargers","Kochi Tuskers Kerala",20,3,36,3.33333333333333,0,1,1,"Under 40","3+"
"501229","2011-04-27",2011,"Nehru Stadium","Kochi","Kochi Tuskers Kerala","Deccan Chargers",2,0,"Kochi Tuskers Kerala","field","Deccan Chargers","Kochi Tuskers Kerala",29,6,36,4.83333333333333,1,0,1,"Under 40","3+"
"501230","2011-04-28",2011,"Feroz Shah Kotla","Delhi","Kolkata Knight Riders","Delhi Capitals",1,1,"Delhi Capitals","field","Kolkata Knight Riders","Delhi Capitals",42,1,36,7,0,1,1,"40-49","1"
"501230","2011-04-28",2011,"Feroz Shah Kotla","Delhi","Delhi Capitals","Kolkata Knight Riders",2,0,"Delhi Capitals","field","Kolkata Knight Riders","Delhi Capitals",41,1,36,6.83333333333333,1,0,1,"40-49","1"
"501231","2011-04-29",2011,"Sawai Mansingh Stadium","Jaipur","Mumbai Indians","Rajasthan Royals",1,1,"Rajasthan Royals","field","Rajasthan Royals","Mumbai Indians",31,2,36,5.16666666666667,0,0,1,"Under 40","2"
"501231","2011-04-29",2011,"Sawai Mansingh Stadium","Jaipur","Rajasthan Royals","Mumbai Indians",2,0,"Rajasthan Royals","field","Rajasthan Royals","Mumbai Indians",18,1,36,3,1,1,1,"Under 40","1"
"501232","2011-04-29",2011,"M Chinnaswamy Stadium","Bangalore","Royal Challengers Bengaluru","Pune Warriors",1,1,"Pune Warriors","field","Royal Challengers Bengaluru","Pune Warriors",57,0,36,9.5,0,1,1,"50-59","0"
"501232","2011-04-29",2011,"M Chinnaswamy Stadium","Bangalore","Pune Warriors","Royal Challengers Bengaluru",2,0,"Pune Warriors","field","Royal Challengers Bengaluru","Pune Warriors",42,1,36,7,1,0,1,"40-49","1"
"501233","2011-04-30",2011,"Nehru Stadium","Kochi","Delhi Capitals","Kochi Tuskers Kerala",1,1,"Delhi Capitals","bat","Delhi Capitals","Kochi Tuskers Kerala",34,2,36,5.66666666666667,1,1,0,"Under 40","2"
"501233","2011-04-30",2011,"Nehru Stadium","Kochi","Kochi Tuskers Kerala","Delhi Capitals",2,0,"Delhi Capitals","bat","Delhi Capitals","Kochi Tuskers Kerala",37,3,36,6.16666666666667,0,0,0,"Under 40","3+"
"501234","2011-04-30",2011,"Eden Gardens","Kolkata","Punjab Kings","Kolkata Knight Riders",1,1,"Kolkata Knight Riders","field","Kolkata Knight Riders","Punjab Kings",40,2,36,6.66666666666667,0,0,1,"40-49","2"
"501234","2011-04-30",2011,"Eden Gardens","Kolkata","Kolkata Knight Riders","Punjab Kings",2,0,"Kolkata Knight Riders","field","Kolkata Knight Riders","Punjab Kings",45,2,36,7.5,1,1,1,"40-49","2"
"501235","2011-05-01",2011,"Sawai Mansingh Stadium","Jaipur","Pune Warriors","Rajasthan Royals",1,1,"Rajasthan Royals","field","Rajasthan Royals","Pune Warriors",49,1,36,8.16666666666667,0,0,1,"40-49","1"
"501235","2011-05-01",2011,"Sawai Mansingh Stadium","Jaipur","Rajasthan Royals","Pune Warriors",2,0,"Rajasthan Royals","field","Rajasthan Royals","Pune Warriors",34,1,36,5.66666666666667,1,1,1,"Under 40","1"
"501236","2011-05-01",2011,"MA Chidambaram Stadium, Chepauk","Chennai","Chennai Super Kings","Deccan Chargers",1,1,"Chennai Super Kings","bat","Chennai Super Kings","Deccan Chargers",34,1,36,5.66666666666667,1,1,0,"Under 40","1"
"501236","2011-05-01",2011,"MA Chidambaram Stadium, Chepauk","Chennai","Deccan Chargers","Chennai Super Kings",2,0,"Chennai Super Kings","bat","Chennai Super Kings","Deccan Chargers",64,0,36,10.6666666666667,0,0,0,"60+","0"
"501237","2011-05-02",2011,"Wankhede Stadium","Mumbai","Mumbai Indians","Punjab Kings",1,1,"Punjab Kings","field","Mumbai Indians","Punjab Kings",35,1,36,5.83333333333333,0,1,1,"Under 40","1"
"501237","2011-05-02",2011,"Wankhede Stadium","Mumbai","Punjab Kings","Mumbai Indians",2,0,"Punjab Kings","field","Mumbai Indians","Punjab Kings",24,1,36,4,1,0,1,"Under 40","1"
"501238","2011-05-02",2011,"Feroz Shah Kotla","Delhi","Delhi Capitals","Kochi Tuskers Kerala",1,1,"Kochi Tuskers Kerala","field","Kochi Tuskers Kerala","Delhi Capitals",42,2,36,7,0,0,1,"40-49","2"
"501238","2011-05-02",2011,"Feroz Shah Kotla","Delhi","Kochi Tuskers Kerala","Delhi Capitals",2,0,"Kochi Tuskers Kerala","field","Kochi Tuskers Kerala","Delhi Capitals",67,1,36,11.1666666666667,1,1,1,"60+","1"
"501239","2011-05-03",2011,"Rajiv Gandhi International Stadium, Uppal","Hyderabad","Kolkata Knight Riders","Deccan Chargers",1,1,"Deccan Chargers","field","Kolkata Knight Riders","Deccan Chargers",41,1,36,6.83333333333333,0,1,1,"40-49","1"
"501239","2011-05-03",2011,"Rajiv Gandhi International Stadium, Uppal","Hyderabad","Deccan Chargers","Kolkata Knight Riders",2,0,"Deccan Chargers","field","Kolkata Knight Riders","Deccan Chargers",41,2,36,6.83333333333333,1,0,1,"40-49","2"
"501240","2011-05-04",2011,"MA Chidambaram Stadium, Chepauk","Chennai","Rajasthan Royals","Chennai Super Kings",1,1,"Rajasthan Royals","bat","Chennai Super Kings","Rajasthan Royals",47,0,36,7.83333333333333,1,0,0,"40-49","0"
"501240","2011-05-04",2011,"MA Chidambaram Stadium, Chepauk","Chennai","Chennai Super Kings","Rajasthan Royals",2,0,"Rajasthan Royals","bat","Chennai Super Kings","Rajasthan Royals",43,1,36,7.16666666666667,0,1,0,"40-49","1"
"501241","2011-05-04",2011,"Dr DY Patil Sports Academy","Mumbai","Mumbai Indians","Pune Warriors",1,1,"Pune Warriors","field","Mumbai Indians","Pune Warriors",49,1,36,8.16666666666667,0,1,1,"40-49","1"
"501241","2011-05-04",2011,"Dr DY Patil Sports Academy","Mumbai","Pune Warriors","Mumbai Indians",2,0,"Pune Warriors","field","Mumbai Indians","Pune Warriors",31,2,36,5.16666666666667,1,0,1,"Under 40","2"
"501242","2011-05-05",2011,"Nehru Stadium","Kochi","Kochi Tuskers Kerala","Kolkata Knight Riders",1,1,"Kolkata Knight Riders","field","Kochi Tuskers Kerala","Kolkata Knight Riders",35,2,36,5.83333333333333,0,1,1,"Under 40","2"
"501242","2011-05-05",2011,"Nehru Stadium","Kochi","Kolkata Knight Riders","Kochi Tuskers Kerala",2,0,"Kolkata Knight Riders","field","Kochi Tuskers Kerala","Kolkata Knight Riders",43,0,36,7.16666666666667,1,0,1,"40-49","0"
"501243","2011-05-05",2011,"Rajiv Gandhi International Stadium, Uppal","Hyderabad","Deccan Chargers","Delhi Capitals",1,1,"Delhi Capitals","field","Delhi Capitals","Deccan Chargers",43,1,36,7.16666666666667,0,0,1,"40-49","1"
"501243","2011-05-05",2011,"Rajiv Gandhi International Stadium, Uppal","Hyderabad","Delhi Capitals","Deccan Chargers",2,0,"Delhi Capitals","field","Delhi Capitals","Deccan Chargers",29,3,36,4.83333333333333,1,1,1,"Under 40","3+"
"501244","2011-05-06",2011,"M Chinnaswamy Stadium","Bangalore","Royal Challengers Bengaluru","Punjab Kings",1,1,"Punjab Kings","field","Royal Challengers Bengaluru","Punjab Kings",48,1,36,8,0,1,1,"40-49","1"
"501244","2011-05-06",2011,"M Chinnaswamy Stadium","Bangalore","Punjab Kings","Royal Challengers Bengaluru",2,0,"Punjab Kings","field","Royal Challengers Bengaluru","Punjab Kings",38,4,36,6.33333333333333,1,0,1,"Under 40","3+"
"501245","2011-05-07",2011,"Eden Gardens","Kolkata","Chennai Super Kings","Kolkata Knight Riders",1,1,"Chennai Super Kings","bat","Kolkata Knight Riders","Chennai Super Kings",15,2,36,2.5,1,0,0,"Under 40","2"
"501245","2011-05-07",2011,"Eden Gardens","Kolkata","Kolkata Knight Riders","Chennai Super Kings",2,0,"Chennai Super Kings","bat","Kolkata Knight Riders","Chennai Super Kings",33,2,36,5.5,0,1,0,"Under 40","2"
"501246","2011-05-07",2011,"Wankhede Stadium","Mumbai","Mumbai Indians","Delhi Capitals",1,1,"Delhi Capitals","field","Mumbai Indians","Delhi Capitals",50,1,36,8.33333333333333,0,1,1,"50-59","1"
"501246","2011-05-07",2011,"Wankhede Stadium","Mumbai","Delhi Capitals","Mumbai Indians",2,0,"Delhi Capitals","field","Mumbai Indians","Delhi Capitals",23,4,36,3.83333333333333,1,0,1,"Under 40","3+"
"501247","2011-05-08",2011,"M Chinnaswamy Stadium","Bangalore","Kochi Tuskers Kerala","Royal Challengers Bengaluru",1,1,"Kochi Tuskers Kerala","bat","Royal Challengers Bengaluru","Kochi Tuskers Kerala",49,1,36,8.16666666666667,1,0,0,"40-49","1"
"501247","2011-05-08",2011,"M Chinnaswamy Stadium","Bangalore","Royal Challengers Bengaluru","Kochi Tuskers Kerala",2,0,"Kochi Tuskers Kerala","bat","Royal Challengers Bengaluru","Kochi Tuskers Kerala",79,1,36,13.1666666666667,0,1,0,"60+","1"
"501248","2011-05-08",2011,"Punjab Cricket Association Stadium, Mohali","Chandigarh","Punjab Kings","Pune Warriors",1,1,"Punjab Kings","bat","Pune Warriors","Punjab Kings",34,1,36,5.66666666666667,1,0,0,"Under 40","1"
"501248","2011-05-08",2011,"Punjab Cricket Association Stadium, Mohali","Chandigarh","Pune Warriors","Punjab Kings",2,0,"Punjab Kings","bat","Pune Warriors","Punjab Kings",40,1,36,6.66666666666667,0,1,0,"40-49","1"
"501249","2011-05-09",2011,"Sawai Mansingh Stadium","Jaipur","Chennai Super Kings","Rajasthan Royals",1,1,"Rajasthan Royals","field","Chennai Super Kings","Rajasthan Royals",55,0,36,9.16666666666667,0,1,1,"50-59","0"
"501249","2011-05-09",2011,"Sawai Mansingh Stadium","Jaipur","Rajasthan Royals","Chennai Super Kings",2,0,"Rajasthan Royals","field","Chennai Super Kings","Rajasthan Royals",48,2,36,8,1,0,1,"40-49","2"
"501250","2011-05-10",2011,"Rajiv Gandhi International Stadium, Uppal","Hyderabad","Deccan Chargers","Pune Warriors",1,1,"Deccan Chargers","bat","Pune Warriors","Deccan Chargers",50,0,36,8.33333333333333,1,0,0,"50-59","0"
"501250","2011-05-10",2011,"Rajiv Gandhi International Stadium, Uppal","Hyderabad","Pune Warriors","Deccan Chargers",2,0,"Deccan Chargers","bat","Pune Warriors","Deccan Chargers",52,0,36,8.66666666666667,0,1,0,"50-59","0"
"501251","2011-05-10",2011,"Punjab Cricket Association Stadium, Mohali","Chandigarh","Punjab Kings","Mumbai Indians",1,1,"Mumbai Indians","field","Punjab Kings","Mumbai Indians",39,1,36,6.5,0,1,1,"Under 40","1"
"501251","2011-05-10",2011,"Punjab Cricket Association Stadium, Mohali","Chandigarh","Mumbai Indians","Punjab Kings",2,0,"Mumbai Indians","field","Punjab Kings","Mumbai Indians",33,3,36,5.5,1,0,1,"Under 40","3+"
"501252","2011-05-11",2011,"Sawai Mansingh Stadium","Jaipur","Rajasthan Royals","Royal Challengers Bengaluru",1,1,"Royal Challengers Bengaluru","field","Royal Challengers Bengaluru","Rajasthan Royals",43,0,36,7.16666666666667,0,0,1,"40-49","0"
"501252","2011-05-11",2011,"Sawai Mansingh Stadium","Jaipur","Royal Challengers Bengaluru","Rajasthan Royals",2,0,"Royal Challengers Bengaluru","field","Royal Challengers Bengaluru","Rajasthan Royals",66,0,36,11,1,1,1,"60+","0"
"501253","2011-05-12",2011,"MA Chidambaram Stadium, Chepauk","Chennai","Chennai Super Kings","Delhi Capitals",1,1,"Chennai Super Kings","bat","Chennai Super Kings","Delhi Capitals",42,2,36,7,1,1,0,"40-49","2"
"501253","2011-05-12",2011,"MA Chidambaram Stadium, Chepauk","Chennai","Delhi Capitals","Chennai Super Kings",2,0,"Chennai Super Kings","bat","Chennai Super Kings","Delhi Capitals",52,1,36,8.66666666666667,0,0,0,"50-59","1"
"501254","2011-05-13",2011,"Holkar Cricket Stadium","Indore","Kochi Tuskers Kerala","Punjab Kings",1,1,"Punjab Kings","field","Punjab Kings","Kochi Tuskers Kerala",62,0,36,10.3333333333333,0,0,1,"60+","0"
"501254","2011-05-13",2011,"Holkar Cricket Stadium","Indore","Punjab Kings","Kochi Tuskers Kerala",2,0,"Punjab Kings","field","Punjab Kings","Kochi Tuskers Kerala",49,2,36,8.16666666666667,1,1,1,"40-49","2"
"501255","2011-05-14",2011,"M Chinnaswamy Stadium","Bangalore","Kolkata Knight Riders","Royal Challengers Bengaluru",1,1,"Royal Challengers Bengaluru","field","Royal Challengers Bengaluru","Kolkata Knight Riders",33,3,36,5.5,0,0,1,"Under 40","3+"
"501255","2011-05-14",2011,"M Chinnaswamy Stadium","Bangalore","Royal Challengers Bengaluru","Kolkata Knight Riders",2,0,"Royal Challengers Bengaluru","field","Royal Challengers Bengaluru","Kolkata Knight Riders",65,2,36,10.8333333333333,1,1,1,"60+","2"
"501256","2011-05-14",2011,"Wankhede Stadium","Mumbai","Deccan Chargers","Mumbai Indians",1,1,"Deccan Chargers","bat","Deccan Chargers","Mumbai Indians",32,1,36,5.33333333333333,1,1,0,"Under 40","1"
"501256","2011-05-14",2011,"Wankhede Stadium","Mumbai","Mumbai Indians","Deccan Chargers",2,0,"Deccan Chargers","bat","Deccan Chargers","Mumbai Indians",26,3,36,4.33333333333333,0,0,0,"Under 40","3+"
"501257","2011-05-15",2011,"Himachal Pradesh Cricket Association Stadium","Dharamsala","Punjab Kings","Delhi Capitals",1,1,"Delhi Capitals","field","Punjab Kings","Delhi Capitals",43,1,36,7.16666666666667,0,1,1,"40-49","1"
"501257","2011-05-15",2011,"Himachal Pradesh Cricket Association Stadium","Dharamsala","Delhi Capitals","Punjab Kings",2,0,"Delhi Capitals","field","Punjab Kings","Delhi Capitals",42,0,36,7,1,0,1,"40-49","0"
"501258","2011-05-15",2011,"Holkar Cricket Stadium","Indore","Rajasthan Royals","Kochi Tuskers Kerala",1,1,"Kochi Tuskers Kerala","field","Kochi Tuskers Kerala","Rajasthan Royals",32,3,36,5.33333333333333,0,0,1,"Under 40","3+"
"501258","2011-05-15",2011,"Holkar Cricket Stadium","Indore","Kochi Tuskers Kerala","Rajasthan Royals",2,0,"Kochi Tuskers Kerala","field","Kochi Tuskers Kerala","Rajasthan Royals",87,2,36,14.5,1,1,1,"60+","2"
"501259","2011-05-16",2011,"Dr DY Patil Sports Academy","Mumbai","Pune Warriors","Deccan Chargers",1,1,"Deccan Chargers","field","Deccan Chargers","Pune Warriors",39,2,36,6.5,0,0,1,"Under 40","2"
"501259","2011-05-16",2011,"Dr DY Patil Sports Academy","Mumbai","Deccan Chargers","Pune Warriors",2,0,"Deccan Chargers","field","Deccan Chargers","Pune Warriors",57,0,36,9.5,1,1,1,"50-59","0"
"501260","2011-05-17",2011,"Himachal Pradesh Cricket Association Stadium","Dharamsala","Punjab Kings","Royal Challengers Bengaluru",1,1,"Punjab Kings","bat","Punjab Kings","Royal Challengers Bengaluru",30,1,36,5,1,1,0,"Under 40","1"
"501260","2011-05-17",2011,"Himachal Pradesh Cricket Association Stadium","Dharamsala","Royal Challengers Bengaluru","Punjab Kings",2,0,"Punjab Kings","bat","Punjab Kings","Royal Challengers Bengaluru",34,3,36,5.66666666666667,0,0,0,"Under 40","3+"
"501261","2011-05-18",2011,"MA Chidambaram Stadium, Chepauk","Chennai","Chennai Super Kings","Kochi Tuskers Kerala",1,1,"Chennai Super Kings","bat","Chennai Super Kings","Kochi Tuskers Kerala",41,2,36,6.83333333333333,1,1,0,"40-49","2"
"501261","2011-05-18",2011,"MA Chidambaram Stadium, Chepauk","Chennai","Kochi Tuskers Kerala","Chennai Super Kings",2,0,"Chennai Super Kings","bat","Chennai Super Kings","Kochi Tuskers Kerala",40,1,36,6.66666666666667,0,0,0,"40-49","1"
"501262","2011-05-19",2011,"Dr DY Patil Sports Academy","Mumbai","Pune Warriors","Kolkata Knight Riders",1,1,"Kolkata Knight Riders","field","Kolkata Knight Riders","Pune Warriors",29,2,36,4.83333333333333,0,0,1,"Under 40","2"
"501262","2011-05-19",2011,"Dr DY Patil Sports Academy","Mumbai","Kolkata Knight Riders","Pune Warriors",2,0,"Kolkata Knight Riders","field","Kolkata Knight Riders","Pune Warriors",44,1,36,7.33333333333333,1,1,1,"40-49","1"
"501263","2011-05-20",2011,"Wankhede Stadium","Mumbai","Mumbai Indians","Rajasthan Royals",1,1,"Mumbai Indians","bat","Rajasthan Royals","Mumbai Indians",26,2,36,4.33333333333333,1,0,0,"Under 40","2"
"501263","2011-05-20",2011,"Wankhede Stadium","Mumbai","Rajasthan Royals","Mumbai Indians",2,0,"Mumbai Indians","bat","Rajasthan Royals","Mumbai Indians",52,0,36,8.66666666666667,0,1,0,"50-59","0"
"501264","2011-05-21",2011,"Himachal Pradesh Cricket Association Stadium","Dharamsala","Deccan Chargers","Punjab Kings",1,1,"Punjab Kings","field","Deccan Chargers","Punjab Kings",58,0,36,9.66666666666667,0,1,1,"50-59","0"
"501264","2011-05-21",2011,"Himachal Pradesh Cricket Association Stadium","Dharamsala","Punjab Kings","Deccan Chargers",2,0,"Punjab Kings","field","Deccan Chargers","Punjab Kings",45,2,36,7.5,1,0,1,"40-49","2"
"501266","2011-05-22",2011,"M Chinnaswamy Stadium","Bangalore","Chennai Super Kings","Royal Challengers Bengaluru",1,1,"Royal Challengers Bengaluru","field","Royal Challengers Bengaluru","Chennai Super Kings",23,4,36,3.83333333333333,0,0,1,"Under 40","3+"
"501266","2011-05-22",2011,"M Chinnaswamy Stadium","Bangalore","Royal Challengers Bengaluru","Chennai Super Kings",2,0,"Royal Challengers Bengaluru","field","Royal Challengers Bengaluru","Chennai Super Kings",44,1,36,7.33333333333333,1,1,1,"40-49","1"
"501267","2011-05-22",2011,"Eden Gardens","Kolkata","Kolkata Knight Riders","Mumbai Indians",1,1,"Mumbai Indians","field","Mumbai Indians","Kolkata Knight Riders",46,2,36,7.66666666666667,0,0,1,"40-49","2"
"501267","2011-05-22",2011,"Eden Gardens","Kolkata","Mumbai Indians","Kolkata Knight Riders",2,0,"Mumbai Indians","field","Mumbai Indians","Kolkata Knight Riders",54,1,36,9,1,1,1,"50-59","1"
"501268","2011-05-24",2011,"Wankhede Stadium","Mumbai","Royal Challengers Bengaluru","Chennai Super Kings",1,1,"Chennai Super Kings","field","Chennai Super Kings","Royal Challengers Bengaluru",44,1,36,7.33333333333333,0,0,1,"40-49","1"
"501268","2011-05-24",2011,"Wankhede Stadium","Mumbai","Chennai Super Kings","Royal Challengers Bengaluru",2,0,"Chennai Super Kings","field","Chennai Super Kings","Royal Challengers Bengaluru",25,2,36,4.16666666666667,1,1,1,"Under 40","2"
"501269","2011-05-25",2011,"Wankhede Stadium","Mumbai","Kolkata Knight Riders","Mumbai Indians",1,1,"Mumbai Indians","field","Mumbai Indians","Kolkata Knight Riders",25,4,36,4.16666666666667,0,0,1,"Under 40","3+"
"501269","2011-05-25",2011,"Wankhede Stadium","Mumbai","Mumbai Indians","Kolkata Knight Riders",2,0,"Mumbai Indians","field","Mumbai Indians","Kolkata Knight Riders",62,0,36,10.3333333333333,1,1,1,"60+","0"
"501270","2011-05-27",2011,"MA Chidambaram Stadium, Chepauk","Chennai","Royal Challengers Bengaluru","Mumbai Indians",1,1,"Mumbai Indians","field","Royal Challengers Bengaluru","Mumbai Indians",68,0,36,11.3333333333333,0,1,1,"60+","0"
"501270","2011-05-27",2011,"MA Chidambaram Stadium, Chepauk","Chennai","Mumbai Indians","Royal Challengers Bengaluru",2,0,"Mumbai Indians","field","Royal Challengers Bengaluru","Mumbai Indians",52,2,36,8.66666666666667,1,0,1,"50-59","2"
"501271","2011-05-28",2011,"MA Chidambaram Stadium, Chepauk","Chennai","Chennai Super Kings","Royal Challengers Bengaluru",1,1,"Chennai Super Kings","bat","Chennai Super Kings","Royal Challengers Bengaluru",56,0,36,9.33333333333333,1,1,0,"50-59","0"
"501271","2011-05-28",2011,"MA Chidambaram Stadium, Chepauk","Chennai","Royal Challengers Bengaluru","Chennai Super Kings",2,0,"Chennai Super Kings","bat","Chennai Super Kings","Royal Challengers Bengaluru",47,2,36,7.83333333333333,0,0,0,"40-49","2"
"548306","2012-04-04",2012,"MA Chidambaram Stadium, Chepauk","Chennai","Chennai Super Kings","Mumbai Indians",1,1,"Mumbai Indians","field","Mumbai Indians","Chennai Super Kings",42,2,36,7,0,0,1,"40-49","2"
"548306","2012-04-04",2012,"MA Chidambaram Stadium, Chepauk","Chennai","Mumbai Indians","Chennai Super Kings",2,0,"Mumbai Indians","field","Mumbai Indians","Chennai Super Kings",53,0,36,8.83333333333333,1,1,1,"50-59","0"
"548307","2012-04-05",2012,"Eden Gardens","Kolkata","Kolkata Knight Riders","Delhi Capitals",1,1,"Delhi Capitals","field","Delhi Capitals","Kolkata Knight Riders",46,4,36,7.66666666666667,0,0,1,"40-49","3+"
"548307","2012-04-05",2012,"Eden Gardens","Kolkata","Delhi Capitals","Kolkata Knight Riders",2,0,"Delhi Capitals","field","Delhi Capitals","Kolkata Knight Riders",48,0,36,8,1,1,1,"40-49","0"
"548308","2012-04-06",2012,"Wankhede Stadium","Mumbai","Pune Warriors","Mumbai Indians",1,1,"Mumbai Indians","field","Pune Warriors","Mumbai Indians",30,3,36,5,0,1,1,"Under 40","3+"
"548308","2012-04-06",2012,"Wankhede Stadium","Mumbai","Mumbai Indians","Pune Warriors",2,0,"Mumbai Indians","field","Pune Warriors","Mumbai Indians",27,3,36,4.5,1,0,1,"Under 40","3+"
"548309","2012-04-06",2012,"Sawai Mansingh Stadium","Jaipur","Rajasthan Royals","Punjab Kings",1,1,"Punjab Kings","field","Rajasthan Royals","Punjab Kings",57,0,36,9.5,0,1,1,"50-59","0"
"548309","2012-04-06",2012,"Sawai Mansingh Stadium","Jaipur","Punjab Kings","Rajasthan Royals",2,0,"Punjab Kings","field","Rajasthan Royals","Punjab Kings",45,2,36,7.5,1,0,1,"40-49","2"
"548310","2012-04-07",2012,"M Chinnaswamy Stadium","Bangalore","Royal Challengers Bengaluru","Delhi Capitals",1,1,"Delhi Capitals","field","Royal Challengers Bengaluru","Delhi Capitals",46,2,36,7.66666666666667,0,1,1,"40-49","2"
"548310","2012-04-07",2012,"M Chinnaswamy Stadium","Bangalore","Delhi Capitals","Royal Challengers Bengaluru",2,0,"Delhi Capitals","field","Royal Challengers Bengaluru","Delhi Capitals",46,1,36,7.66666666666667,1,0,1,"40-49","1"
"548311","2012-04-07",2012,"Dr. Y.S. Rajasekhara Reddy ACA-VDCA Cricket Stadium","Visakhapatnam","Chennai Super Kings","Deccan Chargers",1,1,"Deccan Chargers","field","Chennai Super Kings","Deccan Chargers",44,2,36,7.33333333333333,0,1,1,"40-49","2"
"548311","2012-04-07",2012,"Dr. Y.S. Rajasekhara Reddy ACA-VDCA Cricket Stadium","Visakhapatnam","Deccan Chargers","Chennai Super Kings",2,0,"Deccan Chargers","field","Chennai Super Kings","Deccan Chargers",45,1,36,7.5,1,0,1,"40-49","1"
"548312","2012-04-08",2012,"Sawai Mansingh Stadium","Jaipur","Rajasthan Royals","Kolkata Knight Riders",1,1,"Kolkata Knight Riders","field","Rajasthan Royals","Kolkata Knight Riders",37,1,36,6.16666666666667,0,1,1,"Under 40","1"
"548312","2012-04-08",2012,"Sawai Mansingh Stadium","Jaipur","Kolkata Knight Riders","Rajasthan Royals",2,0,"Kolkata Knight Riders","field","Rajasthan Royals","Kolkata Knight Riders",27,4,36,4.5,1,0,1,"Under 40","3+"
"548313","2012-04-08",2012,"Subrata Roy Sahara Stadium","Pune","Pune Warriors","Punjab Kings",1,1,"Pune Warriors","bat","Pune Warriors","Punjab Kings",38,2,36,6.33333333333333,1,1,0,"Under 40","2"
"548313","2012-04-08",2012,"Subrata Roy Sahara Stadium","Pune","Punjab Kings","Pune Warriors",2,0,"Pune Warriors","bat","Pune Warriors","Punjab Kings",19,2,36,3.16666666666667,0,0,0,"Under 40","2"
"548314","2012-04-09",2012,"Dr. Y.S. Rajasekhara Reddy ACA-VDCA Cricket Stadium","Visakhapatnam","Deccan Chargers","Mumbai Indians",1,1,"Deccan Chargers","bat","Mumbai Indians","Deccan Chargers",45,2,36,7.5,1,0,0,"40-49","2"
"548314","2012-04-09",2012,"Dr. Y.S. Rajasekhara Reddy ACA-VDCA Cricket Stadium","Visakhapatnam","Mumbai Indians","Deccan Chargers",2,0,"Deccan Chargers","bat","Mumbai Indians","Deccan Chargers",29,2,36,4.83333333333333,0,1,0,"Under 40","2"
"548315","2012-04-10",2012,"M Chinnaswamy Stadium","Bangalore","Kolkata Knight Riders","Royal Challengers Bengaluru",1,1,"Royal Challengers Bengaluru","field","Kolkata Knight Riders","Royal Challengers Bengaluru",60,0,36,10,0,1,1,"60+","0"
"548315","2012-04-10",2012,"M Chinnaswamy Stadium","Bangalore","Royal Challengers Bengaluru","Kolkata Knight Riders",2,0,"Royal Challengers Bengaluru","field","Kolkata Knight Riders","Royal Challengers Bengaluru",20,3,36,3.33333333333333,1,0,1,"Under 40","3+"
"548316","2012-04-10",2012,"Feroz Shah Kotla","Delhi","Chennai Super Kings","Delhi Capitals",1,1,"Delhi Capitals","field","Delhi Capitals","Chennai Super Kings",41,2,36,6.83333333333333,0,0,1,"40-49","2"
"548316","2012-04-10",2012,"Feroz Shah Kotla","Delhi","Delhi Capitals","Chennai Super Kings",2,0,"Delhi Capitals","field","Delhi Capitals","Chennai Super Kings",50,2,36,8.33333333333333,1,1,1,"50-59","2"
"548317","2012-04-11",2012,"Wankhede Stadium","Mumbai","Mumbai Indians","Rajasthan Royals",1,1,"Rajasthan Royals","field","Mumbai Indians","Rajasthan Royals",54,1,36,9,0,1,1,"50-59","1"
"548317","2012-04-11",2012,"Wankhede Stadium","Mumbai","Rajasthan Royals","Mumbai Indians",2,0,"Rajasthan Royals","field","Mumbai Indians","Rajasthan Royals",44,2,36,7.33333333333333,1,0,1,"40-49","2"
"548318","2012-04-12",2012,"MA Chidambaram Stadium, Chepauk","Chennai","Royal Challengers Bengaluru","Chennai Super Kings",1,1,"Royal Challengers Bengaluru","bat","Chennai Super Kings","Royal Challengers Bengaluru",56,1,36,9.33333333333333,1,0,0,"50-59","1"
"548318","2012-04-12",2012,"MA Chidambaram Stadium, Chepauk","Chennai","Chennai Super Kings","Royal Challengers Bengaluru",2,0,"Royal Challengers Bengaluru","bat","Chennai Super Kings","Royal Challengers Bengaluru",52,0,36,8.66666666666667,0,1,0,"50-59","0"
"548319","2012-04-12",2012,"Punjab Cricket Association Stadium, Mohali","Chandigarh","Pune Warriors","Punjab Kings",1,1,"Punjab Kings","field","Punjab Kings","Pune Warriors",29,3,36,4.83333333333333,0,0,1,"Under 40","3+"
"548319","2012-04-12",2012,"Punjab Cricket Association Stadium, Mohali","Chandigarh","Punjab Kings","Pune Warriors",2,0,"Punjab Kings","field","Punjab Kings","Pune Warriors",38,1,36,6.33333333333333,1,1,1,"Under 40","1"
"548320","2012-04-13",2012,"Eden Gardens","Kolkata","Rajasthan Royals","Kolkata Knight Riders",1,1,"Rajasthan Royals","bat","Kolkata Knight Riders","Rajasthan Royals",45,0,36,7.5,1,0,0,"40-49","0"
"548320","2012-04-13",2012,"Eden Gardens","Kolkata","Kolkata Knight Riders","Rajasthan Royals",2,0,"Rajasthan Royals","bat","Kolkata Knight Riders","Rajasthan Royals",36,1,36,6,0,1,0,"Under 40","1"
"548322","2012-04-14",2012,"Subrata Roy Sahara Stadium","Pune","Chennai Super Kings","Pune Warriors",1,1,"Chennai Super Kings","bat","Pune Warriors","Chennai Super Kings",43,0,36,7.16666666666667,1,0,0,"40-49","0"
"548322","2012-04-14",2012,"Subrata Roy Sahara Stadium","Pune","Pune Warriors","Chennai Super Kings",2,0,"Chennai Super Kings","bat","Pune Warriors","Chennai Super Kings",56,1,36,9.33333333333333,0,1,0,"50-59","1"
"548323","2012-04-15",2012,"Eden Gardens","Kolkata","Punjab Kings","Kolkata Knight Riders",1,1,"Kolkata Knight Riders","field","Punjab Kings","Kolkata Knight Riders",26,2,36,4.33333333333333,0,1,1,"Under 40","2"
"548323","2012-04-15",2012,"Eden Gardens","Kolkata","Kolkata Knight Riders","Punjab Kings",2,0,"Kolkata Knight Riders","field","Punjab Kings","Kolkata Knight Riders",48,2,36,8,1,0,1,"40-49","2"
"548324","2012-04-15",2012,"M Chinnaswamy Stadium","Bangalore","Rajasthan Royals","Royal Challengers Bengaluru",1,1,"Rajasthan Royals","bat","Rajasthan Royals","Royal Challengers Bengaluru",43,0,36,7.16666666666667,1,1,0,"40-49","0"
"548324","2012-04-15",2012,"M Chinnaswamy Stadium","Bangalore","Royal Challengers Bengaluru","Rajasthan Royals",2,0,"Rajasthan Royals","bat","Rajasthan Royals","Royal Challengers Bengaluru",54,2,36,9,0,0,0,"50-59","2"
"548325","2012-04-16",2012,"Wankhede Stadium","Mumbai","Mumbai Indians","Delhi Capitals",1,1,"Delhi Capitals","field","Delhi Capitals","Mumbai Indians",23,2,36,3.83333333333333,0,0,1,"Under 40","2"
"548325","2012-04-16",2012,"Wankhede Stadium","Mumbai","Delhi Capitals","Mumbai Indians",2,0,"Delhi Capitals","field","Delhi Capitals","Mumbai Indians",41,1,36,6.83333333333333,1,1,1,"40-49","1"
"548326","2012-04-17",2012,"Sawai Mansingh Stadium","Jaipur","Deccan Chargers","Rajasthan Royals",1,1,"Deccan Chargers","bat","Rajasthan Royals","Deccan Chargers",57,0,36,9.5,1,0,0,"50-59","0"
"548326","2012-04-17",2012,"Sawai Mansingh Stadium","Jaipur","Rajasthan Royals","Deccan Chargers",2,0,"Deccan Chargers","bat","Rajasthan Royals","Deccan Chargers",62,1,36,10.3333333333333,0,1,0,"60+","1"
"548327","2012-04-17",2012,"M Chinnaswamy Stadium","Bangalore","Pune Warriors","Royal Challengers Bengaluru",1,1,"Pune Warriors","bat","Royal Challengers Bengaluru","Pune Warriors",58,0,36,9.66666666666667,1,0,0,"50-59","0"
"548327","2012-04-17",2012,"M Chinnaswamy Stadium","Bangalore","Royal Challengers Bengaluru","Pune Warriors",2,0,"Pune Warriors","bat","Royal Challengers Bengaluru","Pune Warriors",42,2,36,7,0,1,0,"40-49","2"
"548328","2012-04-18",2012,"Punjab Cricket Association Stadium, Mohali","Chandigarh","Punjab Kings","Kolkata Knight Riders",1,1,"Punjab Kings","bat","Kolkata Knight Riders","Punjab Kings",45,1,36,7.5,1,0,0,"40-49","1"
"548328","2012-04-18",2012,"Punjab Cricket Association Stadium, Mohali","Chandigarh","Kolkata Knight Riders","Punjab Kings",2,0,"Punjab Kings","bat","Kolkata Knight Riders","Punjab Kings",53,1,36,8.83333333333333,0,1,0,"50-59","1"
"548321","2012-04-19",2012,"Feroz Shah Kotla","Delhi","Deccan Chargers","Delhi Capitals",1,1,"Deccan Chargers","bat","Delhi Capitals","Deccan Chargers",50,1,36,8.33333333333333,1,0,0,"50-59","1"
"548321","2012-04-19",2012,"Feroz Shah Kotla","Delhi","Delhi Capitals","Deccan Chargers",2,0,"Deccan Chargers","bat","Delhi Capitals","Deccan Chargers",34,3,36,5.66666666666667,0,1,0,"Under 40","3+"
"548330","2012-04-19",2012,"MA Chidambaram Stadium, Chepauk","Chennai","Chennai Super Kings","Pune Warriors",1,1,"Pune Warriors","field","Chennai Super Kings","Pune Warriors",42,0,36,7,0,1,1,"40-49","0"
"548330","2012-04-19",2012,"MA Chidambaram Stadium, Chepauk","Chennai","Pune Warriors","Chennai Super Kings",2,0,"Pune Warriors","field","Chennai Super Kings","Pune Warriors",53,2,36,8.83333333333333,1,0,1,"50-59","2"
"548331","2012-04-20",2012,"Punjab Cricket Association Stadium, Mohali","Chandigarh","Punjab Kings","Royal Challengers Bengaluru",1,1,"Royal Challengers Bengaluru","field","Royal Challengers Bengaluru","Punjab Kings",41,2,36,6.83333333333333,0,0,1,"40-49","2"
"548331","2012-04-20",2012,"Punjab Cricket Association Stadium, Mohali","Chandigarh","Royal Challengers Bengaluru","Punjab Kings",2,0,"Royal Challengers Bengaluru","field","Royal Challengers Bengaluru","Punjab Kings",36,3,36,6,1,1,1,"Under 40","3+"
"548332","2012-04-21",2012,"MA Chidambaram Stadium, Chepauk","Chennai","Rajasthan Royals","Chennai Super Kings",1,1,"Rajasthan Royals","bat","Chennai Super Kings","Rajasthan Royals",41,1,36,6.83333333333333,1,0,0,"40-49","1"
"548332","2012-04-21",2012,"MA Chidambaram Stadium, Chepauk","Chennai","Chennai Super Kings","Rajasthan Royals",2,0,"Rajasthan Royals","bat","Chennai Super Kings","Rajasthan Royals",45,0,36,7.5,0,1,0,"40-49","0"
"548333","2012-04-21",2012,"Feroz Shah Kotla","Delhi","Pune Warriors","Delhi Capitals",1,1,"Delhi Capitals","field","Pune Warriors","Delhi Capitals",52,1,36,8.66666666666667,0,1,1,"50-59","1"
"548333","2012-04-21",2012,"Feroz Shah Kotla","Delhi","Delhi Capitals","Pune Warriors",2,0,"Delhi Capitals","field","Pune Warriors","Delhi Capitals",49,1,36,8.16666666666667,1,0,1,"40-49","1"
"548334","2012-04-22",2012,"Wankhede Stadium","Mumbai","Mumbai Indians","Punjab Kings",1,1,"Mumbai Indians","bat","Punjab Kings","Mumbai Indians",39,0,36,6.5,1,0,0,"Under 40","0"
"548334","2012-04-22",2012,"Wankhede Stadium","Mumbai","Punjab Kings","Mumbai Indians",2,0,"Mumbai Indians","bat","Punjab Kings","Mumbai Indians",48,0,36,8,0,1,0,"40-49","0"
"548335","2012-04-22",2012,"Barabati Stadium","Cuttack","Deccan Chargers","Kolkata Knight Riders",1,1,"Kolkata Knight Riders","field","Kolkata Knight Riders","Deccan Chargers",39,1,36,6.5,0,0,1,"Under 40","1"
"548335","2012-04-22",2012,"Barabati Stadium","Cuttack","Kolkata Knight Riders","Deccan Chargers",2,0,"Kolkata Knight Riders","field","Kolkata Knight Riders","Deccan Chargers",42,1,36,7,1,1,1,"40-49","1"
"548336","2012-04-23",2012,"Sawai Mansingh Stadium","Jaipur","Royal Challengers Bengaluru","Rajasthan Royals",1,1,"Rajasthan Royals","field","Royal Challengers Bengaluru","Rajasthan Royals",37,1,36,6.16666666666667,0,1,1,"Under 40","1"
"548336","2012-04-23",2012,"Sawai Mansingh Stadium","Jaipur","Rajasthan Royals","Royal Challengers Bengaluru",2,0,"Rajasthan Royals","field","Royal Challengers Bengaluru","Rajasthan Royals",48,0,36,8,1,0,1,"40-49","0"
"548337","2012-04-24",2012,"Subrata Roy Sahara Stadium","Pune","Pune Warriors","Delhi Capitals",1,1,"Pune Warriors","bat","Delhi Capitals","Pune Warriors",28,2,36,4.66666666666667,1,0,0,"Under 40","2"
"548337","2012-04-24",2012,"Subrata Roy Sahara Stadium","Pune","Delhi Capitals","Pune Warriors",2,0,"Pune Warriors","bat","Delhi Capitals","Pune Warriors",61,1,36,10.1666666666667,0,1,0,"60+","1"
"548339","2012-04-25",2012,"Punjab Cricket Association Stadium, Mohali","Chandigarh","Punjab Kings","Mumbai Indians",1,1,"Punjab Kings","bat","Mumbai Indians","Punjab Kings",44,1,36,7.33333333333333,1,0,0,"40-49","1"
"548339","2012-04-25",2012,"Punjab Cricket Association Stadium, Mohali","Chandigarh","Mumbai Indians","Punjab Kings",2,0,"Punjab Kings","bat","Mumbai Indians","Punjab Kings",40,0,36,6.66666666666667,0,1,0,"40-49","0"
"548341","2012-04-26",2012,"Subrata Roy Sahara Stadium","Pune","Deccan Chargers","Pune Warriors",1,1,"Deccan Chargers","bat","Deccan Chargers","Pune Warriors",50,2,36,8.33333333333333,1,1,0,"50-59","2"
"548341","2012-04-26",2012,"Subrata Roy Sahara Stadium","Pune","Pune Warriors","Deccan Chargers",2,0,"Deccan Chargers","bat","Deccan Chargers","Pune Warriors",44,2,36,7.33333333333333,0,0,0,"40-49","2"
"548342","2012-04-27",2012,"Feroz Shah Kotla","Delhi","Delhi Capitals","Mumbai Indians",1,1,"Mumbai Indians","field","Delhi Capitals","Mumbai Indians",54,0,36,9,0,1,1,"50-59","0"
"548342","2012-04-27",2012,"Feroz Shah Kotla","Delhi","Mumbai Indians","Delhi Capitals",2,0,"Mumbai Indians","field","Delhi Capitals","Mumbai Indians",49,3,36,8.16666666666667,1,0,1,"40-49","3+"
"548343","2012-04-28",2012,"MA Chidambaram Stadium, Chepauk","Chennai","Punjab Kings","Chennai Super Kings",1,1,"Punjab Kings","bat","Punjab Kings","Chennai Super Kings",43,0,36,7.16666666666667,1,1,0,"40-49","0"
"548343","2012-04-28",2012,"MA Chidambaram Stadium, Chepauk","Chennai","Chennai Super Kings","Punjab Kings",2,0,"Punjab Kings","bat","Punjab Kings","Chennai Super Kings",48,1,36,8,0,0,0,"40-49","1"
"548344","2012-04-28",2012,"Eden Gardens","Kolkata","Kolkata Knight Riders","Royal Challengers Bengaluru",1,1,"Kolkata Knight Riders","bat","Kolkata Knight Riders","Royal Challengers Bengaluru",46,0,36,7.66666666666667,1,1,0,"40-49","0"
"548344","2012-04-28",2012,"Eden Gardens","Kolkata","Royal Challengers Bengaluru","Kolkata Knight Riders",2,0,"Kolkata Knight Riders","bat","Kolkata Knight Riders","Royal Challengers Bengaluru",35,3,36,5.83333333333333,0,0,0,"Under 40","3+"
"548345","2012-04-29",2012,"Feroz Shah Kotla","Delhi","Delhi Capitals","Rajasthan Royals",1,1,"Delhi Capitals","bat","Delhi Capitals","Rajasthan Royals",42,2,36,7,1,1,0,"40-49","2"
"548345","2012-04-29",2012,"Feroz Shah Kotla","Delhi","Rajasthan Royals","Delhi Capitals",2,0,"Delhi Capitals","bat","Delhi Capitals","Rajasthan Royals",40,0,36,6.66666666666667,0,0,0,"40-49","0"
"548346","2012-04-29",2012,"Wankhede Stadium","Mumbai","Deccan Chargers","Mumbai Indians",1,1,"Mumbai Indians","field","Mumbai Indians","Deccan Chargers",38,1,36,6.33333333333333,0,0,1,"Under 40","1"
"548346","2012-04-29",2012,"Wankhede Stadium","Mumbai","Mumbai Indians","Deccan Chargers",2,0,"Mumbai Indians","field","Mumbai Indians","Deccan Chargers",31,2,36,5.16666666666667,1,1,1,"Under 40","2"
"548347","2012-04-30",2012,"MA Chidambaram Stadium, Chepauk","Chennai","Chennai Super Kings","Kolkata Knight Riders",1,1,"Chennai Super Kings","bat","Kolkata Knight Riders","Chennai Super Kings",43,2,36,7.16666666666667,1,0,0,"40-49","2"
"548347","2012-04-30",2012,"MA Chidambaram Stadium, Chepauk","Chennai","Kolkata Knight Riders","Chennai Super Kings",2,0,"Chennai Super Kings","bat","Kolkata Knight Riders","Chennai Super Kings",37,1,36,6.16666666666667,0,1,0,"Under 40","1"
"548348","2012-05-01",2012,"Barabati Stadium","Cuttack","Deccan Chargers","Pune Warriors",1,1,"Deccan Chargers","bat","Deccan Chargers","Pune Warriors",33,2,36,5.5,1,1,0,"Under 40","2"
"548348","2012-05-01",2012,"Barabati Stadium","Cuttack","Pune Warriors","Deccan Chargers",2,0,"Deccan Chargers","bat","Deccan Chargers","Pune Warriors",48,1,36,8,0,0,0,"40-49","1"
"548349","2012-05-01",2012,"Sawai Mansingh Stadium","Jaipur","Rajasthan Royals","Delhi Capitals",1,1,"Rajasthan Royals","bat","Delhi Capitals","Rajasthan Royals",56,0,36,9.33333333333333,1,0,0,"50-59","0"
"548349","2012-05-01",2012,"Sawai Mansingh Stadium","Jaipur","Delhi Capitals","Rajasthan Royals",2,0,"Rajasthan Royals","bat","Delhi Capitals","Rajasthan Royals",61,1,36,10.1666666666667,0,1,0,"60+","1"
"548350","2012-05-02",2012,"M Chinnaswamy Stadium","Bangalore","Royal Challengers Bengaluru","Punjab Kings",1,1,"Punjab Kings","field","Punjab Kings","Royal Challengers Bengaluru",33,1,36,5.5,0,0,1,"Under 40","1"
"548350","2012-05-02",2012,"M Chinnaswamy Stadium","Bangalore","Punjab Kings","Royal Challengers Bengaluru",2,0,"Punjab Kings","field","Punjab Kings","Royal Challengers Bengaluru",53,1,36,8.83333333333333,1,1,1,"50-59","1"
"548351","2012-05-03",2012,"Subrata Roy Sahara Stadium","Pune","Mumbai Indians","Pune Warriors",1,1,"Mumbai Indians","bat","Mumbai Indians","Pune Warriors",42,0,36,7,1,1,0,"40-49","0"
"548351","2012-05-03",2012,"Subrata Roy Sahara Stadium","Pune","Pune Warriors","Mumbai Indians",2,0,"Mumbai Indians","bat","Mumbai Indians","Pune Warriors",37,1,36,6.16666666666667,0,0,0,"Under 40","1"
"548352","2012-05-04",2012,"MA Chidambaram Stadium, Chepauk","Chennai","Chennai Super Kings","Deccan Chargers",1,1,"Chennai Super Kings","bat","Chennai Super Kings","Deccan Chargers",56,1,36,9.33333333333333,1,1,0,"50-59","1"
"548352","2012-05-04",2012,"MA Chidambaram Stadium, Chepauk","Chennai","Deccan Chargers","Chennai Super Kings",2,0,"Chennai Super Kings","bat","Chennai Super Kings","Deccan Chargers",47,1,36,7.83333333333333,0,0,0,"40-49","1"
"548353","2012-05-05",2012,"Eden Gardens","Kolkata","Kolkata Knight Riders","Pune Warriors",1,1,"Kolkata Knight Riders","bat","Kolkata Knight Riders","Pune Warriors",68,0,36,11.3333333333333,1,1,0,"60+","0"
"548353","2012-05-05",2012,"Eden Gardens","Kolkata","Pune Warriors","Kolkata Knight Riders",2,0,"Kolkata Knight Riders","bat","Kolkata Knight Riders","Pune Warriors",45,2,36,7.5,0,0,0,"40-49","2"
"548354","2012-05-05",2012,"Punjab Cricket Association Stadium, Mohali","Chandigarh","Rajasthan Royals","Punjab Kings",1,1,"Rajasthan Royals","bat","Rajasthan Royals","Punjab Kings",64,1,36,10.6666666666667,1,1,0,"60+","1"
"548354","2012-05-05",2012,"Punjab Cricket Association Stadium, Mohali","Chandigarh","Punjab Kings","Rajasthan Royals",2,0,"Rajasthan Royals","bat","Rajasthan Royals","Punjab Kings",33,2,36,5.5,0,0,0,"Under 40","2"
"548355","2012-05-06",2012,"Wankhede Stadium","Mumbai","Chennai Super Kings","Mumbai Indians",1,1,"Mumbai Indians","field","Mumbai Indians","Chennai Super Kings",52,1,36,8.66666666666667,0,0,1,"50-59","1"
"548355","2012-05-06",2012,"Wankhede Stadium","Mumbai","Mumbai Indians","Chennai Super Kings",2,0,"Mumbai Indians","field","Mumbai Indians","Chennai Super Kings",46,1,36,7.66666666666667,1,1,1,"40-49","1"
"548356","2012-05-06",2012,"M Chinnaswamy Stadium","Bangalore","Deccan Chargers","Royal Challengers Bengaluru",1,1,"Royal Challengers Bengaluru","field","Royal Challengers Bengaluru","Deccan Chargers",46,0,36,7.66666666666667,0,0,1,"40-49","0"
"548356","2012-05-06",2012,"M Chinnaswamy Stadium","Bangalore","Royal Challengers Bengaluru","Deccan Chargers",2,0,"Royal Challengers Bengaluru","field","Royal Challengers Bengaluru","Deccan Chargers",46,0,36,7.66666666666667,1,1,1,"40-49","0"
"548357","2012-05-07",2012,"Feroz Shah Kotla","Delhi","Delhi Capitals","Kolkata Knight Riders",1,1,"Delhi Capitals","bat","Kolkata Knight Riders","Delhi Capitals",50,2,36,8.33333333333333,1,0,0,"50-59","2"
"548357","2012-05-07",2012,"Feroz Shah Kotla","Delhi","Kolkata Knight Riders","Delhi Capitals",2,0,"Delhi Capitals","bat","Kolkata Knight Riders","Delhi Capitals",60,0,36,10,0,1,0,"60+","0"
"548358","2012-05-08",2012,"Subrata Roy Sahara Stadium","Pune","Pune Warriors","Rajasthan Royals",1,1,"Pune Warriors","bat","Rajasthan Royals","Pune Warriors",35,1,36,5.83333333333333,1,0,0,"Under 40","1"
"548358","2012-05-08",2012,"Subrata Roy Sahara Stadium","Pune","Rajasthan Royals","Pune Warriors",2,0,"Pune Warriors","bat","Rajasthan Royals","Pune Warriors",49,2,36,8.16666666666667,0,1,0,"40-49","2"
"548359","2012-05-08",2012,"Rajiv Gandhi International Stadium, Uppal","Hyderabad","Punjab Kings","Deccan Chargers",1,1,"Deccan Chargers","field","Punjab Kings","Deccan Chargers",51,0,36,8.5,0,1,1,"50-59","0"
"548359","2012-05-08",2012,"Rajiv Gandhi International Stadium, Uppal","Hyderabad","Deccan Chargers","Punjab Kings",2,0,"Deccan Chargers","field","Punjab Kings","Deccan Chargers",40,2,36,6.66666666666667,1,0,1,"40-49","2"
"548360","2012-05-09",2012,"Wankhede Stadium","Mumbai","Mumbai Indians","Royal Challengers Bengaluru",1,1,"Royal Challengers Bengaluru","field","Royal Challengers Bengaluru","Mumbai Indians",25,2,36,4.16666666666667,0,0,1,"Under 40","2"
"548360","2012-05-09",2012,"Wankhede Stadium","Mumbai","Royal Challengers Bengaluru","Mumbai Indians",2,0,"Royal Challengers Bengaluru","field","Royal Challengers Bengaluru","Mumbai Indians",35,0,36,5.83333333333333,1,1,1,"Under 40","0"
"548329","2012-05-10",2012,"Rajiv Gandhi International Stadium, Uppal","Hyderabad","Deccan Chargers","Delhi Capitals",1,1,"Deccan Chargers","bat","Delhi Capitals","Deccan Chargers",33,2,36,5.5,1,0,0,"Under 40","2"
"548329","2012-05-10",2012,"Rajiv Gandhi International Stadium, Uppal","Hyderabad","Delhi Capitals","Deccan Chargers",2,0,"Deccan Chargers","bat","Delhi Capitals","Deccan Chargers",64,1,36,10.6666666666667,0,1,0,"60+","1"
"548361","2012-05-10",2012,"Sawai Mansingh Stadium","Jaipur","Rajasthan Royals","Chennai Super Kings",1,1,"Chennai Super Kings","field","Chennai Super Kings","Rajasthan Royals",28,2,36,4.66666666666667,0,0,1,"Under 40","2"
"548361","2012-05-10",2012,"Sawai Mansingh Stadium","Jaipur","Chennai Super Kings","Rajasthan Royals",2,0,"Chennai Super Kings","field","Chennai Super Kings","Rajasthan Royals",36,2,36,6,1,1,1,"Under 40","2"
"548362","2012-05-11",2012,"Subrata Roy Sahara Stadium","Pune","Royal Challengers Bengaluru","Pune Warriors",1,1,"Pune Warriors","field","Royal Challengers Bengaluru","Pune Warriors",66,0,36,11,0,1,1,"60+","0"
"548362","2012-05-11",2012,"Subrata Roy Sahara Stadium","Pune","Pune Warriors","Royal Challengers Bengaluru",2,0,"Pune Warriors","field","Royal Challengers Bengaluru","Pune Warriors",50,3,36,8.33333333333333,1,0,1,"50-59","3+"
"548363","2012-05-12",2012,"Eden Gardens","Kolkata","Mumbai Indians","Kolkata Knight Riders",1,1,"Mumbai Indians","bat","Mumbai Indians","Kolkata Knight Riders",49,1,36,8.16666666666667,1,1,0,"40-49","1"
"548363","2012-05-12",2012,"Eden Gardens","Kolkata","Kolkata Knight Riders","Mumbai Indians",2,0,"Mumbai Indians","bat","Mumbai Indians","Kolkata Knight Riders",32,2,36,5.33333333333333,0,0,0,"Under 40","2"
"548364","2012-05-12",2012,"MA Chidambaram Stadium, Chepauk","Chennai","Delhi Capitals","Chennai Super Kings",1,1,"Chennai Super Kings","field","Chennai Super Kings","Delhi Capitals",27,4,36,4.5,0,0,1,"Under 40","3+"
"548364","2012-05-12",2012,"MA Chidambaram Stadium, Chepauk","Chennai","Chennai Super Kings","Delhi Capitals",2,0,"Chennai Super Kings","field","Chennai Super Kings","Delhi Capitals",45,0,36,7.5,1,1,1,"40-49","0"
"548365","2012-05-13",2012,"Sawai Mansingh Stadium","Jaipur","Rajasthan Royals","Pune Warriors",1,1,"Rajasthan Royals","bat","Rajasthan Royals","Pune Warriors",45,1,36,7.5,1,1,0,"40-49","1"
"548365","2012-05-13",2012,"Sawai Mansingh Stadium","Jaipur","Pune Warriors","Rajasthan Royals",2,0,"Rajasthan Royals","bat","Rajasthan Royals","Pune Warriors",33,4,36,5.5,0,0,0,"Under 40","3+"
"548366","2012-05-13",2012,"Punjab Cricket Association Stadium, Mohali","Chandigarh","Deccan Chargers","Punjab Kings",1,1,"Deccan Chargers","bat","Punjab Kings","Deccan Chargers",47,1,36,7.83333333333333,1,0,0,"40-49","1"
"548366","2012-05-13",2012,"Punjab Cricket Association Stadium, Mohali","Chandigarh","Punjab Kings","Deccan Chargers",2,0,"Deccan Chargers","bat","Punjab Kings","Deccan Chargers",44,2,36,7.33333333333333,0,1,0,"40-49","2"
"548367","2012-05-14",2012,"M Chinnaswamy Stadium","Bangalore","Royal Challengers Bengaluru","Mumbai Indians",1,1,"Mumbai Indians","field","Mumbai Indians","Royal Challengers Bengaluru",40,2,36,6.66666666666667,0,0,1,"40-49","2"
"548367","2012-05-14",2012,"M Chinnaswamy Stadium","Bangalore","Mumbai Indians","Royal Challengers Bengaluru",2,0,"Mumbai Indians","field","Mumbai Indians","Royal Challengers Bengaluru",32,3,36,5.33333333333333,1,1,1,"Under 40","3+"
"548368","2012-05-14",2012,"Eden Gardens","Kolkata","Kolkata Knight Riders","Chennai Super Kings",1,1,"Chennai Super Kings","field","Chennai Super Kings","Kolkata Knight Riders",50,0,36,8.33333333333333,0,0,1,"50-59","0"
"548368","2012-05-14",2012,"Eden Gardens","Kolkata","Chennai Super Kings","Kolkata Knight Riders",2,0,"Chennai Super Kings","field","Chennai Super Kings","Kolkata Knight Riders",51,0,36,8.5,1,1,1,"50-59","0"
"548369","2012-05-15",2012,"Feroz Shah Kotla","Delhi","Punjab Kings","Delhi Capitals",1,1,"Punjab Kings","bat","Delhi Capitals","Punjab Kings",47,2,36,7.83333333333333,1,0,0,"40-49","2"
"548369","2012-05-15",2012,"Feroz Shah Kotla","Delhi","Delhi Capitals","Punjab Kings",2,0,"Punjab Kings","bat","Delhi Capitals","Punjab Kings",37,4,36,6.16666666666667,0,1,0,"Under 40","3+"
"548370","2012-05-16",2012,"Wankhede Stadium","Mumbai","Kolkata Knight Riders","Mumbai Indians",1,1,"Mumbai Indians","field","Kolkata Knight Riders","Mumbai Indians",32,2,36,5.33333333333333,0,1,1,"Under 40","2"
"548370","2012-05-16",2012,"Wankhede Stadium","Mumbai","Mumbai Indians","Kolkata Knight Riders",2,0,"Mumbai Indians","field","Kolkata Knight Riders","Mumbai Indians",26,1,36,4.33333333333333,1,0,1,"Under 40","1"
"548371","2012-05-17",2012,"Himachal Pradesh Cricket Association Stadium","Dharamsala","Chennai Super Kings","Punjab Kings",1,1,"Punjab Kings","field","Punjab Kings","Chennai Super Kings",25,2,36,4.16666666666667,0,0,1,"Under 40","2"
"548371","2012-05-17",2012,"Himachal Pradesh Cricket Association Stadium","Dharamsala","Punjab Kings","Chennai Super Kings",2,0,"Punjab Kings","field","Punjab Kings","Chennai Super Kings",43,0,36,7.16666666666667,1,1,1,"40-49","0"
"548372","2012-05-17",2012,"Feroz Shah Kotla","Delhi","Royal Challengers Bengaluru","Delhi Capitals",1,1,"Delhi Capitals","field","Royal Challengers Bengaluru","Delhi Capitals",42,1,36,7,0,1,1,"40-49","1"
"548372","2012-05-17",2012,"Feroz Shah Kotla","Delhi","Delhi Capitals","Royal Challengers Bengaluru",2,0,"Delhi Capitals","field","Royal Challengers Bengaluru","Delhi Capitals",51,2,36,8.5,1,0,1,"50-59","2"
"548373","2012-05-18",2012,"Rajiv Gandhi International Stadium, Uppal","Hyderabad","Rajasthan Royals","Deccan Chargers",1,1,"Rajasthan Royals","bat","Deccan Chargers","Rajasthan Royals",41,1,36,6.83333333333333,1,0,0,"40-49","1"
"548373","2012-05-18",2012,"Rajiv Gandhi International Stadium, Uppal","Hyderabad","Deccan Chargers","Rajasthan Royals",2,0,"Rajasthan Royals","bat","Deccan Chargers","Rajasthan Royals",58,0,36,9.66666666666667,0,1,0,"50-59","0"
"548374","2012-05-19",2012,"Himachal Pradesh Cricket Association Stadium","Dharamsala","Punjab Kings","Delhi Capitals",1,1,"Delhi Capitals","field","Delhi Capitals","Punjab Kings",20,4,36,3.33333333333333,0,0,1,"Under 40","3+"
"548374","2012-05-19",2012,"Himachal Pradesh Cricket Association Stadium","Dharamsala","Delhi Capitals","Punjab Kings",2,0,"Delhi Capitals","field","Delhi Capitals","Punjab Kings",44,0,36,7.33333333333333,1,1,1,"40-49","0"
"548375","2012-05-19",2012,"Subrata Roy Sahara Stadium","Pune","Kolkata Knight Riders","Pune Warriors",1,1,"Kolkata Knight Riders","bat","Kolkata Knight Riders","Pune Warriors",27,1,36,4.5,1,1,0,"Under 40","1"
"548375","2012-05-19",2012,"Subrata Roy Sahara Stadium","Pune","Pune Warriors","Kolkata Knight Riders",2,0,"Kolkata Knight Riders","bat","Kolkata Knight Riders","Pune Warriors",40,1,36,6.66666666666667,0,0,0,"40-49","1"
"548376","2012-05-20",2012,"Rajiv Gandhi International Stadium, Uppal","Hyderabad","Deccan Chargers","Royal Challengers Bengaluru",1,1,"Royal Challengers Bengaluru","field","Deccan Chargers","Royal Challengers Bengaluru",23,3,36,3.83333333333333,0,1,1,"Under 40","3+"
"548376","2012-05-20",2012,"Rajiv Gandhi International Stadium, Uppal","Hyderabad","Royal Challengers Bengaluru","Deccan Chargers",2,0,"Royal Challengers Bengaluru","field","Deccan Chargers","Royal Challengers Bengaluru",40,2,36,6.66666666666667,1,0,1,"40-49","2"
"548377","2012-05-20",2012,"Sawai Mansingh Stadium","Jaipur","Rajasthan Royals","Mumbai Indians",1,1,"Rajasthan Royals","bat","Mumbai Indians","Rajasthan Royals",31,2,36,5.16666666666667,1,0,0,"Under 40","2"
"548377","2012-05-20",2012,"Sawai Mansingh Stadium","Jaipur","Mumbai Indians","Rajasthan Royals",2,0,"Rajasthan Royals","bat","Mumbai Indians","Rajasthan Royals",44,0,36,7.33333333333333,0,1,0,"40-49","0"
"548378","2012-05-22",2012,"Subrata Roy Sahara Stadium","Pune","Kolkata Knight Riders","Delhi Capitals",1,1,"Kolkata Knight Riders","bat","Kolkata Knight Riders","Delhi Capitals",48,1,36,8,1,1,0,"40-49","1"
"548378","2012-05-22",2012,"Subrata Roy Sahara Stadium","Pune","Delhi Capitals","Kolkata Knight Riders",2,0,"Kolkata Knight Riders","bat","Kolkata Knight Riders","Delhi Capitals",49,2,36,8.16666666666667,0,0,0,"40-49","2"
"548379","2012-05-23",2012,"M Chinnaswamy Stadium","Bangalore","Chennai Super Kings","Mumbai Indians",1,1,"Mumbai Indians","field","Chennai Super Kings","Mumbai Indians",30,2,36,5,0,1,1,"Under 40","2"
"548379","2012-05-23",2012,"M Chinnaswamy Stadium","Bangalore","Mumbai Indians","Chennai Super Kings",2,0,"Mumbai Indians","field","Chennai Super Kings","Mumbai Indians",54,1,36,9,1,0,1,"50-59","1"
"548380","2012-05-25",2012,"MA Chidambaram Stadium, Chepauk","Chennai","Chennai Super Kings","Delhi Capitals",1,1,"Delhi Capitals","field","Chennai Super Kings","Delhi Capitals",52,0,36,8.66666666666667,0,1,1,"50-59","0"
"548380","2012-05-25",2012,"MA Chidambaram Stadium, Chepauk","Chennai","Delhi Capitals","Chennai Super Kings",2,0,"Delhi Capitals","field","Chennai Super Kings","Delhi Capitals",46,2,36,7.66666666666667,1,0,1,"40-49","2"
"548381","2012-05-27",2012,"MA Chidambaram Stadium, Chepauk","Chennai","Chennai Super Kings","Kolkata Knight Riders",1,1,"Chennai Super Kings","bat","Kolkata Knight Riders","Chennai Super Kings",54,0,36,9,1,0,0,"50-59","0"
"548381","2012-05-27",2012,"MA Chidambaram Stadium, Chepauk","Chennai","Kolkata Knight Riders","Chennai Super Kings",2,0,"Chennai Super Kings","bat","Kolkata Knight Riders","Chennai Super Kings",56,1,36,9.33333333333333,0,1,0,"50-59","1"
"597998","2013-04-03",2013,"Eden Gardens","Kolkata","Delhi Capitals","Kolkata Knight Riders",1,1,"Kolkata Knight Riders","field","Kolkata Knight Riders","Delhi Capitals",45,2,36,7.5,0,0,1,"40-49","2"
"597998","2013-04-03",2013,"Eden Gardens","Kolkata","Kolkata Knight Riders","Delhi Capitals",2,0,"Kolkata Knight Riders","field","Kolkata Knight Riders","Delhi Capitals",46,1,36,7.66666666666667,1,1,1,"40-49","1"
"597999","2013-04-04",2013,"M Chinnaswamy Stadium","Bangalore","Royal Challengers Bengaluru","Mumbai Indians",1,1,"Mumbai Indians","field","Royal Challengers Bengaluru","Mumbai Indians",31,2,36,5.16666666666667,0,1,1,"Under 40","2"
"597999","2013-04-04",2013,"M Chinnaswamy Stadium","Bangalore","Mumbai Indians","Royal Challengers Bengaluru",2,0,"Mumbai Indians","field","Royal Challengers Bengaluru","Mumbai Indians",38,0,36,6.33333333333333,1,0,1,"Under 40","0"
"598000","2013-04-05",2013,"Rajiv Gandhi International Stadium, Uppal","Hyderabad","Sunrisers Hyderabad","Pune Warriors",1,1,"Pune Warriors","field","Sunrisers Hyderabad","Pune Warriors",38,1,36,6.33333333333333,0,1,1,"Under 40","1"
"598000","2013-04-05",2013,"Rajiv Gandhi International Stadium, Uppal","Hyderabad","Pune Warriors","Sunrisers Hyderabad",2,0,"Pune Warriors","field","Sunrisers Hyderabad","Pune Warriors",27,0,36,4.5,1,0,1,"Under 40","0"
"598001","2013-04-06",2013,"Feroz Shah Kotla","Delhi","Rajasthan Royals","Delhi Capitals",1,1,"Rajasthan Royals","bat","Rajasthan Royals","Delhi Capitals",45,1,36,7.5,1,1,0,"40-49","1"
"598001","2013-04-06",2013,"Feroz Shah Kotla","Delhi","Delhi Capitals","Rajasthan Royals",2,0,"Rajasthan Royals","bat","Rajasthan Royals","Delhi Capitals",39,1,36,6.5,0,0,0,"Under 40","1"
"598002","2013-04-06",2013,"MA Chidambaram Stadium, Chepauk","Chennai","Mumbai Indians","Chennai Super Kings",1,1,"Mumbai Indians","bat","Mumbai Indians","Chennai Super Kings",41,2,36,6.83333333333333,1,1,0,"40-49","2"
"598002","2013-04-06",2013,"MA Chidambaram Stadium, Chepauk","Chennai","Chennai Super Kings","Mumbai Indians",2,0,"Mumbai Indians","bat","Mumbai Indians","Chennai Super Kings",36,2,36,6,0,0,0,"Under 40","2"
"598003","2013-04-07",2013,"Subrata Roy Sahara Stadium","Pune","Pune Warriors","Punjab Kings",1,1,"Pune Warriors","bat","Punjab Kings","Pune Warriors",24,2,36,4,1,0,0,"Under 40","2"
"598003","2013-04-07",2013,"Subrata Roy Sahara Stadium","Pune","Punjab Kings","Pune Warriors",2,0,"Pune Warriors","bat","Punjab Kings","Pune Warriors",56,1,36,9.33333333333333,0,1,0,"50-59","1"
"598004","2013-04-07",2013,"Rajiv Gandhi International Stadium, Uppal","Hyderabad","Royal Challengers Bengaluru","Sunrisers Hyderabad",1,1,"Royal Challengers Bengaluru","bat","Sunrisers Hyderabad","Royal Challengers Bengaluru",40,2,36,6.66666666666667,1,0,0,"40-49","2"
"598004","2013-04-07",2013,"Rajiv Gandhi International Stadium, Uppal","Hyderabad","Sunrisers Hyderabad","Royal Challengers Bengaluru",2,0,"Royal Challengers Bengaluru","bat","Sunrisers Hyderabad","Royal Challengers Bengaluru",37,2,36,6.16666666666667,0,1,0,"Under 40","2"
"598005","2013-04-08",2013,"Sawai Mansingh Stadium","Jaipur","Rajasthan Royals","Kolkata Knight Riders",1,1,"Kolkata Knight Riders","field","Rajasthan Royals","Kolkata Knight Riders",35,1,36,5.83333333333333,0,1,1,"Under 40","1"
"598005","2013-04-08",2013,"Sawai Mansingh Stadium","Jaipur","Kolkata Knight Riders","Rajasthan Royals",2,0,"Kolkata Knight Riders","field","Rajasthan Royals","Kolkata Knight Riders",40,2,36,6.66666666666667,1,0,1,"40-49","2"
"598006","2013-04-09",2013,"Wankhede Stadium","Mumbai","Mumbai Indians","Delhi Capitals",1,1,"Mumbai Indians","bat","Mumbai Indians","Delhi Capitals",38,2,36,6.33333333333333,1,1,0,"Under 40","2"
"598006","2013-04-09",2013,"Wankhede Stadium","Mumbai","Delhi Capitals","Mumbai Indians",2,0,"Mumbai Indians","bat","Mumbai Indians","Delhi Capitals",46,2,36,7.66666666666667,0,0,0,"40-49","2"
"598048","2013-04-09",2013,"M Chinnaswamy Stadium","Bangalore","Sunrisers Hyderabad","Royal Challengers Bengaluru",1,1,"Sunrisers Hyderabad","bat","Royal Challengers Bengaluru","Sunrisers Hyderabad",40,1,36,6.66666666666667,1,0,0,"40-49","1"
"598048","2013-04-09",2013,"M Chinnaswamy Stadium","Bangalore","Royal Challengers Bengaluru","Sunrisers Hyderabad",2,0,"Sunrisers Hyderabad","bat","Royal Challengers Bengaluru","Sunrisers Hyderabad",47,1,36,7.83333333333333,0,1,0,"40-49","1"
"598007","2013-04-10",2013,"Punjab Cricket Association Stadium, Mohali","Chandigarh","Punjab Kings","Chennai Super Kings",1,1,"Chennai Super Kings","field","Chennai Super Kings","Punjab Kings",43,2,36,7.16666666666667,0,0,1,"40-49","2"
"598007","2013-04-10",2013,"Punjab Cricket Association Stadium, Mohali","Chandigarh","Chennai Super Kings","Punjab Kings",2,0,"Chennai Super Kings","field","Chennai Super Kings","Punjab Kings",38,0,36,6.33333333333333,1,1,1,"Under 40","0"
"598008","2013-04-11",2013,"M Chinnaswamy Stadium","Bangalore","Kolkata Knight Riders","Royal Challengers Bengaluru",1,1,"Royal Challengers Bengaluru","field","Royal Challengers Bengaluru","Kolkata Knight Riders",44,1,36,7.33333333333333,0,0,1,"40-49","1"
"598008","2013-04-11",2013,"M Chinnaswamy Stadium","Bangalore","Royal Challengers Bengaluru","Kolkata Knight Riders",2,0,"Royal Challengers Bengaluru","field","Royal Challengers Bengaluru","Kolkata Knight Riders",43,1,36,7.16666666666667,1,1,1,"40-49","1"
"598009","2013-04-11",2013,"Subrata Roy Sahara Stadium","Pune","Rajasthan Royals","Pune Warriors",1,1,"Rajasthan Royals","bat","Pune Warriors","Rajasthan Royals",44,1,36,7.33333333333333,1,0,0,"40-49","1"
"598009","2013-04-11",2013,"Subrata Roy Sahara Stadium","Pune","Pune Warriors","Rajasthan Royals",2,0,"Rajasthan Royals","bat","Pune Warriors","Rajasthan Royals",64,1,36,10.6666666666667,0,1,0,"60+","1"
"598010","2013-04-12",2013,"Feroz Shah Kotla","Delhi","Delhi Capitals","Sunrisers Hyderabad",1,1,"Delhi Capitals","bat","Sunrisers Hyderabad","Delhi Capitals",29,3,36,4.83333333333333,1,0,0,"Under 40","3+"
"598010","2013-04-12",2013,"Feroz Shah Kotla","Delhi","Sunrisers Hyderabad","Delhi Capitals",2,0,"Delhi Capitals","bat","Sunrisers Hyderabad","Delhi Capitals",38,1,36,6.33333333333333,0,1,0,"Under 40","1"
"598011","2013-04-13",2013,"Wankhede Stadium","Mumbai","Mumbai Indians","Pune Warriors",1,1,"Mumbai Indians","bat","Mumbai Indians","Pune Warriors",48,0,36,8,1,1,0,"40-49","0"
"598011","2013-04-13",2013,"Wankhede Stadium","Mumbai","Pune Warriors","Mumbai Indians",2,0,"Mumbai Indians","bat","Mumbai Indians","Pune Warriors",40,4,36,6.66666666666667,0,0,0,"40-49","3+"
"598012","2013-04-13",2013,"MA Chidambaram Stadium, Chepauk","Chennai","Royal Challengers Bengaluru","Chennai Super Kings",1,1,"Chennai Super Kings","field","Chennai Super Kings","Royal Challengers Bengaluru",33,1,36,5.5,0,0,1,"Under 40","1"
"598012","2013-04-13",2013,"MA Chidambaram Stadium, Chepauk","Chennai","Chennai Super Kings","Royal Challengers Bengaluru",2,0,"Chennai Super Kings","field","Chennai Super Kings","Royal Challengers Bengaluru",31,2,36,5.16666666666667,1,1,1,"Under 40","2"
"598013","2013-04-14",2013,"Eden Gardens","Kolkata","Kolkata Knight Riders","Sunrisers Hyderabad",1,1,"Kolkata Knight Riders","bat","Kolkata Knight Riders","Sunrisers Hyderabad",48,0,36,8,1,1,0,"40-49","0"
"598013","2013-04-14",2013,"Eden Gardens","Kolkata","Sunrisers Hyderabad","Kolkata Knight Riders",2,0,"Kolkata Knight Riders","bat","Kolkata Knight Riders","Sunrisers Hyderabad",39,0,36,6.5,0,0,0,"Under 40","0"
"598014","2013-04-14",2013,"Sawai Mansingh Stadium","Jaipur","Punjab Kings","Rajasthan Royals",1,1,"Rajasthan Royals","field","Rajasthan Royals","Punjab Kings",34,3,36,5.66666666666667,0,0,1,"Under 40","3+"
"598014","2013-04-14",2013,"Sawai Mansingh Stadium","Jaipur","Rajasthan Royals","Punjab Kings",2,0,"Rajasthan Royals","field","Rajasthan Royals","Punjab Kings",48,1,36,8,1,1,1,"40-49","1"
"598015","2013-04-15",2013,"MA Chidambaram Stadium, Chepauk","Chennai","Pune Warriors","Chennai Super Kings",1,1,"Pune Warriors","bat","Pune Warriors","Chennai Super Kings",48,0,36,8,1,1,0,"40-49","0"
"598015","2013-04-15",2013,"MA Chidambaram Stadium, Chepauk","Chennai","Chennai Super Kings","Pune Warriors",2,0,"Pune Warriors","bat","Pune Warriors","Chennai Super Kings",38,2,36,6.33333333333333,0,0,0,"Under 40","2"
"598016","2013-04-16",2013,"Punjab Cricket Association Stadium, Mohali","Chandigarh","Punjab Kings","Kolkata Knight Riders",1,1,"Kolkata Knight Riders","field","Punjab Kings","Kolkata Knight Riders",35,1,36,5.83333333333333,0,1,1,"Under 40","1"
"598016","2013-04-16",2013,"Punjab Cricket Association Stadium, Mohali","Chandigarh","Kolkata Knight Riders","Punjab Kings",2,0,"Kolkata Knight Riders","field","Punjab Kings","Kolkata Knight Riders",45,2,36,7.5,1,0,1,"40-49","2"
"598017","2013-04-16",2013,"M Chinnaswamy Stadium","Bangalore","Delhi Capitals","Royal Challengers Bengaluru",1,1,"Royal Challengers Bengaluru","field","Royal Challengers Bengaluru","Delhi Capitals",43,1,36,7.16666666666667,0,0,1,"40-49","1"
"598017","2013-04-16",2013,"M Chinnaswamy Stadium","Bangalore","Royal Challengers Bengaluru","Delhi Capitals",2,0,"Royal Challengers Bengaluru","field","Royal Challengers Bengaluru","Delhi Capitals",48,2,36,8,1,1,1,"40-49","2"
"598018","2013-04-17",2013,"Maharashtra Cricket Association Stadium","Pune","Sunrisers Hyderabad","Pune Warriors",1,1,"Pune Warriors","field","Sunrisers Hyderabad","Pune Warriors",25,4,36,4.16666666666667,0,1,1,"Under 40","3+"
"598018","2013-04-17",2013,"Maharashtra Cricket Association Stadium","Pune","Pune Warriors","Sunrisers Hyderabad",2,0,"Pune Warriors","field","Sunrisers Hyderabad","Pune Warriors",41,2,36,6.83333333333333,1,0,1,"40-49","2"
"598019","2013-04-17",2013,"Sawai Mansingh Stadium","Jaipur","Rajasthan Royals","Mumbai Indians",1,1,"Rajasthan Royals","bat","Rajasthan Royals","Mumbai Indians",58,0,36,9.66666666666667,1,1,0,"50-59","0"
"598019","2013-04-17",2013,"Sawai Mansingh Stadium","Jaipur","Mumbai Indians","Rajasthan Royals",2,0,"Rajasthan Royals","bat","Rajasthan Royals","Mumbai Indians",26,2,36,4.33333333333333,0,0,0,"Under 40","2"
"598020","2013-04-18",2013,"Feroz Shah Kotla","Delhi","Chennai Super Kings","Delhi Capitals",1,1,"Chennai Super Kings","bat","Chennai Super Kings","Delhi Capitals",39,1,36,6.5,1,1,0,"Under 40","1"
"598020","2013-04-18",2013,"Feroz Shah Kotla","Delhi","Delhi Capitals","Chennai Super Kings",2,0,"Chennai Super Kings","bat","Chennai Super Kings","Delhi Capitals",32,4,36,5.33333333333333,0,0,0,"Under 40","3+"
"598021","2013-04-19",2013,"Rajiv Gandhi International Stadium, Uppal","Hyderabad","Punjab Kings","Sunrisers Hyderabad",1,1,"Punjab Kings","bat","Sunrisers Hyderabad","Punjab Kings",36,1,36,6,1,0,0,"Under 40","1"
"598021","2013-04-19",2013,"Rajiv Gandhi International Stadium, Uppal","Hyderabad","Sunrisers Hyderabad","Punjab Kings",2,0,"Punjab Kings","bat","Sunrisers Hyderabad","Punjab Kings",33,1,36,5.5,0,1,0,"Under 40","1"
"598022","2013-04-20",2013,"Eden Gardens","Kolkata","Kolkata Knight Riders","Chennai Super Kings",1,1,"Kolkata Knight Riders","bat","Chennai Super Kings","Kolkata Knight Riders",47,1,36,7.83333333333333,1,0,0,"40-49","1"
"598022","2013-04-20",2013,"Eden Gardens","Kolkata","Chennai Super Kings","Kolkata Knight Riders",2,0,"Kolkata Knight Riders","bat","Chennai Super Kings","Kolkata Knight Riders",27,1,36,4.5,0,1,0,"Under 40","1"
"598023","2013-04-20",2013,"M Chinnaswamy Stadium","Bangalore","Rajasthan Royals","Royal Challengers Bengaluru",1,1,"Royal Challengers Bengaluru","field","Royal Challengers Bengaluru","Rajasthan Royals",31,2,36,5.16666666666667,0,0,1,"Under 40","2"
"598023","2013-04-20",2013,"M Chinnaswamy Stadium","Bangalore","Royal Challengers Bengaluru","Rajasthan Royals",2,0,"Royal Challengers Bengaluru","field","Royal Challengers Bengaluru","Rajasthan Royals",48,0,36,8,1,1,1,"40-49","0"
"598024","2013-04-21",2013,"Feroz Shah Kotla","Delhi","Mumbai Indians","Delhi Capitals",1,1,"Mumbai Indians","bat","Delhi Capitals","Mumbai Indians",24,2,36,4,1,0,0,"Under 40","2"
"598024","2013-04-21",2013,"Feroz Shah Kotla","Delhi","Delhi Capitals","Mumbai Indians",2,0,"Mumbai Indians","bat","Delhi Capitals","Mumbai Indians",60,0,36,10,0,1,0,"60+","0"
"598025","2013-04-21",2013,"Punjab Cricket Association Stadium, Mohali","Chandigarh","Pune Warriors","Punjab Kings",1,1,"Punjab Kings","field","Punjab Kings","Pune Warriors",48,0,36,8,0,0,1,"40-49","0"
"598025","2013-04-21",2013,"Punjab Cricket Association Stadium, Mohali","Chandigarh","Punjab Kings","Pune Warriors",2,0,"Punjab Kings","field","Punjab Kings","Pune Warriors",55,2,36,9.16666666666667,1,1,1,"50-59","2"
"598026","2013-04-22",2013,"MA Chidambaram Stadium, Chepauk","Chennai","Rajasthan Royals","Chennai Super Kings",1,1,"Rajasthan Royals","bat","Chennai Super Kings","Rajasthan Royals",55,0,36,9.16666666666667,1,0,0,"50-59","0"
"598026","2013-04-22",2013,"MA Chidambaram Stadium, Chepauk","Chennai","Chennai Super Kings","Rajasthan Royals",2,0,"Rajasthan Royals","bat","Chennai Super Kings","Rajasthan Royals",58,1,36,9.66666666666667,0,1,0,"50-59","1"
"598027","2013-04-23",2013,"M Chinnaswamy Stadium","Bangalore","Royal Challengers Bengaluru","Pune Warriors",1,1,"Pune Warriors","field","Royal Challengers Bengaluru","Pune Warriors",62,0,36,10.3333333333333,0,1,1,"60+","0"
"598027","2013-04-23",2013,"M Chinnaswamy Stadium","Bangalore","Pune Warriors","Royal Challengers Bengaluru",2,0,"Pune Warriors","field","Royal Challengers Bengaluru","Pune Warriors",43,4,36,7.16666666666667,1,0,1,"40-49","3+"
"598059","2013-04-23",2013,"Feroz Shah Kotla","Delhi","Delhi Capitals","Punjab Kings",1,1,"Punjab Kings","field","Punjab Kings","Delhi Capitals",40,2,36,6.66666666666667,0,0,1,"40-49","2"
"598059","2013-04-23",2013,"Feroz Shah Kotla","Delhi","Punjab Kings","Delhi Capitals",2,0,"Punjab Kings","field","Punjab Kings","Delhi Capitals",56,3,36,9.33333333333333,1,1,1,"50-59","3+"
"598029","2013-04-24",2013,"Eden Gardens","Kolkata","Kolkata Knight Riders","Mumbai Indians",1,1,"Kolkata Knight Riders","bat","Mumbai Indians","Kolkata Knight Riders",61,1,36,10.1666666666667,1,0,0,"60+","1"
"598029","2013-04-24",2013,"Eden Gardens","Kolkata","Mumbai Indians","Kolkata Knight Riders",2,0,"Kolkata Knight Riders","bat","Mumbai Indians","Kolkata Knight Riders",42,1,36,7,0,1,0,"40-49","1"
"598030","2013-04-25",2013,"MA Chidambaram Stadium, Chepauk","Chennai","Sunrisers Hyderabad","Chennai Super Kings",1,1,"Sunrisers Hyderabad","bat","Chennai Super Kings","Sunrisers Hyderabad",40,3,36,6.66666666666667,1,0,0,"40-49","3+"
"598030","2013-04-25",2013,"MA Chidambaram Stadium, Chepauk","Chennai","Chennai Super Kings","Sunrisers Hyderabad",2,0,"Sunrisers Hyderabad","bat","Chennai Super Kings","Sunrisers Hyderabad",58,0,36,9.66666666666667,0,1,0,"50-59","0"
"598031","2013-04-26",2013,"Eden Gardens","Kolkata","Punjab Kings","Kolkata Knight Riders",1,1,"Punjab Kings","bat","Kolkata Knight Riders","Punjab Kings",45,0,36,7.5,1,0,0,"40-49","0"
"598031","2013-04-26",2013,"Eden Gardens","Kolkata","Kolkata Knight Riders","Punjab Kings",2,0,"Punjab Kings","bat","Kolkata Knight Riders","Punjab Kings",45,2,36,7.5,0,1,0,"40-49","2"
"598032","2013-04-27",2013,"Sawai Mansingh Stadium","Jaipur","Sunrisers Hyderabad","Rajasthan Royals",1,1,"Sunrisers Hyderabad","bat","Rajasthan Royals","Sunrisers Hyderabad",29,5,36,4.83333333333333,1,0,0,"Under 40","3+"
"598032","2013-04-27",2013,"Sawai Mansingh Stadium","Jaipur","Rajasthan Royals","Sunrisers Hyderabad",2,0,"Sunrisers Hyderabad","bat","Rajasthan Royals","Sunrisers Hyderabad",30,1,36,5,0,1,0,"Under 40","1"
"598033","2013-04-27",2013,"Wankhede Stadium","Mumbai","Mumbai Indians","Royal Challengers Bengaluru",1,1,"Mumbai Indians","bat","Mumbai Indians","Royal Challengers Bengaluru",52,1,36,8.66666666666667,1,1,0,"50-59","1"
"598033","2013-04-27",2013,"Wankhede Stadium","Mumbai","Royal Challengers Bengaluru","Mumbai Indians",2,0,"Mumbai Indians","bat","Mumbai Indians","Royal Challengers Bengaluru",35,1,36,5.83333333333333,0,0,0,"Under 40","1"
"598034","2013-04-28",2013,"MA Chidambaram Stadium, Chepauk","Chennai","Chennai Super Kings","Kolkata Knight Riders",1,1,"Kolkata Knight Riders","field","Chennai Super Kings","Kolkata Knight Riders",67,0,36,11.1666666666667,0,1,1,"60+","0"
"598034","2013-04-28",2013,"MA Chidambaram Stadium, Chepauk","Chennai","Kolkata Knight Riders","Chennai Super Kings",2,0,"Kolkata Knight Riders","field","Chennai Super Kings","Kolkata Knight Riders",63,2,36,10.5,1,0,1,"60+","2"
"598035","2013-04-28",2013,"Shaheed Veer Narayan Singh International Stadium","Raipur","Delhi Capitals","Pune Warriors",1,1,"Pune Warriors","field","Delhi Capitals","Pune Warriors",37,1,36,6.16666666666667,0,1,1,"Under 40","1"
"598035","2013-04-28",2013,"Shaheed Veer Narayan Singh International Stadium","Raipur","Pune Warriors","Delhi Capitals",2,0,"Pune Warriors","field","Delhi Capitals","Pune Warriors",43,0,36,7.16666666666667,1,0,1,"40-49","0"
"598036","2013-04-29",2013,"Sawai Mansingh Stadium","Jaipur","Royal Challengers Bengaluru","Rajasthan Royals",1,1,"Rajasthan Royals","field","Rajasthan Royals","Royal Challengers Bengaluru",55,1,36,9.16666666666667,0,0,1,"50-59","1"
"598036","2013-04-29",2013,"Sawai Mansingh Stadium","Jaipur","Rajasthan Royals","Royal Challengers Bengaluru",2,0,"Rajasthan Royals","field","Rajasthan Royals","Royal Challengers Bengaluru",45,1,36,7.5,1,1,1,"40-49","1"
"598037","2013-04-29",2013,"Wankhede Stadium","Mumbai","Mumbai Indians","Punjab Kings",1,1,"Mumbai Indians","bat","Mumbai Indians","Punjab Kings",36,1,36,6,1,1,0,"Under 40","1"
"598037","2013-04-29",2013,"Wankhede Stadium","Mumbai","Punjab Kings","Mumbai Indians",2,0,"Mumbai Indians","bat","Mumbai Indians","Punjab Kings",55,2,36,9.16666666666667,0,0,0,"50-59","2"
"598038","2013-04-30",2013,"Subrata Roy Sahara Stadium","Pune","Chennai Super Kings","Pune Warriors",1,1,"Chennai Super Kings","bat","Chennai Super Kings","Pune Warriors",29,2,36,4.83333333333333,1,1,0,"Under 40","2"
"598038","2013-04-30",2013,"Subrata Roy Sahara Stadium","Pune","Pune Warriors","Chennai Super Kings",2,0,"Chennai Super Kings","bat","Chennai Super Kings","Pune Warriors",46,4,36,7.66666666666667,0,0,0,"40-49","3+"
"598039","2013-05-01",2013,"Rajiv Gandhi International Stadium, Uppal","Hyderabad","Mumbai Indians","Sunrisers Hyderabad",1,1,"Mumbai Indians","bat","Sunrisers Hyderabad","Mumbai Indians",41,2,36,6.83333333333333,1,0,0,"40-49","2"
"598039","2013-05-01",2013,"Rajiv Gandhi International Stadium, Uppal","Hyderabad","Sunrisers Hyderabad","Mumbai Indians",2,0,"Mumbai Indians","bat","Sunrisers Hyderabad","Mumbai Indians",36,1,36,6,0,1,0,"Under 40","1"
"598040","2013-05-01",2013,"Shaheed Veer Narayan Singh International Stadium","Raipur","Kolkata Knight Riders","Delhi Capitals",1,1,"Kolkata Knight Riders","bat","Delhi Capitals","Kolkata Knight Riders",37,3,36,6.16666666666667,1,0,0,"Under 40","3+"
"598040","2013-05-01",2013,"Shaheed Veer Narayan Singh International Stadium","Raipur","Delhi Capitals","Kolkata Knight Riders",2,0,"Kolkata Knight Riders","bat","Delhi Capitals","Kolkata Knight Riders",34,2,36,5.66666666666667,0,1,0,"Under 40","2"
"598041","2013-05-02",2013,"MA Chidambaram Stadium, Chepauk","Chennai","Chennai Super Kings","Punjab Kings",1,1,"Chennai Super Kings","bat","Chennai Super Kings","Punjab Kings",36,1,36,6,1,1,0,"Under 40","1"
"598041","2013-05-02",2013,"MA Chidambaram Stadium, Chepauk","Chennai","Punjab Kings","Chennai Super Kings",2,0,"Chennai Super Kings","bat","Chennai Super Kings","Punjab Kings",36,2,36,6,0,0,0,"Under 40","2"
"598042","2013-05-02",2013,"Subrata Roy Sahara Stadium","Pune","Royal Challengers Bengaluru","Pune Warriors",1,1,"Royal Challengers Bengaluru","bat","Royal Challengers Bengaluru","Pune Warriors",30,0,36,5,1,1,0,"Under 40","0"
"598042","2013-05-02",2013,"Subrata Roy Sahara Stadium","Pune","Pune Warriors","Royal Challengers Bengaluru",2,0,"Royal Challengers Bengaluru","bat","Royal Challengers Bengaluru","Pune Warriors",39,1,36,6.5,0,0,0,"Under 40","1"
"598043","2013-05-03",2013,"Eden Gardens","Kolkata","Rajasthan Royals","Kolkata Knight Riders",1,1,"Rajasthan Royals","bat","Kolkata Knight Riders","Rajasthan Royals",34,2,36,5.66666666666667,1,0,0,"Under 40","2"
"598043","2013-05-03",2013,"Eden Gardens","Kolkata","Kolkata Knight Riders","Rajasthan Royals",2,0,"Rajasthan Royals","bat","Kolkata Knight Riders","Rajasthan Royals",48,1,36,8,0,1,0,"40-49","1"
"598044","2013-05-04",2013,"Rajiv Gandhi International Stadium, Uppal","Hyderabad","Delhi Capitals","Sunrisers Hyderabad",1,1,"Delhi Capitals","bat","Sunrisers Hyderabad","Delhi Capitals",26,1,36,4.33333333333333,1,0,0,"Under 40","1"
"598044","2013-05-04",2013,"Rajiv Gandhi International Stadium, Uppal","Hyderabad","Sunrisers Hyderabad","Delhi Capitals",2,0,"Delhi Capitals","bat","Sunrisers Hyderabad","Delhi Capitals",41,2,36,6.83333333333333,0,1,0,"40-49","2"
"598046","2013-05-05",2013,"Wankhede Stadium","Mumbai","Mumbai Indians","Chennai Super Kings",1,1,"Mumbai Indians","bat","Mumbai Indians","Chennai Super Kings",32,0,36,5.33333333333333,1,1,0,"Under 40","0"
"598046","2013-05-05",2013,"Wankhede Stadium","Mumbai","Chennai Super Kings","Mumbai Indians",2,0,"Mumbai Indians","bat","Mumbai Indians","Chennai Super Kings",32,4,36,5.33333333333333,0,0,0,"Under 40","3+"
"598047","2013-05-05",2013,"Sawai Mansingh Stadium","Jaipur","Pune Warriors","Rajasthan Royals",1,1,"Pune Warriors","bat","Rajasthan Royals","Pune Warriors",61,0,36,10.1666666666667,1,0,0,"60+","0"
"598047","2013-05-05",2013,"Sawai Mansingh Stadium","Jaipur","Rajasthan Royals","Pune Warriors",2,0,"Pune Warriors","bat","Rajasthan Royals","Pune Warriors",53,0,36,8.83333333333333,0,1,0,"50-59","0"
"598064","2013-05-06",2013,"Punjab Cricket Association Stadium, Mohali","Chandigarh","Royal Challengers Bengaluru","Punjab Kings",1,1,"Punjab Kings","field","Punjab Kings","Royal Challengers Bengaluru",58,0,36,9.66666666666667,0,0,1,"50-59","0"
"598064","2013-05-06",2013,"Punjab Cricket Association Stadium, Mohali","Chandigarh","Punjab Kings","Royal Challengers Bengaluru",2,0,"Punjab Kings","field","Punjab Kings","Royal Challengers Bengaluru",41,2,36,6.83333333333333,1,1,1,"40-49","2"
"598049","2013-05-07",2013,"Sawai Mansingh Stadium","Jaipur","Delhi Capitals","Rajasthan Royals",1,1,"Delhi Capitals","bat","Rajasthan Royals","Delhi Capitals",42,2,36,7,1,0,0,"40-49","2"
"598049","2013-05-07",2013,"Sawai Mansingh Stadium","Jaipur","Rajasthan Royals","Delhi Capitals",2,0,"Delhi Capitals","bat","Rajasthan Royals","Delhi Capitals",49,0,36,8.16666666666667,0,1,0,"40-49","0"
"598050","2013-05-07",2013,"Wankhede Stadium","Mumbai","Mumbai Indians","Kolkata Knight Riders",1,1,"Mumbai Indians","bat","Mumbai Indians","Kolkata Knight Riders",41,0,36,6.83333333333333,1,1,0,"40-49","0"
"598050","2013-05-07",2013,"Wankhede Stadium","Mumbai","Kolkata Knight Riders","Mumbai Indians",2,0,"Mumbai Indians","bat","Mumbai Indians","Kolkata Knight Riders",38,1,36,6.33333333333333,0,0,0,"Under 40","1"
"598051","2013-05-08",2013,"Rajiv Gandhi International Stadium, Uppal","Hyderabad","Chennai Super Kings","Sunrisers Hyderabad",1,1,"Sunrisers Hyderabad","field","Chennai Super Kings","Sunrisers Hyderabad",50,1,36,8.33333333333333,0,1,1,"50-59","1"
"598051","2013-05-08",2013,"Rajiv Gandhi International Stadium, Uppal","Hyderabad","Sunrisers Hyderabad","Chennai Super Kings",2,0,"Sunrisers Hyderabad","field","Chennai Super Kings","Sunrisers Hyderabad",49,2,36,8.16666666666667,1,0,1,"40-49","2"
"598052","2013-05-09",2013,"Punjab Cricket Association Stadium, Mohali","Chandigarh","Punjab Kings","Rajasthan Royals",1,1,"Rajasthan Royals","field","Rajasthan Royals","Punjab Kings",37,1,36,6.16666666666667,0,0,1,"Under 40","1"
"598052","2013-05-09",2013,"Punjab Cricket Association Stadium, Mohali","Chandigarh","Rajasthan Royals","Punjab Kings",2,0,"Rajasthan Royals","field","Rajasthan Royals","Punjab Kings",38,1,36,6.33333333333333,1,1,1,"Under 40","1"
"598053","2013-05-09",2013,"Subrata Roy Sahara Stadium","Pune","Kolkata Knight Riders","Pune Warriors",1,1,"Kolkata Knight Riders","bat","Kolkata Knight Riders","Pune Warriors",50,1,36,8.33333333333333,1,1,0,"50-59","1"
"598053","2013-05-09",2013,"Subrata Roy Sahara Stadium","Pune","Pune Warriors","Kolkata Knight Riders",2,0,"Kolkata Knight Riders","bat","Kolkata Knight Riders","Pune Warriors",34,2,36,5.66666666666667,0,0,0,"Under 40","2"
"598054","2013-05-10",2013,"Feroz Shah Kotla","Delhi","Royal Challengers Bengaluru","Delhi Capitals",1,1,"Delhi Capitals","field","Royal Challengers Bengaluru","Delhi Capitals",40,2,36,6.66666666666667,0,1,1,"40-49","2"
"598054","2013-05-10",2013,"Feroz Shah Kotla","Delhi","Delhi Capitals","Royal Challengers Bengaluru",2,0,"Delhi Capitals","field","Royal Challengers Bengaluru","Delhi Capitals",49,2,36,8.16666666666667,1,0,1,"40-49","2"
"598055","2013-05-11",2013,"Subrata Roy Sahara Stadium","Pune","Pune Warriors","Mumbai Indians",1,1,"Pune Warriors","bat","Mumbai Indians","Pune Warriors",36,2,36,6,1,0,0,"Under 40","2"
"598055","2013-05-11",2013,"Subrata Roy Sahara Stadium","Pune","Mumbai Indians","Pune Warriors",2,0,"Pune Warriors","bat","Mumbai Indians","Pune Warriors",37,2,36,6.16666666666667,0,1,0,"Under 40","2"
"598056","2013-05-11",2013,"Punjab Cricket Association Stadium, Mohali","Chandigarh","Sunrisers Hyderabad","Punjab Kings",1,1,"Punjab Kings","field","Sunrisers Hyderabad","Punjab Kings",37,2,36,6.16666666666667,0,1,1,"Under 40","2"
"598056","2013-05-11",2013,"Punjab Cricket Association Stadium, Mohali","Chandigarh","Punjab Kings","Sunrisers Hyderabad",2,0,"Punjab Kings","field","Sunrisers Hyderabad","Punjab Kings",41,1,36,6.83333333333333,1,0,1,"40-49","1"
"598057","2013-05-12",2013,"JSCA International Stadium Complex","Ranchi","Royal Challengers Bengaluru","Kolkata Knight Riders",1,1,"Kolkata Knight Riders","field","Kolkata Knight Riders","Royal Challengers Bengaluru",22,1,36,3.66666666666667,0,0,1,"Under 40","1"
"598057","2013-05-12",2013,"JSCA International Stadium Complex","Ranchi","Kolkata Knight Riders","Royal Challengers Bengaluru",2,0,"Kolkata Knight Riders","field","Kolkata Knight Riders","Royal Challengers Bengaluru",31,2,36,5.16666666666667,1,1,1,"Under 40","2"
"598058","2013-05-12",2013,"Sawai Mansingh Stadium","Jaipur","Chennai Super Kings","Rajasthan Royals",1,1,"Rajasthan Royals","field","Rajasthan Royals","Chennai Super Kings",37,0,36,6.16666666666667,0,0,1,"Under 40","0"
"598058","2013-05-12",2013,"Sawai Mansingh Stadium","Jaipur","Rajasthan Royals","Chennai Super Kings",2,0,"Rajasthan Royals","field","Rajasthan Royals","Chennai Super Kings",24,3,36,4,1,1,1,"Under 40","3+"
"598060","2013-05-13",2013,"Wankhede Stadium","Mumbai","Sunrisers Hyderabad","Mumbai Indians",1,1,"Sunrisers Hyderabad","bat","Mumbai Indians","Sunrisers Hyderabad",52,1,36,8.66666666666667,1,0,0,"50-59","1"
"598060","2013-05-13",2013,"Wankhede Stadium","Mumbai","Mumbai Indians","Sunrisers Hyderabad",2,0,"Sunrisers Hyderabad","bat","Mumbai Indians","Sunrisers Hyderabad",39,1,36,6.5,0,1,0,"Under 40","1"
"598045","2013-05-14",2013,"M Chinnaswamy Stadium","Bangalore","Royal Challengers Bengaluru","Punjab Kings",1,1,"Punjab Kings","field","Punjab Kings","Royal Challengers Bengaluru",31,1,36,5.16666666666667,0,0,1,"Under 40","1"
"598045","2013-05-14",2013,"M Chinnaswamy Stadium","Bangalore","Punjab Kings","Royal Challengers Bengaluru",2,0,"Punjab Kings","field","Punjab Kings","Royal Challengers Bengaluru",46,1,36,7.66666666666667,1,1,1,"40-49","1"
"598062","2013-05-14",2013,"MA Chidambaram Stadium, Chepauk","Chennai","Chennai Super Kings","Delhi Capitals",1,1,"Chennai Super Kings","bat","Chennai Super Kings","Delhi Capitals",47,0,36,7.83333333333333,1,1,0,"40-49","0"
"598062","2013-05-14",2013,"MA Chidambaram Stadium, Chepauk","Chennai","Delhi Capitals","Chennai Super Kings",2,0,"Chennai Super Kings","bat","Chennai Super Kings","Delhi Capitals",49,2,36,8.16666666666667,0,0,0,"40-49","2"
"598061","2013-05-15",2013,"JSCA International Stadium Complex","Ranchi","Pune Warriors","Kolkata Knight Riders",1,1,"Kolkata Knight Riders","field","Pune Warriors","Kolkata Knight Riders",42,1,36,7,0,1,1,"40-49","1"
"598061","2013-05-15",2013,"JSCA International Stadium Complex","Ranchi","Kolkata Knight Riders","Pune Warriors",2,0,"Kolkata Knight Riders","field","Pune Warriors","Kolkata Knight Riders",33,3,36,5.5,1,0,1,"Under 40","3+"
"598063","2013-05-15",2013,"Wankhede Stadium","Mumbai","Mumbai Indians","Rajasthan Royals",1,1,"Rajasthan Royals","field","Mumbai Indians","Rajasthan Royals",49,1,36,8.16666666666667,0,1,1,"40-49","1"
"598063","2013-05-15",2013,"Wankhede Stadium","Mumbai","Rajasthan Royals","Mumbai Indians",2,0,"Rajasthan Royals","field","Mumbai Indians","Rajasthan Royals",29,4,36,4.83333333333333,1,0,1,"Under 40","3+"
"598028","2013-05-16",2013,"Himachal Pradesh Cricket Association Stadium","Dharamsala","Punjab Kings","Delhi Capitals",1,1,"Delhi Capitals","field","Punjab Kings","Delhi Capitals",53,0,36,8.83333333333333,0,1,1,"50-59","0"
"598028","2013-05-16",2013,"Himachal Pradesh Cricket Association Stadium","Dharamsala","Delhi Capitals","Punjab Kings",2,0,"Delhi Capitals","field","Punjab Kings","Delhi Capitals",21,3,36,3.5,1,0,1,"Under 40","3+"
"598065","2013-05-17",2013,"Rajiv Gandhi International Stadium, Uppal","Hyderabad","Sunrisers Hyderabad","Rajasthan Royals",1,1,"Sunrisers Hyderabad","bat","Sunrisers Hyderabad","Rajasthan Royals",21,3,36,3.5,1,1,0,"Under 40","3+"
"598065","2013-05-17",2013,"Rajiv Gandhi International Stadium, Uppal","Hyderabad","Rajasthan Royals","Sunrisers Hyderabad",2,0,"Sunrisers Hyderabad","bat","Sunrisers Hyderabad","Rajasthan Royals",33,0,36,5.5,0,0,0,"Under 40","0"
"598066","2013-05-18",2013,"Himachal Pradesh Cricket Association Stadium","Dharamsala","Punjab Kings","Mumbai Indians",1,1,"Mumbai Indians","field","Punjab Kings","Mumbai Indians",35,2,36,5.83333333333333,0,1,1,"Under 40","2"
"598066","2013-05-18",2013,"Himachal Pradesh Cricket Association Stadium","Dharamsala","Mumbai Indians","Punjab Kings",2,0,"Mumbai Indians","field","Punjab Kings","Mumbai Indians",51,2,36,8.5,1,0,1,"50-59","2"
"598068","2013-05-18",2013,"M Chinnaswamy Stadium","Bangalore","Royal Challengers Bengaluru","Chennai Super Kings",1,1,"Chennai Super Kings","field","Royal Challengers Bengaluru","Chennai Super Kings",76,1,36,12.6666666666667,0,1,1,"60+","1"
"598068","2013-05-18",2013,"M Chinnaswamy Stadium","Bangalore","Chennai Super Kings","Royal Challengers Bengaluru",2,0,"Chennai Super Kings","field","Royal Challengers Bengaluru","Chennai Super Kings",56,3,36,9.33333333333333,1,0,1,"50-59","3+"
"598067","2013-05-19",2013,"Subrata Roy Sahara Stadium","Pune","Pune Warriors","Delhi Capitals",1,1,"Pune Warriors","bat","Pune Warriors","Delhi Capitals",40,1,36,6.66666666666667,1,1,0,"40-49","1"
"598067","2013-05-19",2013,"Subrata Roy Sahara Stadium","Pune","Delhi Capitals","Pune Warriors",2,0,"Pune Warriors","bat","Pune Warriors","Delhi Capitals",47,2,36,7.83333333333333,0,0,0,"40-49","2"
"598069","2013-05-19",2013,"Rajiv Gandhi International Stadium, Uppal","Hyderabad","Kolkata Knight Riders","Sunrisers Hyderabad",1,1,"Kolkata Knight Riders","bat","Sunrisers Hyderabad","Kolkata Knight Riders",33,1,36,5.5,1,0,0,"Under 40","1"
"598069","2013-05-19",2013,"Rajiv Gandhi International Stadium, Uppal","Hyderabad","Sunrisers Hyderabad","Kolkata Knight Riders",2,0,"Kolkata Knight Riders","bat","Sunrisers Hyderabad","Kolkata Knight Riders",45,0,36,7.5,0,1,0,"40-49","0"
"598070","2013-05-21",2013,"Feroz Shah Kotla","Delhi","Chennai Super Kings","Mumbai Indians",1,1,"Chennai Super Kings","bat","Chennai Super Kings","Mumbai Indians",47,0,36,7.83333333333333,1,1,0,"40-49","0"
"598070","2013-05-21",2013,"Feroz Shah Kotla","Delhi","Mumbai Indians","Chennai Super Kings",2,0,"Chennai Super Kings","bat","Chennai Super Kings","Mumbai Indians",56,1,36,9.33333333333333,0,0,0,"50-59","1"
"598071","2013-05-22",2013,"Feroz Shah Kotla","Delhi","Sunrisers Hyderabad","Rajasthan Royals",1,1,"Sunrisers Hyderabad","bat","Rajasthan Royals","Sunrisers Hyderabad",27,2,36,4.5,1,0,0,"Under 40","2"
"598071","2013-05-22",2013,"Feroz Shah Kotla","Delhi","Rajasthan Royals","Sunrisers Hyderabad",2,0,"Sunrisers Hyderabad","bat","Rajasthan Royals","Sunrisers Hyderabad",44,1,36,7.33333333333333,0,1,0,"40-49","1"
"598072","2013-05-24",2013,"Eden Gardens","Kolkata","Rajasthan Royals","Mumbai Indians",1,1,"Rajasthan Royals","bat","Mumbai Indians","Rajasthan Royals",42,0,36,7,1,0,0,"40-49","0"
"598072","2013-05-24",2013,"Eden Gardens","Kolkata","Mumbai Indians","Rajasthan Royals",2,0,"Rajasthan Royals","bat","Mumbai Indians","Rajasthan Royals",45,0,36,7.5,0,1,0,"40-49","0"
"598073","2013-05-26",2013,"Eden Gardens","Kolkata","Mumbai Indians","Chennai Super Kings",1,1,"Mumbai Indians","bat","Mumbai Indians","Chennai Super Kings",34,3,36,5.66666666666667,1,1,0,"Under 40","3+"
"598073","2013-05-26",2013,"Eden Gardens","Kolkata","Chennai Super Kings","Mumbai Indians",2,0,"Mumbai Indians","bat","Mumbai Indians","Chennai Super Kings",35,4,36,5.83333333333333,0,0,0,"Under 40","3+"
"729279","2014-04-16",2014,"Sheikh Zayed Stadium","Abu Dhabi","Kolkata Knight Riders","Mumbai Indians",1,1,"Kolkata Knight Riders","bat","Kolkata Knight Riders","Mumbai Indians",31,1,36,5.16666666666667,1,1,0,"Under 40","1"
"729279","2014-04-16",2014,"Sheikh Zayed Stadium","Abu Dhabi","Mumbai Indians","Kolkata Knight Riders",2,0,"Kolkata Knight Riders","bat","Kolkata Knight Riders","Mumbai Indians",32,1,36,5.33333333333333,0,0,0,"Under 40","1"
"729281","2014-04-17",2014,"Sharjah Cricket Stadium",,"Delhi Capitals","Royal Challengers Bengaluru",1,1,"Royal Challengers Bengaluru","field","Royal Challengers Bengaluru","Delhi Capitals",30,3,36,5,0,0,1,"Under 40","3+"
"729281","2014-04-17",2014,"Sharjah Cricket Stadium",,"Royal Challengers Bengaluru","Delhi Capitals",2,0,"Royal Challengers Bengaluru","field","Royal Challengers Bengaluru","Delhi Capitals",50,1,36,8.33333333333333,1,1,1,"50-59","1"
"729283","2014-04-18",2014,"Sheikh Zayed Stadium","Abu Dhabi","Chennai Super Kings","Punjab Kings",1,1,"Chennai Super Kings","bat","Punjab Kings","Chennai Super Kings",70,0,36,11.6666666666667,1,0,0,"60+","0"
"729283","2014-04-18",2014,"Sheikh Zayed Stadium","Abu Dhabi","Punjab Kings","Chennai Super Kings",2,0,"Chennai Super Kings","bat","Punjab Kings","Chennai Super Kings",64,3,36,10.6666666666667,0,1,0,"60+","3+"
"729285","2014-04-18",2014,"Sheikh Zayed Stadium","Abu Dhabi","Sunrisers Hyderabad","Rajasthan Royals",1,1,"Rajasthan Royals","field","Rajasthan Royals","Sunrisers Hyderabad",41,1,36,6.83333333333333,0,0,1,"40-49","1"
"729285","2014-04-18",2014,"Sheikh Zayed Stadium","Abu Dhabi","Rajasthan Royals","Sunrisers Hyderabad",2,0,"Rajasthan Royals","field","Rajasthan Royals","Sunrisers Hyderabad",30,2,36,5,1,1,1,"Under 40","2"
"729287","2014-04-19",2014,"Dubai International Cricket Stadium",,"Mumbai Indians","Royal Challengers Bengaluru",1,1,"Royal Challengers Bengaluru","field","Royal Challengers Bengaluru","Mumbai Indians",49,1,36,8.16666666666667,0,0,1,"40-49","1"
"729287","2014-04-19",2014,"Dubai International Cricket Stadium",,"Royal Challengers Bengaluru","Mumbai Indians",2,0,"Royal Challengers Bengaluru","field","Royal Challengers Bengaluru","Mumbai Indians",30,3,36,5,1,1,1,"Under 40","3+"
"729289","2014-04-19",2014,"Dubai International Cricket Stadium",,"Kolkata Knight Riders","Delhi Capitals",1,1,"Kolkata Knight Riders","bat","Delhi Capitals","Kolkata Knight Riders",31,2,36,5.16666666666667,1,0,0,"Under 40","2"
"729289","2014-04-19",2014,"Dubai International Cricket Stadium",,"Delhi Capitals","Kolkata Knight Riders",2,0,"Kolkata Knight Riders","bat","Delhi Capitals","Kolkata Knight Riders",49,2,36,8.16666666666667,0,1,0,"40-49","2"
"729291","2014-04-20",2014,"Sharjah Cricket Stadium",,"Rajasthan Royals","Punjab Kings",1,1,"Punjab Kings","field","Punjab Kings","Rajasthan Royals",54,1,36,9,0,0,1,"50-59","1"
"729291","2014-04-20",2014,"Sharjah Cricket Stadium",,"Punjab Kings","Rajasthan Royals",2,0,"Punjab Kings","field","Punjab Kings","Rajasthan Royals",39,2,36,6.5,1,1,1,"Under 40","2"
"729293","2014-04-21",2014,"Sheikh Zayed Stadium","Abu Dhabi","Chennai Super Kings","Delhi Capitals",1,1,"Chennai Super Kings","bat","Chennai Super Kings","Delhi Capitals",34,1,36,5.66666666666667,1,1,0,"Under 40","1"
"729293","2014-04-21",2014,"Sheikh Zayed Stadium","Abu Dhabi","Delhi Capitals","Chennai Super Kings",2,0,"Chennai Super Kings","bat","Chennai Super Kings","Delhi Capitals",24,3,36,4,0,0,0,"Under 40","3+"
"729295","2014-04-22",2014,"Sharjah Cricket Stadium",,"Punjab Kings","Sunrisers Hyderabad",1,1,"Sunrisers Hyderabad","field","Punjab Kings","Sunrisers Hyderabad",43,0,36,7.16666666666667,0,1,1,"40-49","0"
"729295","2014-04-22",2014,"Sharjah Cricket Stadium",,"Sunrisers Hyderabad","Punjab Kings",2,0,"Sunrisers Hyderabad","field","Punjab Kings","Sunrisers Hyderabad",45,3,36,7.5,1,0,1,"40-49","3+"
"729297","2014-04-23",2014,"Dubai International Cricket Stadium",,"Chennai Super Kings","Rajasthan Royals",1,1,"Rajasthan Royals","field","Chennai Super Kings","Rajasthan Royals",51,1,36,8.5,0,1,1,"50-59","1"
"729297","2014-04-23",2014,"Dubai International Cricket Stadium",,"Rajasthan Royals","Chennai Super Kings",2,0,"Rajasthan Royals","field","Chennai Super Kings","Rajasthan Royals",38,2,36,6.33333333333333,1,0,1,"Under 40","2"
"729299","2014-04-24",2014,"Sharjah Cricket Stadium",,"Kolkata Knight Riders","Royal Challengers Bengaluru",1,1,"Royal Challengers Bengaluru","field","Kolkata Knight Riders","Royal Challengers Bengaluru",42,2,36,7,0,1,1,"40-49","2"
"729299","2014-04-24",2014,"Sharjah Cricket Stadium",,"Royal Challengers Bengaluru","Kolkata Knight Riders",2,0,"Royal Challengers Bengaluru","field","Kolkata Knight Riders","Royal Challengers Bengaluru",49,0,36,8.16666666666667,1,0,1,"40-49","0"
"729301","2014-04-25",2014,"Dubai International Cricket Stadium",,"Sunrisers Hyderabad","Delhi Capitals",1,1,"Sunrisers Hyderabad","bat","Sunrisers Hyderabad","Delhi Capitals",55,0,36,9.16666666666667,1,1,0,"50-59","0"
"729301","2014-04-25",2014,"Dubai International Cricket Stadium",,"Delhi Capitals","Sunrisers Hyderabad",2,0,"Sunrisers Hyderabad","bat","Sunrisers Hyderabad","Delhi Capitals",44,0,36,7.33333333333333,0,0,0,"40-49","0"
"729303","2014-04-25",2014,"Dubai International Cricket Stadium",,"Mumbai Indians","Chennai Super Kings",1,1,"Mumbai Indians","bat","Chennai Super Kings","Mumbai Indians",31,2,36,5.16666666666667,1,0,0,"Under 40","2"
"729303","2014-04-25",2014,"Dubai International Cricket Stadium",,"Chennai Super Kings","Mumbai Indians",2,0,"Mumbai Indians","bat","Chennai Super Kings","Mumbai Indians",51,0,36,8.5,0,1,0,"50-59","0"
"729305","2014-04-26",2014,"Sheikh Zayed Stadium","Abu Dhabi","Royal Challengers Bengaluru","Rajasthan Royals",1,1,"Rajasthan Royals","field","Rajasthan Royals","Royal Challengers Bengaluru",22,5,36,3.66666666666667,0,0,1,"Under 40","3+"
"729305","2014-04-26",2014,"Sheikh Zayed Stadium","Abu Dhabi","Rajasthan Royals","Royal Challengers Bengaluru",2,0,"Rajasthan Royals","field","Rajasthan Royals","Royal Challengers Bengaluru",36,2,36,6,1,1,1,"Under 40","2"
"729307","2014-04-26",2014,"Sheikh Zayed Stadium","Abu Dhabi","Punjab Kings","Kolkata Knight Riders",1,1,"Kolkata Knight Riders","field","Punjab Kings","Kolkata Knight Riders",51,2,36,8.5,0,1,1,"50-59","2"
"729307","2014-04-26",2014,"Sheikh Zayed Stadium","Abu Dhabi","Kolkata Knight Riders","Punjab Kings",2,0,"Kolkata Knight Riders","field","Punjab Kings","Kolkata Knight Riders",24,3,36,4,1,0,1,"Under 40","3+"
"729309","2014-04-27",2014,"Sharjah Cricket Stadium",,"Mumbai Indians","Delhi Capitals",1,1,"Mumbai Indians","bat","Delhi Capitals","Mumbai Indians",37,2,36,6.16666666666667,1,0,0,"Under 40","2"
"729309","2014-04-27",2014,"Sharjah Cricket Stadium",,"Delhi Capitals","Mumbai Indians",2,0,"Mumbai Indians","bat","Delhi Capitals","Mumbai Indians",31,0,36,5.16666666666667,0,1,0,"Under 40","0"
"729311","2014-04-27",2014,"Sharjah Cricket Stadium",,"Sunrisers Hyderabad","Chennai Super Kings",1,1,"Sunrisers Hyderabad","bat","Chennai Super Kings","Sunrisers Hyderabad",37,2,36,6.16666666666667,1,0,0,"Under 40","2"
"729311","2014-04-27",2014,"Sharjah Cricket Stadium",,"Chennai Super Kings","Sunrisers Hyderabad",2,0,"Sunrisers Hyderabad","bat","Chennai Super Kings","Sunrisers Hyderabad",47,0,36,7.83333333333333,0,1,0,"40-49","0"
"729313","2014-04-28",2014,"Dubai International Cricket Stadium",,"Royal Challengers Bengaluru","Punjab Kings",1,1,"Punjab Kings","field","Punjab Kings","Royal Challengers Bengaluru",44,4,36,7.33333333333333,0,0,1,"40-49","3+"
"729313","2014-04-28",2014,"Dubai International Cricket Stadium",,"Punjab Kings","Royal Challengers Bengaluru",2,0,"Punjab Kings","field","Punjab Kings","Royal Challengers Bengaluru",33,2,36,5.5,1,1,1,"Under 40","2"
"729315","2014-04-29",2014,"Sheikh Zayed Stadium","Abu Dhabi","Rajasthan Royals","Kolkata Knight Riders",1,1,"Rajasthan Royals","bat","Rajasthan Royals","Kolkata Knight Riders",45,1,36,7.5,1,1,0,"40-49","1"
"729315","2014-04-29",2014,"Sheikh Zayed Stadium","Abu Dhabi","Kolkata Knight Riders","Rajasthan Royals",2,0,"Rajasthan Royals","bat","Rajasthan Royals","Kolkata Knight Riders",33,1,36,5.5,0,0,0,"Under 40","1"
"729317","2014-04-30",2014,"Dubai International Cricket Stadium",,"Sunrisers Hyderabad","Mumbai Indians",1,1,"Mumbai Indians","field","Sunrisers Hyderabad","Mumbai Indians",44,2,36,7.33333333333333,0,1,1,"40-49","2"
"729317","2014-04-30",2014,"Dubai International Cricket Stadium",,"Mumbai Indians","Sunrisers Hyderabad",2,0,"Mumbai Indians","field","Sunrisers Hyderabad","Mumbai Indians",32,3,36,5.33333333333333,1,0,1,"Under 40","3+"
"733971","2014-05-02",2014,"JSCA International Stadium Complex","Ranchi","Chennai Super Kings","Kolkata Knight Riders",1,1,"Chennai Super Kings","bat","Chennai Super Kings","Kolkata Knight Riders",43,1,36,7.16666666666667,1,1,0,"40-49","1"
"733971","2014-05-02",2014,"JSCA International Stadium Complex","Ranchi","Kolkata Knight Riders","Chennai Super Kings",2,0,"Chennai Super Kings","bat","Chennai Super Kings","Kolkata Knight Riders",39,4,36,6.5,0,0,0,"Under 40","3+"
"733973","2014-05-03",2014,"Wankhede Stadium","Mumbai","Punjab Kings","Mumbai Indians",1,1,"Punjab Kings","bat","Mumbai Indians","Punjab Kings",36,2,36,6,1,0,0,"Under 40","2"
"733973","2014-05-03",2014,"Wankhede Stadium","Mumbai","Mumbai Indians","Punjab Kings",2,0,"Punjab Kings","bat","Mumbai Indians","Punjab Kings",49,2,36,8.16666666666667,0,1,0,"40-49","2"
"733975","2014-05-03",2014,"Feroz Shah Kotla","Delhi","Delhi Capitals","Rajasthan Royals",1,1,"Rajasthan Royals","field","Rajasthan Royals","Delhi Capitals",46,1,36,7.66666666666667,0,0,1,"40-49","1"
"733975","2014-05-03",2014,"Feroz Shah Kotla","Delhi","Rajasthan Royals","Delhi Capitals",2,0,"Rajasthan Royals","field","Rajasthan Royals","Delhi Capitals",38,1,36,6.33333333333333,1,1,1,"Under 40","1"
"733977","2014-05-04",2014,"M Chinnaswamy Stadium","Bangalore","Sunrisers Hyderabad","Royal Challengers Bengaluru",1,1,"Royal Challengers Bengaluru","field","Royal Challengers Bengaluru","Sunrisers Hyderabad",47,2,36,7.83333333333333,0,0,1,"40-49","2"
"733977","2014-05-04",2014,"M Chinnaswamy Stadium","Bangalore","Royal Challengers Bengaluru","Sunrisers Hyderabad",2,0,"Royal Challengers Bengaluru","field","Royal Challengers Bengaluru","Sunrisers Hyderabad",36,2,36,6,1,1,1,"Under 40","2"
"733979","2014-05-05",2014,"Sardar Patel Stadium, Motera","Ahmedabad","Rajasthan Royals","Kolkata Knight Riders",1,1,"Kolkata Knight Riders","field","Rajasthan Royals","Kolkata Knight Riders",50,0,36,8.33333333333333,0,1,1,"50-59","0"
"733979","2014-05-05",2014,"Sardar Patel Stadium, Motera","Ahmedabad","Kolkata Knight Riders","Rajasthan Royals",2,0,"Kolkata Knight Riders","field","Rajasthan Royals","Kolkata Knight Riders",50,0,36,8.33333333333333,1,0,1,"50-59","0"
"733981","2014-05-05",2014,"Feroz Shah Kotla","Delhi","Delhi Capitals","Chennai Super Kings",1,1,"Chennai Super Kings","field","Chennai Super Kings","Delhi Capitals",46,2,36,7.66666666666667,0,0,1,"40-49","2"
"733981","2014-05-05",2014,"Feroz Shah Kotla","Delhi","Chennai Super Kings","Delhi Capitals",2,0,"Chennai Super Kings","field","Chennai Super Kings","Delhi Capitals",49,0,36,8.16666666666667,1,1,1,"40-49","0"
"733983","2014-05-06",2014,"Wankhede Stadium","Mumbai","Mumbai Indians","Royal Challengers Bengaluru",1,1,"Royal Challengers Bengaluru","field","Mumbai Indians","Royal Challengers Bengaluru",50,1,36,8.33333333333333,0,1,1,"50-59","1"
"733983","2014-05-06",2014,"Wankhede Stadium","Mumbai","Royal Challengers Bengaluru","Mumbai Indians",2,0,"Royal Challengers Bengaluru","field","Mumbai Indians","Royal Challengers Bengaluru",64,1,36,10.6666666666667,1,0,1,"60+","1"
"733985","2014-05-07",2014,"Feroz Shah Kotla","Delhi","Delhi Capitals","Kolkata Knight Riders",1,1,"Delhi Capitals","bat","Kolkata Knight Riders","Delhi Capitals",29,2,36,4.83333333333333,1,0,0,"Under 40","2"
"733985","2014-05-07",2014,"Feroz Shah Kotla","Delhi","Kolkata Knight Riders","Delhi Capitals",2,0,"Delhi Capitals","bat","Kolkata Knight Riders","Delhi Capitals",52,0,36,8.66666666666667,0,1,0,"50-59","0"
"733987","2014-05-07",2014,"Barabati Stadium","Cuttack","Punjab Kings","Chennai Super Kings",1,1,"Chennai Super Kings","field","Punjab Kings","Chennai Super Kings",38,2,36,6.33333333333333,0,1,1,"Under 40","2"
"733987","2014-05-07",2014,"Barabati Stadium","Cuttack","Chennai Super Kings","Punjab Kings",2,0,"Chennai Super Kings","field","Punjab Kings","Chennai Super Kings",46,1,36,7.66666666666667,1,0,1,"40-49","1"
"733989","2014-05-08",2014,"Sardar Patel Stadium, Motera","Ahmedabad","Sunrisers Hyderabad","Rajasthan Royals",1,1,"Rajasthan Royals","field","Sunrisers Hyderabad","Rajasthan Royals",50,1,36,8.33333333333333,0,1,1,"50-59","1"
"733989","2014-05-08",2014,"Sardar Patel Stadium, Motera","Ahmedabad","Rajasthan Royals","Sunrisers Hyderabad",2,0,"Rajasthan Royals","field","Sunrisers Hyderabad","Rajasthan Royals",37,3,36,6.16666666666667,1,0,1,"Under 40","3+"
"733991","2014-05-09",2014,"M Chinnaswamy Stadium","Bangalore","Punjab Kings","Royal Challengers Bengaluru",1,1,"Royal Challengers Bengaluru","field","Punjab Kings","Royal Challengers Bengaluru",64,1,36,10.6666666666667,0,1,1,"60+","1"
"733991","2014-05-09",2014,"M Chinnaswamy Stadium","Bangalore","Royal Challengers Bengaluru","Punjab Kings",2,0,"Royal Challengers Bengaluru","field","Punjab Kings","Royal Challengers Bengaluru",34,3,36,5.66666666666667,1,0,1,"Under 40","3+"
"733995","2014-05-10",2014,"Wankhede Stadium","Mumbai","Mumbai Indians","Chennai Super Kings",1,1,"Chennai Super Kings","field","Chennai Super Kings","Mumbai Indians",42,1,36,7,0,0,1,"40-49","1"
"733995","2014-05-10",2014,"Wankhede Stadium","Mumbai","Chennai Super Kings","Mumbai Indians",2,0,"Chennai Super Kings","field","Chennai Super Kings","Mumbai Indians",38,1,36,6.33333333333333,1,1,1,"Under 40","1"
"733997","2014-05-11",2014,"Barabati Stadium","Cuttack","Punjab Kings","Kolkata Knight Riders",1,1,"Kolkata Knight Riders","field","Kolkata Knight Riders","Punjab Kings",49,2,36,8.16666666666667,0,0,1,"40-49","2"
"733997","2014-05-11",2014,"Barabati Stadium","Cuttack","Kolkata Knight Riders","Punjab Kings",2,0,"Kolkata Knight Riders","field","Kolkata Knight Riders","Punjab Kings",55,0,36,9.16666666666667,1,1,1,"50-59","0"
"733999","2014-05-11",2014,"M Chinnaswamy Stadium","Bangalore","Royal Challengers Bengaluru","Rajasthan Royals",1,1,"Royal Challengers Bengaluru","bat","Rajasthan Royals","Royal Challengers Bengaluru",31,1,36,5.16666666666667,1,0,0,"Under 40","1"
"733999","2014-05-11",2014,"M Chinnaswamy Stadium","Bangalore","Rajasthan Royals","Royal Challengers Bengaluru",2,0,"Royal Challengers Bengaluru","bat","Rajasthan Royals","Royal Challengers Bengaluru",45,0,36,7.5,0,1,0,"40-49","0"
"734001","2014-05-12",2014,"Rajiv Gandhi International Stadium, Uppal","Hyderabad","Sunrisers Hyderabad","Mumbai Indians",1,1,"Sunrisers Hyderabad","bat","Mumbai Indians","Sunrisers Hyderabad",43,1,36,7.16666666666667,1,0,0,"40-49","1"
"734001","2014-05-12",2014,"Rajiv Gandhi International Stadium, Uppal","Hyderabad","Mumbai Indians","Sunrisers Hyderabad",2,0,"Sunrisers Hyderabad","bat","Mumbai Indians","Sunrisers Hyderabad",38,1,36,6.33333333333333,0,1,0,"Under 40","1"
"734003","2014-05-13",2014,"JSCA International Stadium Complex","Ranchi","Rajasthan Royals","Chennai Super Kings",1,1,"Rajasthan Royals","bat","Chennai Super Kings","Rajasthan Royals",42,0,36,7,1,0,0,"40-49","0"
"734003","2014-05-13",2014,"JSCA International Stadium Complex","Ranchi","Chennai Super Kings","Rajasthan Royals",2,0,"Rajasthan Royals","bat","Chennai Super Kings","Rajasthan Royals",48,2,36,8,0,1,0,"40-49","2"
"734005","2014-05-13",2014,"M Chinnaswamy Stadium","Bangalore","Royal Challengers Bengaluru","Delhi Capitals",1,1,"Delhi Capitals","field","Royal Challengers Bengaluru","Delhi Capitals",34,1,36,5.66666666666667,0,1,1,"Under 40","1"
"734005","2014-05-13",2014,"M Chinnaswamy Stadium","Bangalore","Delhi Capitals","Royal Challengers Bengaluru",2,0,"Delhi Capitals","field","Royal Challengers Bengaluru","Delhi Capitals",46,2,36,7.66666666666667,1,0,1,"40-49","2"
"734007","2014-05-14",2014,"Rajiv Gandhi International Stadium, Uppal","Hyderabad","Sunrisers Hyderabad","Punjab Kings",1,1,"Punjab Kings","field","Punjab Kings","Sunrisers Hyderabad",55,0,36,9.16666666666667,0,0,1,"50-59","0"
"734007","2014-05-14",2014,"Rajiv Gandhi International Stadium, Uppal","Hyderabad","Punjab Kings","Sunrisers Hyderabad",2,0,"Punjab Kings","field","Punjab Kings","Sunrisers Hyderabad",86,1,36,14.3333333333333,1,1,1,"60+","1"
"734009","2014-05-14",2014,"Barabati Stadium","Cuttack","Mumbai Indians","Kolkata Knight Riders",1,1,"Kolkata Knight Riders","field","Kolkata Knight Riders","Mumbai Indians",37,2,36,6.16666666666667,0,0,1,"Under 40","2"
"734009","2014-05-14",2014,"Barabati Stadium","Cuttack","Kolkata Knight Riders","Mumbai Indians",2,0,"Kolkata Knight Riders","field","Kolkata Knight Riders","Mumbai Indians",45,0,36,7.5,1,1,1,"40-49","0"
"734011","2014-05-15",2014,"Sardar Patel Stadium, Motera","Ahmedabad","Rajasthan Royals","Delhi Capitals",1,1,"Delhi Capitals","field","Rajasthan Royals","Delhi Capitals",52,1,36,8.66666666666667,0,1,1,"50-59","1"
"734011","2014-05-15",2014,"Sardar Patel Stadium, Motera","Ahmedabad","Delhi Capitals","Rajasthan Royals",2,0,"Delhi Capitals","field","Rajasthan Royals","Delhi Capitals",34,2,36,5.66666666666667,1,0,1,"Under 40","2"
"734013","2014-05-18",2014,"JSCA International Stadium Complex","Ranchi","Chennai Super Kings","Royal Challengers Bengaluru",1,1,"Chennai Super Kings","bat","Royal Challengers Bengaluru","Chennai Super Kings",39,2,36,6.5,1,0,0,"Under 40","2"
"734013","2014-05-18",2014,"JSCA International Stadium Complex","Ranchi","Royal Challengers Bengaluru","Chennai Super Kings",2,0,"Chennai Super Kings","bat","Royal Challengers Bengaluru","Chennai Super Kings",17,1,36,2.83333333333333,0,1,0,"Under 40","1"
"734015","2014-05-18",2014,"Rajiv Gandhi International Stadium, Uppal","Hyderabad","Sunrisers Hyderabad","Kolkata Knight Riders",1,1,"Sunrisers Hyderabad","bat","Kolkata Knight Riders","Sunrisers Hyderabad",41,2,36,6.83333333333333,1,0,0,"40-49","2"
"734015","2014-05-18",2014,"Rajiv Gandhi International Stadium, Uppal","Hyderabad","Kolkata Knight Riders","Sunrisers Hyderabad",2,0,"Sunrisers Hyderabad","bat","Kolkata Knight Riders","Sunrisers Hyderabad",30,1,36,5,0,1,0,"Under 40","1"
"734017","2014-05-19",2014,"Sardar Patel Stadium, Motera","Ahmedabad","Mumbai Indians","Rajasthan Royals",1,1,"Mumbai Indians","bat","Mumbai Indians","Rajasthan Royals",42,0,36,7,1,1,0,"40-49","0"
"734017","2014-05-19",2014,"Sardar Patel Stadium, Motera","Ahmedabad","Rajasthan Royals","Mumbai Indians",2,0,"Mumbai Indians","bat","Mumbai Indians","Rajasthan Royals",47,3,36,7.83333333333333,0,0,0,"40-49","3+"
"734019","2014-05-19",2014,"Feroz Shah Kotla","Delhi","Delhi Capitals","Punjab Kings",1,1,"Punjab Kings","field","Punjab Kings","Delhi Capitals",55,1,36,9.16666666666667,0,0,1,"50-59","1"
"734019","2014-05-19",2014,"Feroz Shah Kotla","Delhi","Punjab Kings","Delhi Capitals",2,0,"Punjab Kings","field","Punjab Kings","Delhi Capitals",66,0,36,11,1,1,1,"60+","0"
"734021","2014-05-20",2014,"Rajiv Gandhi International Stadium, Uppal","Hyderabad","Royal Challengers Bengaluru","Sunrisers Hyderabad",1,1,"Royal Challengers Bengaluru","bat","Sunrisers Hyderabad","Royal Challengers Bengaluru",25,2,36,4.16666666666667,1,0,0,"Under 40","2"
"734021","2014-05-20",2014,"Rajiv Gandhi International Stadium, Uppal","Hyderabad","Sunrisers Hyderabad","Royal Challengers Bengaluru",2,0,"Royal Challengers Bengaluru","bat","Sunrisers Hyderabad","Royal Challengers Bengaluru",51,0,36,8.5,0,1,0,"50-59","0"
"734023","2014-05-20",2014,"Eden Gardens","Kolkata","Chennai Super Kings","Kolkata Knight Riders",1,1,"Kolkata Knight Riders","field","Kolkata Knight Riders","Chennai Super Kings",35,1,36,5.83333333333333,0,0,1,"Under 40","1"
"734023","2014-05-20",2014,"Eden Gardens","Kolkata","Kolkata Knight Riders","Chennai Super Kings",2,0,"Kolkata Knight Riders","field","Kolkata Knight Riders","Chennai Super Kings",52,0,36,8.66666666666667,1,1,1,"50-59","0"
"734025","2014-05-21",2014,"Punjab Cricket Association Stadium, Mohali","Chandigarh","Punjab Kings","Mumbai Indians",1,1,"Mumbai Indians","field","Mumbai Indians","Punjab Kings",48,1,36,8,0,0,1,"40-49","1"
"734025","2014-05-21",2014,"Punjab Cricket Association Stadium, Mohali","Chandigarh","Mumbai Indians","Punjab Kings",2,0,"Mumbai Indians","field","Mumbai Indians","Punjab Kings",62,0,36,10.3333333333333,1,1,1,"60+","0"
"734027","2014-05-22",2014,"Eden Gardens","Kolkata","Kolkata Knight Riders","Royal Challengers Bengaluru",1,1,"Royal Challengers Bengaluru","field","Kolkata Knight Riders","Royal Challengers Bengaluru",45,2,36,7.5,0,1,1,"40-49","2"
"734027","2014-05-22",2014,"Eden Gardens","Kolkata","Royal Challengers Bengaluru","Kolkata Knight Riders",2,0,"Royal Challengers Bengaluru","field","Kolkata Knight Riders","Royal Challengers Bengaluru",36,1,36,6,1,0,1,"Under 40","1"
"734029","2014-05-22",2014,"JSCA International Stadium Complex","Ranchi","Chennai Super Kings","Sunrisers Hyderabad",1,1,"Sunrisers Hyderabad","field","Sunrisers Hyderabad","Chennai Super Kings",60,1,36,10,0,0,1,"60+","1"
"734029","2014-05-22",2014,"JSCA International Stadium Complex","Ranchi","Sunrisers Hyderabad","Chennai Super Kings",2,0,"Sunrisers Hyderabad","field","Sunrisers Hyderabad","Chennai Super Kings",64,0,36,10.6666666666667,1,1,1,"60+","0"
"734031","2014-05-23",2014,"Wankhede Stadium","Mumbai","Mumbai Indians","Delhi Capitals",1,1,"Delhi Capitals","field","Mumbai Indians","Delhi Capitals",65,0,36,10.8333333333333,0,1,1,"60+","0"
"734031","2014-05-23",2014,"Wankhede Stadium","Mumbai","Delhi Capitals","Mumbai Indians",2,0,"Delhi Capitals","field","Mumbai Indians","Delhi Capitals",47,1,36,7.83333333333333,1,0,1,"40-49","1"
"734033","2014-05-23",2014,"Punjab Cricket Association Stadium, Mohali","Chandigarh","Punjab Kings","Rajasthan Royals",1,1,"Rajasthan Royals","field","Punjab Kings","Rajasthan Royals",53,1,36,8.83333333333333,0,1,1,"50-59","1"
"734033","2014-05-23",2014,"Punjab Cricket Association Stadium, Mohali","Chandigarh","Rajasthan Royals","Punjab Kings",2,0,"Rajasthan Royals","field","Punjab Kings","Rajasthan Royals",44,1,36,7.33333333333333,1,0,1,"40-49","1"
"734035","2014-05-24",2014,"M Chinnaswamy Stadium","Bangalore","Royal Challengers Bengaluru","Chennai Super Kings",1,1,"Chennai Super Kings","field","Chennai Super Kings","Royal Challengers Bengaluru",34,3,36,5.66666666666667,0,0,1,"Under 40","3+"
"734035","2014-05-24",2014,"M Chinnaswamy Stadium","Bangalore","Chennai Super Kings","Royal Challengers Bengaluru",2,0,"Chennai Super Kings","field","Chennai Super Kings","Royal Challengers Bengaluru",64,1,36,10.6666666666667,1,1,1,"60+","1"
"734037","2014-05-24",2014,"Eden Gardens","Kolkata","Sunrisers Hyderabad","Kolkata Knight Riders",1,1,"Kolkata Knight Riders","field","Kolkata Knight Riders","Sunrisers Hyderabad",49,1,36,8.16666666666667,0,0,1,"40-49","1"
"734037","2014-05-24",2014,"Eden Gardens","Kolkata","Kolkata Knight Riders","Sunrisers Hyderabad",2,0,"Kolkata Knight Riders","field","Kolkata Knight Riders","Sunrisers Hyderabad",49,1,36,8.16666666666667,1,1,1,"40-49","1"
"734039","2014-05-25",2014,"Punjab Cricket Association Stadium, Mohali","Chandigarh","Delhi Capitals","Punjab Kings",1,1,"Punjab Kings","field","Punjab Kings","Delhi Capitals",44,3,36,7.33333333333333,0,0,1,"40-49","3+"
"734039","2014-05-25",2014,"Punjab Cricket Association Stadium, Mohali","Chandigarh","Punjab Kings","Delhi Capitals",2,0,"Punjab Kings","field","Punjab Kings","Delhi Capitals",48,2,36,8,1,1,1,"40-49","2"
"734041","2014-05-25",2014,"Wankhede Stadium","Mumbai","Rajasthan Royals","Mumbai Indians",1,1,"Mumbai Indians","field","Mumbai Indians","Rajasthan Royals",35,1,36,5.83333333333333,0,0,1,"Under 40","1"
"734041","2014-05-25",2014,"Wankhede Stadium","Mumbai","Mumbai Indians","Rajasthan Royals",2,0,"Mumbai Indians","field","Mumbai Indians","Rajasthan Royals",71,3,36,11.8333333333333,1,1,1,"60+","3+"
"734043","2014-05-27",2014,"Eden Gardens","Kolkata","Kolkata Knight Riders","Punjab Kings",1,1,"Punjab Kings","field","Kolkata Knight Riders","Punjab Kings",55,1,36,9.16666666666667,0,1,1,"50-59","1"
"734043","2014-05-27",2014,"Eden Gardens","Kolkata","Punjab Kings","Kolkata Knight Riders",2,0,"Punjab Kings","field","Kolkata Knight Riders","Punjab Kings",46,2,36,7.66666666666667,1,0,1,"40-49","2"
"734045","2014-05-28",2014,"Brabourne Stadium","Mumbai","Mumbai Indians","Chennai Super Kings",1,1,"Chennai Super Kings","field","Chennai Super Kings","Mumbai Indians",53,0,36,8.83333333333333,0,0,1,"50-59","0"
"734045","2014-05-28",2014,"Brabourne Stadium","Mumbai","Chennai Super Kings","Mumbai Indians",2,0,"Chennai Super Kings","field","Chennai Super Kings","Mumbai Indians",60,0,36,10,1,1,1,"60+","0"
"734047","2014-05-30",2014,"Wankhede Stadium","Mumbai","Punjab Kings","Chennai Super Kings",1,1,"Chennai Super Kings","field","Punjab Kings","Chennai Super Kings",70,0,36,11.6666666666667,0,1,1,"60+","0"
"734047","2014-05-30",2014,"Wankhede Stadium","Mumbai","Chennai Super Kings","Punjab Kings",2,0,"Chennai Super Kings","field","Punjab Kings","Chennai Super Kings",100,2,36,16.6666666666667,1,0,1,"60+","2"
"734049","2014-06-01",2014,"M Chinnaswamy Stadium","Bangalore","Punjab Kings","Kolkata Knight Riders",1,1,"Kolkata Knight Riders","field","Kolkata Knight Riders","Punjab Kings",32,2,36,5.33333333333333,0,0,1,"Under 40","2"
"734049","2014-06-01",2014,"M Chinnaswamy Stadium","Bangalore","Kolkata Knight Riders","Punjab Kings",2,0,"Kolkata Knight Riders","field","Kolkata Knight Riders","Punjab Kings",59,1,36,9.83333333333333,1,1,1,"50-59","1"
"829705","2015-04-08",2015,"Eden Gardens","Kolkata","Mumbai Indians","Kolkata Knight Riders",1,1,"Kolkata Knight Riders","field","Kolkata Knight Riders","Mumbai Indians",37,3,36,6.16666666666667,0,0,1,"Under 40","3+"
"829705","2015-04-08",2015,"Eden Gardens","Kolkata","Kolkata Knight Riders","Mumbai Indians",2,0,"Kolkata Knight Riders","field","Kolkata Knight Riders","Mumbai Indians",38,1,36,6.33333333333333,1,1,1,"Under 40","1"
"829707","2015-04-09",2015,"MA Chidambaram Stadium, Chepauk","Chennai","Chennai Super Kings","Delhi Capitals",1,1,"Delhi Capitals","field","Chennai Super Kings","Delhi Capitals",59,2,36,9.83333333333333,0,1,1,"50-59","2"
"829707","2015-04-09",2015,"MA Chidambaram Stadium, Chepauk","Chennai","Delhi Capitals","Chennai Super Kings",2,0,"Delhi Capitals","field","Chennai Super Kings","Delhi Capitals",40,3,36,6.66666666666667,1,0,1,"40-49","3+"
"829709","2015-04-10",2015,"Maharashtra Cricket Association Stadium","Pune","Rajasthan Royals","Punjab Kings",1,1,"Punjab Kings","field","Rajasthan Royals","Punjab Kings",35,3,36,5.83333333333333,0,1,1,"Under 40","3+"
"829709","2015-04-10",2015,"Maharashtra Cricket Association Stadium","Pune","Punjab Kings","Rajasthan Royals",2,0,"Punjab Kings","field","Rajasthan Royals","Punjab Kings",51,3,36,8.5,1,0,1,"50-59","3+"
"829711","2015-04-11",2015,"MA Chidambaram Stadium, Chepauk","Chennai","Chennai Super Kings","Sunrisers Hyderabad",1,1,"Chennai Super Kings","bat","Chennai Super Kings","Sunrisers Hyderabad",49,0,36,8.16666666666667,1,1,0,"40-49","0"
"829711","2015-04-11",2015,"MA Chidambaram Stadium, Chepauk","Chennai","Sunrisers Hyderabad","Chennai Super Kings",2,0,"Chennai Super Kings","bat","Chennai Super Kings","Sunrisers Hyderabad",46,2,36,7.66666666666667,0,0,0,"40-49","2"
"829713","2015-04-11",2015,"Eden Gardens","Kolkata","Kolkata Knight Riders","Royal Challengers Bengaluru",1,1,"Royal Challengers Bengaluru","field","Royal Challengers Bengaluru","Kolkata Knight Riders",53,0,36,8.83333333333333,0,0,1,"50-59","0"
"829713","2015-04-11",2015,"Eden Gardens","Kolkata","Royal Challengers Bengaluru","Kolkata Knight Riders",2,0,"Royal Challengers Bengaluru","field","Royal Challengers Bengaluru","Kolkata Knight Riders",41,1,36,6.83333333333333,1,1,1,"40-49","1"
"829715","2015-04-12",2015,"Feroz Shah Kotla","Delhi","Delhi Capitals","Rajasthan Royals",1,1,"Rajasthan Royals","field","Rajasthan Royals","Delhi Capitals",51,1,36,8.5,0,0,1,"50-59","1"
"829715","2015-04-12",2015,"Feroz Shah Kotla","Delhi","Rajasthan Royals","Delhi Capitals",2,0,"Rajasthan Royals","field","Rajasthan Royals","Delhi Capitals",42,1,36,7,1,1,1,"40-49","1"
"829717","2015-04-12",2015,"Wankhede Stadium","Mumbai","Punjab Kings","Mumbai Indians",1,1,"Mumbai Indians","field","Punjab Kings","Mumbai Indians",57,0,36,9.5,0,1,1,"50-59","0"
"829717","2015-04-12",2015,"Wankhede Stadium","Mumbai","Mumbai Indians","Punjab Kings",2,0,"Mumbai Indians","field","Punjab Kings","Mumbai Indians",17,3,36,2.83333333333333,1,0,1,"Under 40","3+"
"829719","2015-04-13",2015,"M Chinnaswamy Stadium","Bangalore","Royal Challengers Bengaluru","Sunrisers Hyderabad",1,1,"Sunrisers Hyderabad","field","Sunrisers Hyderabad","Royal Challengers Bengaluru",47,1,36,7.83333333333333,0,0,1,"40-49","1"
"829719","2015-04-13",2015,"M Chinnaswamy Stadium","Bangalore","Sunrisers Hyderabad","Royal Challengers Bengaluru",2,0,"Sunrisers Hyderabad","field","Sunrisers Hyderabad","Royal Challengers Bengaluru",65,0,36,10.8333333333333,1,1,1,"60+","0"
"829721","2015-04-14",2015,"Sardar Patel Stadium, Motera","Ahmedabad","Mumbai Indians","Rajasthan Royals",1,1,"Mumbai Indians","bat","Rajasthan Royals","Mumbai Indians",31,1,36,5.16666666666667,1,0,0,"Under 40","1"
"829721","2015-04-14",2015,"Sardar Patel Stadium, Motera","Ahmedabad","Rajasthan Royals","Mumbai Indians",2,0,"Mumbai Indians","bat","Rajasthan Royals","Mumbai Indians",42,1,36,7,0,1,0,"40-49","1"
"829725","2015-04-15",2015,"Maharashtra Cricket Association Stadium","Pune","Punjab Kings","Delhi Capitals",1,1,"Punjab Kings","bat","Delhi Capitals","Punjab Kings",41,1,36,6.83333333333333,1,0,0,"40-49","1"
"829725","2015-04-15",2015,"Maharashtra Cricket Association Stadium","Pune","Delhi Capitals","Punjab Kings",2,0,"Punjab Kings","bat","Delhi Capitals","Punjab Kings",47,1,36,7.83333333333333,0,1,0,"40-49","1"
"829727","2015-04-16",2015,"Dr. Y.S. Rajasekhara Reddy ACA-VDCA Cricket Stadium","Visakhapatnam","Sunrisers Hyderabad","Rajasthan Royals",1,1,"Rajasthan Royals","field","Rajasthan Royals","Sunrisers Hyderabad",35,3,36,5.83333333333333,0,0,1,"Under 40","3+"
"829727","2015-04-16",2015,"Dr. Y.S. Rajasekhara Reddy ACA-VDCA Cricket Stadium","Visakhapatnam","Rajasthan Royals","Sunrisers Hyderabad",2,0,"Rajasthan Royals","field","Rajasthan Royals","Sunrisers Hyderabad",36,0,36,6,1,1,1,"Under 40","0"
"829729","2015-04-17",2015,"Wankhede Stadium","Mumbai","Mumbai Indians","Chennai Super Kings",1,1,"Mumbai Indians","bat","Chennai Super Kings","Mumbai Indians",31,3,36,5.16666666666667,1,0,0,"Under 40","3+"
"829729","2015-04-17",2015,"Wankhede Stadium","Mumbai","Chennai Super Kings","Mumbai Indians",2,0,"Mumbai Indians","bat","Chennai Super Kings","Mumbai Indians",90,0,36,15,0,1,0,"60+","0"
"829731","2015-04-18",2015,"Dr. Y.S. Rajasekhara Reddy ACA-VDCA Cricket Stadium","Visakhapatnam","Delhi Capitals","Sunrisers Hyderabad",1,1,"Delhi Capitals","bat","Delhi Capitals","Sunrisers Hyderabad",40,1,36,6.66666666666667,1,1,0,"40-49","1"
"829731","2015-04-18",2015,"Dr. Y.S. Rajasekhara Reddy ACA-VDCA Cricket Stadium","Visakhapatnam","Sunrisers Hyderabad","Delhi Capitals",2,0,"Delhi Capitals","bat","Delhi Capitals","Sunrisers Hyderabad",50,0,36,8.33333333333333,0,0,0,"50-59","0"
"829733","2015-04-18",2015,"Maharashtra Cricket Association Stadium","Pune","Punjab Kings","Kolkata Knight Riders",1,1,"Kolkata Knight Riders","field","Kolkata Knight Riders","Punjab Kings",48,3,36,8,0,0,1,"40-49","3+"
"829733","2015-04-18",2015,"Maharashtra Cricket Association Stadium","Pune","Kolkata Knight Riders","Punjab Kings",2,0,"Kolkata Knight Riders","field","Kolkata Knight Riders","Punjab Kings",53,2,36,8.83333333333333,1,1,1,"50-59","2"
"829735","2015-04-19",2015,"Sardar Patel Stadium, Motera","Ahmedabad","Chennai Super Kings","Rajasthan Royals",1,1,"Chennai Super Kings","bat","Rajasthan Royals","Chennai Super Kings",39,2,36,6.5,1,0,0,"Under 40","2"
"829735","2015-04-19",2015,"Sardar Patel Stadium, Motera","Ahmedabad","Rajasthan Royals","Chennai Super Kings",2,0,"Chennai Super Kings","bat","Rajasthan Royals","Chennai Super Kings",47,0,36,7.83333333333333,0,1,0,"40-49","0"
"829737","2015-04-19",2015,"M Chinnaswamy Stadium","Bangalore","Mumbai Indians","Royal Challengers Bengaluru",1,1,"Royal Challengers Bengaluru","field","Mumbai Indians","Royal Challengers Bengaluru",48,1,36,8,0,1,1,"40-49","1"
"829737","2015-04-19",2015,"M Chinnaswamy Stadium","Bangalore","Royal Challengers Bengaluru","Mumbai Indians",2,0,"Royal Challengers Bengaluru","field","Mumbai Indians","Royal Challengers Bengaluru",33,1,36,5.5,1,0,1,"Under 40","1"
"829739","2015-04-20",2015,"Feroz Shah Kotla","Delhi","Delhi Capitals","Kolkata Knight Riders",1,1,"Kolkata Knight Riders","field","Kolkata Knight Riders","Delhi Capitals",34,2,36,5.66666666666667,0,0,1,"Under 40","2"
"829739","2015-04-20",2015,"Feroz Shah Kotla","Delhi","Kolkata Knight Riders","Delhi Capitals",2,0,"Kolkata Knight Riders","field","Kolkata Knight Riders","Delhi Capitals",48,2,36,8,1,1,1,"40-49","2"
"829741","2015-04-21",2015,"Sardar Patel Stadium, Motera","Ahmedabad","Rajasthan Royals","Punjab Kings",1,1,"Punjab Kings","field","Punjab Kings","Rajasthan Royals",43,0,36,7.16666666666667,0,0,1,"40-49","0"
"829741","2015-04-21",2015,"Sardar Patel Stadium, Motera","Ahmedabad","Punjab Kings","Rajasthan Royals",2,0,"Punjab Kings","field","Punjab Kings","Rajasthan Royals",40,1,36,6.66666666666667,1,1,1,"40-49","1"
"829743","2015-04-22",2015,"Dr. Y.S. Rajasekhara Reddy ACA-VDCA Cricket Stadium","Visakhapatnam","Sunrisers Hyderabad","Kolkata Knight Riders",1,1,"Kolkata Knight Riders","field","Sunrisers Hyderabad","Kolkata Knight Riders",43,0,36,7.16666666666667,0,1,1,"40-49","0"
"829743","2015-04-22",2015,"Dr. Y.S. Rajasekhara Reddy ACA-VDCA Cricket Stadium","Visakhapatnam","Kolkata Knight Riders","Sunrisers Hyderabad",2,0,"Kolkata Knight Riders","field","Sunrisers Hyderabad","Kolkata Knight Riders",49,2,36,8.16666666666667,1,0,1,"40-49","2"
"829745","2015-04-22",2015,"M Chinnaswamy Stadium","Bangalore","Chennai Super Kings","Royal Challengers Bengaluru",1,1,"Royal Challengers Bengaluru","field","Chennai Super Kings","Royal Challengers Bengaluru",45,1,36,7.5,0,1,1,"40-49","1"
"829745","2015-04-22",2015,"M Chinnaswamy Stadium","Bangalore","Royal Challengers Bengaluru","Chennai Super Kings",2,0,"Royal Challengers Bengaluru","field","Chennai Super Kings","Royal Challengers Bengaluru",38,2,36,6.33333333333333,1,0,1,"Under 40","2"
"829747","2015-04-23",2015,"Feroz Shah Kotla","Delhi","Delhi Capitals","Mumbai Indians",1,1,"Mumbai Indians","field","Delhi Capitals","Mumbai Indians",45,1,36,7.5,0,1,1,"40-49","1"
"829747","2015-04-23",2015,"Feroz Shah Kotla","Delhi","Mumbai Indians","Delhi Capitals",2,0,"Mumbai Indians","field","Delhi Capitals","Mumbai Indians",48,2,36,8,1,0,1,"40-49","2"
"829749","2015-04-24",2015,"Sardar Patel Stadium, Motera","Ahmedabad","Rajasthan Royals","Royal Challengers Bengaluru",1,1,"Royal Challengers Bengaluru","field","Royal Challengers Bengaluru","Rajasthan Royals",48,2,36,8,0,0,1,"40-49","2"
"829749","2015-04-24",2015,"Sardar Patel Stadium, Motera","Ahmedabad","Royal Challengers Bengaluru","Rajasthan Royals",2,0,"Royal Challengers Bengaluru","field","Royal Challengers Bengaluru","Rajasthan Royals",49,1,36,8.16666666666667,1,1,1,"40-49","1"
"829751","2015-04-25",2015,"Wankhede Stadium","Mumbai","Mumbai Indians","Sunrisers Hyderabad",1,1,"Mumbai Indians","bat","Mumbai Indians","Sunrisers Hyderabad",46,1,36,7.66666666666667,1,1,0,"40-49","1"
"829751","2015-04-25",2015,"Wankhede Stadium","Mumbai","Sunrisers Hyderabad","Mumbai Indians",2,0,"Mumbai Indians","bat","Mumbai Indians","Sunrisers Hyderabad",52,2,36,8.66666666666667,0,0,0,"50-59","2"
"829753","2015-04-25",2015,"MA Chidambaram Stadium, Chepauk","Chennai","Chennai Super Kings","Punjab Kings",1,1,"Chennai Super Kings","bat","Chennai Super Kings","Punjab Kings",54,1,36,9,1,1,0,"50-59","1"
"829753","2015-04-25",2015,"MA Chidambaram Stadium, Chepauk","Chennai","Punjab Kings","Chennai Super Kings",2,0,"Chennai Super Kings","bat","Chennai Super Kings","Punjab Kings",39,2,36,6.5,0,0,0,"Under 40","2"
"829757","2015-04-26",2015,"Feroz Shah Kotla","Delhi","Delhi Capitals","Royal Challengers Bengaluru",1,1,"Royal Challengers Bengaluru","field","Royal Challengers Bengaluru","Delhi Capitals",38,2,36,6.33333333333333,0,0,1,"Under 40","2"
"829757","2015-04-26",2015,"Feroz Shah Kotla","Delhi","Royal Challengers Bengaluru","Delhi Capitals",2,0,"Royal Challengers Bengaluru","field","Royal Challengers Bengaluru","Delhi Capitals",50,0,36,8.33333333333333,1,1,1,"50-59","0"
"829759","2015-04-27",2015,"Punjab Cricket Association Stadium, Mohali","Chandigarh","Sunrisers Hyderabad","Punjab Kings",1,1,"Punjab Kings","field","Sunrisers Hyderabad","Punjab Kings",56,2,36,9.33333333333333,0,1,1,"50-59","2"
"829759","2015-04-27",2015,"Punjab Cricket Association Stadium, Mohali","Chandigarh","Punjab Kings","Sunrisers Hyderabad",2,0,"Punjab Kings","field","Sunrisers Hyderabad","Punjab Kings",36,2,36,6,1,0,1,"Under 40","2"
"829765","2015-04-28",2015,"MA Chidambaram Stadium, Chepauk","Chennai","Chennai Super Kings","Kolkata Knight Riders",1,1,"Kolkata Knight Riders","field","Chennai Super Kings","Kolkata Knight Riders",53,1,36,8.83333333333333,0,1,1,"50-59","1"
"829765","2015-04-28",2015,"MA Chidambaram Stadium, Chepauk","Chennai","Kolkata Knight Riders","Chennai Super Kings",2,0,"Kolkata Knight Riders","field","Chennai Super Kings","Kolkata Knight Riders",54,2,36,9,1,0,1,"50-59","2"
"829723","2015-04-30",2015,"Eden Gardens","Kolkata","Chennai Super Kings","Kolkata Knight Riders",1,1,"Kolkata Knight Riders","field","Kolkata Knight Riders","Chennai Super Kings",69,4,36,11.5,0,0,1,"60+","3+"
"829723","2015-04-30",2015,"Eden Gardens","Kolkata","Kolkata Knight Riders","Chennai Super Kings",2,0,"Kolkata Knight Riders","field","Kolkata Knight Riders","Chennai Super Kings",38,1,36,6.33333333333333,1,1,1,"Under 40","1"
"829767","2015-05-01",2015,"Feroz Shah Kotla","Delhi","Punjab Kings","Delhi Capitals",1,1,"Delhi Capitals","field","Delhi Capitals","Punjab Kings",27,4,36,4.5,0,0,1,"Under 40","3+"
"829767","2015-05-01",2015,"Feroz Shah Kotla","Delhi","Delhi Capitals","Punjab Kings",2,0,"Delhi Capitals","field","Delhi Capitals","Punjab Kings",41,0,36,6.83333333333333,1,1,1,"40-49","0"
"829769","2015-05-01",2015,"Wankhede Stadium","Mumbai","Mumbai Indians","Rajasthan Royals",1,1,"Rajasthan Royals","field","Mumbai Indians","Rajasthan Royals",47,1,36,7.83333333333333,0,1,1,"40-49","1"
"829769","2015-05-01",2015,"Wankhede Stadium","Mumbai","Rajasthan Royals","Mumbai Indians",2,0,"Rajasthan Royals","field","Mumbai Indians","Rajasthan Royals",55,1,36,9.16666666666667,1,0,1,"50-59","1"
"829771","2015-05-02",2015,"M Chinnaswamy Stadium","Bangalore","Kolkata Knight Riders","Royal Challengers Bengaluru",1,1,"Royal Challengers Bengaluru","field","Royal Challengers Bengaluru","Kolkata Knight Riders",61,1,36,10.1666666666667,0,0,1,"60+","1"
"829771","2015-05-02",2015,"M Chinnaswamy Stadium","Bangalore","Royal Challengers Bengaluru","Kolkata Knight Riders",2,0,"Royal Challengers Bengaluru","field","Royal Challengers Bengaluru","Kolkata Knight Riders",62,2,36,10.3333333333333,1,1,1,"60+","2"
"829773","2015-05-02",2015,"Rajiv Gandhi International Stadium, Uppal","Hyderabad","Sunrisers Hyderabad","Chennai Super Kings",1,1,"Chennai Super Kings","field","Sunrisers Hyderabad","Chennai Super Kings",76,0,36,12.6666666666667,0,1,1,"60+","0"
"829773","2015-05-02",2015,"Rajiv Gandhi International Stadium, Uppal","Hyderabad","Chennai Super Kings","Sunrisers Hyderabad",2,0,"Chennai Super Kings","field","Sunrisers Hyderabad","Chennai Super Kings",54,2,36,9,1,0,1,"50-59","2"
"829775","2015-05-03",2015,"Punjab Cricket Association Stadium, Mohali","Chandigarh","Mumbai Indians","Punjab Kings",1,1,"Mumbai Indians","bat","Mumbai Indians","Punjab Kings",51,0,36,8.5,1,1,0,"50-59","0"
"829775","2015-05-03",2015,"Punjab Cricket Association Stadium, Mohali","Chandigarh","Punjab Kings","Mumbai Indians",2,0,"Mumbai Indians","bat","Mumbai Indians","Punjab Kings",45,2,36,7.5,0,0,0,"40-49","2"
"829777","2015-05-03",2015,"Brabourne Stadium","Mumbai","Rajasthan Royals","Delhi Capitals",1,1,"Delhi Capitals","field","Rajasthan Royals","Delhi Capitals",43,0,36,7.16666666666667,0,1,1,"40-49","0"
"829777","2015-05-03",2015,"Brabourne Stadium","Mumbai","Delhi Capitals","Rajasthan Royals",2,0,"Delhi Capitals","field","Rajasthan Royals","Delhi Capitals",55,2,36,9.16666666666667,1,0,1,"50-59","2"
"829779","2015-05-04",2015,"MA Chidambaram Stadium, Chepauk","Chennai","Chennai Super Kings","Royal Challengers Bengaluru",1,1,"Chennai Super Kings","bat","Chennai Super Kings","Royal Challengers Bengaluru",37,2,36,6.16666666666667,1,1,0,"Under 40","2"
"829779","2015-05-04",2015,"MA Chidambaram Stadium, Chepauk","Chennai","Royal Challengers Bengaluru","Chennai Super Kings",2,0,"Chennai Super Kings","bat","Chennai Super Kings","Royal Challengers Bengaluru",42,3,36,7,0,0,0,"40-49","3+"
"829781","2015-05-04",2015,"Eden Gardens","Kolkata","Kolkata Knight Riders","Sunrisers Hyderabad",1,1,"Sunrisers Hyderabad","field","Kolkata Knight Riders","Sunrisers Hyderabad",55,0,36,9.16666666666667,0,1,1,"50-59","0"
"829781","2015-05-04",2015,"Eden Gardens","Kolkata","Sunrisers Hyderabad","Kolkata Knight Riders",2,0,"Sunrisers Hyderabad","field","Kolkata Knight Riders","Sunrisers Hyderabad",33,3,36,5.5,1,0,1,"Under 40","3+"
"829783","2015-05-05",2015,"Wankhede Stadium","Mumbai","Delhi Capitals","Mumbai Indians",1,1,"Delhi Capitals","bat","Mumbai Indians","Delhi Capitals",44,2,36,7.33333333333333,1,0,0,"40-49","2"
"829783","2015-05-05",2015,"Wankhede Stadium","Mumbai","Mumbai Indians","Delhi Capitals",2,0,"Delhi Capitals","bat","Mumbai Indians","Delhi Capitals",41,4,36,6.83333333333333,0,1,0,"40-49","3+"
"829785","2015-05-06",2015,"M Chinnaswamy Stadium","Bangalore","Royal Challengers Bengaluru","Punjab Kings",1,1,"Punjab Kings","field","Royal Challengers Bengaluru","Punjab Kings",68,0,36,11.3333333333333,0,1,1,"60+","0"
"829785","2015-05-06",2015,"M Chinnaswamy Stadium","Bangalore","Punjab Kings","Royal Challengers Bengaluru",2,0,"Punjab Kings","field","Royal Challengers Bengaluru","Punjab Kings",34,5,36,5.66666666666667,1,0,1,"Under 40","3+"
"829761","2015-05-07",2015,"Eden Gardens","Kolkata","Kolkata Knight Riders","Delhi Capitals",1,1,"Kolkata Knight Riders","bat","Kolkata Knight Riders","Delhi Capitals",50,1,36,8.33333333333333,1,1,0,"50-59","1"
"829761","2015-05-07",2015,"Eden Gardens","Kolkata","Delhi Capitals","Kolkata Knight Riders",2,0,"Kolkata Knight Riders","bat","Kolkata Knight Riders","Delhi Capitals",36,0,36,6,0,0,0,"Under 40","0"
"829787","2015-05-07",2015,"Brabourne Stadium","Mumbai","Sunrisers Hyderabad","Rajasthan Royals",1,1,"Rajasthan Royals","field","Sunrisers Hyderabad","Rajasthan Royals",56,1,36,9.33333333333333,0,1,1,"50-59","1"
"829787","2015-05-07",2015,"Brabourne Stadium","Mumbai","Rajasthan Royals","Sunrisers Hyderabad",2,0,"Rajasthan Royals","field","Sunrisers Hyderabad","Rajasthan Royals",36,2,36,6,1,0,1,"Under 40","2"
"829789","2015-05-08",2015,"MA Chidambaram Stadium, Chepauk","Chennai","Chennai Super Kings","Mumbai Indians",1,1,"Chennai Super Kings","bat","Mumbai Indians","Chennai Super Kings",44,1,36,7.33333333333333,1,0,0,"40-49","1"
"829789","2015-05-08",2015,"MA Chidambaram Stadium, Chepauk","Chennai","Mumbai Indians","Chennai Super Kings",2,0,"Chennai Super Kings","bat","Mumbai Indians","Chennai Super Kings",61,0,36,10.1666666666667,0,1,0,"60+","0"
"829791","2015-05-09",2015,"Eden Gardens","Kolkata","Punjab Kings","Kolkata Knight Riders",1,1,"Punjab Kings","bat","Kolkata Knight Riders","Punjab Kings",45,1,36,7.5,1,0,0,"40-49","1"
"829791","2015-05-09",2015,"Eden Gardens","Kolkata","Kolkata Knight Riders","Punjab Kings",2,0,"Punjab Kings","bat","Kolkata Knight Riders","Punjab Kings",57,1,36,9.5,0,1,0,"50-59","1"
"829793","2015-05-09",2015,"Shaheed Veer Narayan Singh International Stadium","Raipur","Sunrisers Hyderabad","Delhi Capitals",1,1,"Sunrisers Hyderabad","bat","Sunrisers Hyderabad","Delhi Capitals",41,2,36,6.83333333333333,1,1,0,"40-49","2"
"829793","2015-05-09",2015,"Shaheed Veer Narayan Singh International Stadium","Raipur","Delhi Capitals","Sunrisers Hyderabad",2,0,"Sunrisers Hyderabad","bat","Sunrisers Hyderabad","Delhi Capitals",49,1,36,8.16666666666667,0,0,0,"40-49","1"
"829795","2015-05-10",2015,"Wankhede Stadium","Mumbai","Royal Challengers Bengaluru","Mumbai Indians",1,1,"Royal Challengers Bengaluru","bat","Royal Challengers Bengaluru","Mumbai Indians",39,1,36,6.5,1,1,0,"Under 40","1"
"829795","2015-05-10",2015,"Wankhede Stadium","Mumbai","Mumbai Indians","Royal Challengers Bengaluru",2,0,"Royal Challengers Bengaluru","bat","Royal Challengers Bengaluru","Mumbai Indians",45,1,36,7.5,0,0,0,"40-49","1"
"829797","2015-05-10",2015,"MA Chidambaram Stadium, Chepauk","Chennai","Chennai Super Kings","Rajasthan Royals",1,1,"Chennai Super Kings","bat","Chennai Super Kings","Rajasthan Royals",36,2,36,6,1,1,0,"Under 40","2"
"829797","2015-05-10",2015,"MA Chidambaram Stadium, Chepauk","Chennai","Rajasthan Royals","Chennai Super Kings",2,0,"Chennai Super Kings","bat","Chennai Super Kings","Rajasthan Royals",40,1,36,6.66666666666667,0,0,0,"40-49","1"
"829799","2015-05-11",2015,"Rajiv Gandhi International Stadium, Uppal","Hyderabad","Sunrisers Hyderabad","Punjab Kings",1,1,"Sunrisers Hyderabad","bat","Sunrisers Hyderabad","Punjab Kings",56,0,36,9.33333333333333,1,1,0,"50-59","0"
"829799","2015-05-11",2015,"Rajiv Gandhi International Stadium, Uppal","Hyderabad","Punjab Kings","Sunrisers Hyderabad",2,0,"Sunrisers Hyderabad","bat","Sunrisers Hyderabad","Punjab Kings",47,1,36,7.83333333333333,0,0,0,"40-49","1"
"829801","2015-05-12",2015,"Shaheed Veer Narayan Singh International Stadium","Raipur","Chennai Super Kings","Delhi Capitals",1,1,"Chennai Super Kings","bat","Delhi Capitals","Chennai Super Kings",16,1,36,2.66666666666667,1,0,0,"Under 40","1"
"829801","2015-05-12",2015,"Shaheed Veer Narayan Singh International Stadium","Raipur","Delhi Capitals","Chennai Super Kings",2,0,"Chennai Super Kings","bat","Delhi Capitals","Chennai Super Kings",28,2,36,4.66666666666667,0,1,0,"Under 40","2"
"829803","2015-05-13",2015,"Punjab Cricket Association Stadium, Mohali","Chandigarh","Punjab Kings","Royal Challengers Bengaluru",1,1,"Royal Challengers Bengaluru","field","Punjab Kings","Royal Challengers Bengaluru",72,4,36,12,0,1,1,"60+","3+"
"829803","2015-05-13",2015,"Punjab Cricket Association Stadium, Mohali","Chandigarh","Royal Challengers Bengaluru","Punjab Kings",2,0,"Royal Challengers Bengaluru","field","Punjab Kings","Royal Challengers Bengaluru",61,2,36,10.1666666666667,1,0,1,"60+","2"
"829805","2015-05-14",2015,"Wankhede Stadium","Mumbai","Mumbai Indians","Kolkata Knight Riders",1,1,"Kolkata Knight Riders","field","Mumbai Indians","Kolkata Knight Riders",46,2,36,7.66666666666667,0,1,1,"40-49","2"
"829805","2015-05-14",2015,"Wankhede Stadium","Mumbai","Kolkata Knight Riders","Mumbai Indians",2,0,"Kolkata Knight Riders","field","Mumbai Indians","Kolkata Knight Riders",50,2,36,8.33333333333333,1,0,1,"50-59","2"
"829809","2015-05-16",2015,"Punjab Cricket Association Stadium, Mohali","Chandigarh","Punjab Kings","Chennai Super Kings",1,1,"Punjab Kings","bat","Chennai Super Kings","Punjab Kings",41,3,36,6.83333333333333,1,0,0,"40-49","3+"
"829809","2015-05-16",2015,"Punjab Cricket Association Stadium, Mohali","Chandigarh","Chennai Super Kings","Punjab Kings",2,0,"Punjab Kings","bat","Chennai Super Kings","Punjab Kings",47,2,36,7.83333333333333,0,1,0,"40-49","2"
"829811","2015-05-16",2015,"Brabourne Stadium","Mumbai","Rajasthan Royals","Kolkata Knight Riders",1,1,"Rajasthan Royals","bat","Rajasthan Royals","Kolkata Knight Riders",66,0,36,11,1,1,0,"60+","0"
"829811","2015-05-16",2015,"Brabourne Stadium","Mumbai","Kolkata Knight Riders","Rajasthan Royals",2,0,"Rajasthan Royals","bat","Rajasthan Royals","Kolkata Knight Riders",53,2,36,8.83333333333333,0,0,0,"50-59","2"
"829815","2015-05-17",2015,"Rajiv Gandhi International Stadium, Uppal","Hyderabad","Sunrisers Hyderabad","Mumbai Indians",1,1,"Sunrisers Hyderabad","bat","Mumbai Indians","Sunrisers Hyderabad",29,3,36,4.83333333333333,1,0,0,"Under 40","3+"
"829815","2015-05-17",2015,"Rajiv Gandhi International Stadium, Uppal","Hyderabad","Mumbai Indians","Sunrisers Hyderabad",2,0,"Sunrisers Hyderabad","bat","Mumbai Indians","Sunrisers Hyderabad",38,0,36,6.33333333333333,0,1,0,"Under 40","0"
"829817","2015-05-19",2015,"Wankhede Stadium","Mumbai","Mumbai Indians","Chennai Super Kings",1,1,"Mumbai Indians","bat","Mumbai Indians","Chennai Super Kings",48,0,36,8,1,1,0,"40-49","0"
"829817","2015-05-19",2015,"Wankhede Stadium","Mumbai","Chennai Super Kings","Mumbai Indians",2,0,"Mumbai Indians","bat","Mumbai Indians","Chennai Super Kings",54,2,36,9,0,0,0,"50-59","2"
"829819","2015-05-20",2015,"Maharashtra Cricket Association Stadium","Pune","Royal Challengers Bengaluru","Rajasthan Royals",1,1,"Royal Challengers Bengaluru","bat","Royal Challengers Bengaluru","Rajasthan Royals",41,1,36,6.83333333333333,1,1,0,"40-49","1"
"829819","2015-05-20",2015,"Maharashtra Cricket Association Stadium","Pune","Rajasthan Royals","Royal Challengers Bengaluru",2,0,"Royal Challengers Bengaluru","bat","Royal Challengers Bengaluru","Rajasthan Royals",40,2,36,6.66666666666667,0,0,0,"40-49","2"
"829821","2015-05-22",2015,"JSCA International Stadium Complex","Ranchi","Royal Challengers Bengaluru","Chennai Super Kings",1,1,"Chennai Super Kings","field","Chennai Super Kings","Royal Challengers Bengaluru",29,2,36,4.83333333333333,0,0,1,"Under 40","2"
"829821","2015-05-22",2015,"JSCA International Stadium Complex","Ranchi","Chennai Super Kings","Royal Challengers Bengaluru",2,0,"Chennai Super Kings","field","Chennai Super Kings","Royal Challengers Bengaluru",34,1,36,5.66666666666667,1,1,1,"Under 40","1"
"829823","2015-05-24",2015,"Eden Gardens","Kolkata","Mumbai Indians","Chennai Super Kings",1,1,"Chennai Super Kings","field","Mumbai Indians","Chennai Super Kings",61,1,36,10.1666666666667,0,1,1,"60+","1"
"829823","2015-05-24",2015,"Eden Gardens","Kolkata","Chennai Super Kings","Mumbai Indians",2,0,"Chennai Super Kings","field","Mumbai Indians","Chennai Super Kings",31,1,36,5.16666666666667,1,0,1,"Under 40","1"
"980901","2016-04-09",2016,"Wankhede Stadium","Mumbai","Mumbai Indians","Rising Pune Supergiant",1,1,"Mumbai Indians","bat","Rising Pune Supergiant","Mumbai Indians",37,4,36,6.16666666666667,1,0,0,"Under 40","3+"
"980901","2016-04-09",2016,"Wankhede Stadium","Mumbai","Rising Pune Supergiant","Mumbai Indians",2,0,"Mumbai Indians","bat","Rising Pune Supergiant","Mumbai Indians",57,0,36,9.5,0,1,0,"50-59","0"
"980903","2016-04-10",2016,"Eden Gardens","Kolkata","Delhi Capitals","Kolkata Knight Riders",1,1,"Kolkata Knight Riders","field","Kolkata Knight Riders","Delhi Capitals",35,4,36,5.83333333333333,0,0,1,"Under 40","3+"
"980903","2016-04-10",2016,"Eden Gardens","Kolkata","Kolkata Knight Riders","Delhi Capitals",2,0,"Kolkata Knight Riders","field","Kolkata Knight Riders","Delhi Capitals",47,0,36,7.83333333333333,1,1,1,"40-49","0"
"980905","2016-04-11",2016,"Punjab Cricket Association IS Bindra Stadium, Mohali","Chandigarh","Punjab Kings","Gujarat Lions",1,1,"Gujarat Lions","field","Gujarat Lions","Punjab Kings",52,0,36,8.66666666666667,0,0,1,"50-59","0"
"980905","2016-04-11",2016,"Punjab Cricket Association IS Bindra Stadium, Mohali","Chandigarh","Gujarat Lions","Punjab Kings",2,0,"Gujarat Lions","field","Gujarat Lions","Punjab Kings",57,2,36,9.5,1,1,1,"50-59","2"
"980907","2016-04-12",2016,"M Chinnaswamy Stadium","Bangalore","Royal Challengers Bengaluru","Sunrisers Hyderabad",1,1,"Sunrisers Hyderabad","field","Royal Challengers Bengaluru","Sunrisers Hyderabad",49,1,36,8.16666666666667,0,1,1,"40-49","1"
"980907","2016-04-12",2016,"M Chinnaswamy Stadium","Bangalore","Sunrisers Hyderabad","Royal Challengers Bengaluru",2,0,"Sunrisers Hyderabad","field","Royal Challengers Bengaluru","Sunrisers Hyderabad",56,1,36,9.33333333333333,1,0,1,"50-59","1"
"980909","2016-04-13",2016,"Eden Gardens","Kolkata","Kolkata Knight Riders","Mumbai Indians",1,1,"Mumbai Indians","field","Mumbai Indians","Kolkata Knight Riders",40,1,36,6.66666666666667,0,0,1,"40-49","1"
"980909","2016-04-13",2016,"Eden Gardens","Kolkata","Mumbai Indians","Kolkata Knight Riders",2,0,"Mumbai Indians","field","Mumbai Indians","Kolkata Knight Riders",53,1,36,8.83333333333333,1,1,1,"50-59","1"
"980911","2016-04-14",2016,"Saurashtra Cricket Association Stadium","Rajkot","Rising Pune Supergiant","Gujarat Lions",1,1,"Rising Pune Supergiant","bat","Gujarat Lions","Rising Pune Supergiant",57,1,36,9.5,1,0,0,"50-59","1"
"980911","2016-04-14",2016,"Saurashtra Cricket Association Stadium","Rajkot","Gujarat Lions","Rising Pune Supergiant",2,0,"Rising Pune Supergiant","bat","Gujarat Lions","Rising Pune Supergiant",62,0,36,10.3333333333333,0,1,0,"60+","0"
"980913","2016-04-15",2016,"Feroz Shah Kotla","Delhi","Punjab Kings","Delhi Capitals",1,1,"Delhi Capitals","field","Delhi Capitals","Punjab Kings",37,1,36,6.16666666666667,0,0,1,"Under 40","1"
"980913","2016-04-15",2016,"Feroz Shah Kotla","Delhi","Delhi Capitals","Punjab Kings",2,0,"Delhi Capitals","field","Delhi Capitals","Punjab Kings",28,1,36,4.66666666666667,1,1,1,"Under 40","1"
"980915","2016-04-16",2016,"Rajiv Gandhi International Stadium, Uppal","Hyderabad","Sunrisers Hyderabad","Kolkata Knight Riders",1,1,"Sunrisers Hyderabad","bat","Kolkata Knight Riders","Sunrisers Hyderabad",36,3,36,6,1,0,0,"Under 40","3+"
"980915","2016-04-16",2016,"Rajiv Gandhi International Stadium, Uppal","Hyderabad","Kolkata Knight Riders","Sunrisers Hyderabad",2,0,"Sunrisers Hyderabad","bat","Kolkata Knight Riders","Sunrisers Hyderabad",36,0,36,6,0,1,0,"Under 40","0"
"980917","2016-04-16",2016,"Wankhede Stadium","Mumbai","Mumbai Indians","Gujarat Lions",1,1,"Gujarat Lions","field","Gujarat Lions","Mumbai Indians",31,2,36,5.16666666666667,0,0,1,"Under 40","2"
"980917","2016-04-16",2016,"Wankhede Stadium","Mumbai","Gujarat Lions","Mumbai Indians",2,0,"Gujarat Lions","field","Gujarat Lions","Mumbai Indians",42,1,36,7,1,1,1,"40-49","1"
"980919","2016-04-17",2016,"Punjab Cricket Association IS Bindra Stadium, Mohali","Chandigarh","Rising Pune Supergiant","Punjab Kings",1,1,"Rising Pune Supergiant","bat","Punjab Kings","Rising Pune Supergiant",49,1,36,8.16666666666667,1,0,0,"40-49","1"
"980919","2016-04-17",2016,"Punjab Cricket Association IS Bindra Stadium, Mohali","Chandigarh","Punjab Kings","Rising Pune Supergiant",2,0,"Rising Pune Supergiant","bat","Punjab Kings","Rising Pune Supergiant",50,0,36,8.33333333333333,0,1,0,"50-59","0"
"980921","2016-04-17",2016,"M Chinnaswamy Stadium","Bangalore","Royal Challengers Bengaluru","Delhi Capitals",1,1,"Delhi Capitals","field","Delhi Capitals","Royal Challengers Bengaluru",63,1,36,10.5,0,0,1,"60+","1"
"980921","2016-04-17",2016,"M Chinnaswamy Stadium","Bangalore","Delhi Capitals","Royal Challengers Bengaluru",2,0,"Delhi Capitals","field","Delhi Capitals","Royal Challengers Bengaluru",51,2,36,8.5,1,1,1,"50-59","2"
"980923","2016-04-18",2016,"Rajiv Gandhi International Stadium, Uppal","Hyderabad","Mumbai Indians","Sunrisers Hyderabad",1,1,"Sunrisers Hyderabad","field","Sunrisers Hyderabad","Mumbai Indians",40,2,36,6.66666666666667,0,0,1,"40-49","2"
"980923","2016-04-18",2016,"Rajiv Gandhi International Stadium, Uppal","Hyderabad","Sunrisers Hyderabad","Mumbai Indians",2,0,"Sunrisers Hyderabad","field","Sunrisers Hyderabad","Mumbai Indians",33,1,36,5.5,1,1,1,"Under 40","1"
"980925","2016-04-19",2016,"Punjab Cricket Association IS Bindra Stadium, Mohali","Chandigarh","Punjab Kings","Kolkata Knight Riders",1,1,"Kolkata Knight Riders","field","Kolkata Knight Riders","Punjab Kings",41,1,36,6.83333333333333,0,0,1,"40-49","1"
"980925","2016-04-19",2016,"Punjab Cricket Association IS Bindra Stadium, Mohali","Chandigarh","Kolkata Knight Riders","Punjab Kings",2,0,"Kolkata Knight Riders","field","Kolkata Knight Riders","Punjab Kings",65,0,36,10.8333333333333,1,1,1,"60+","0"
"980927","2016-04-20",2016,"Wankhede Stadium","Mumbai","Royal Challengers Bengaluru","Mumbai Indians",1,1,"Mumbai Indians","field","Mumbai Indians","Royal Challengers Bengaluru",49,1,36,8.16666666666667,0,0,1,"40-49","1"
"980927","2016-04-20",2016,"Wankhede Stadium","Mumbai","Mumbai Indians","Royal Challengers Bengaluru",2,0,"Mumbai Indians","field","Mumbai Indians","Royal Challengers Bengaluru",51,1,36,8.5,1,1,1,"50-59","1"
"980929","2016-04-21",2016,"Saurashtra Cricket Association Stadium","Rajkot","Gujarat Lions","Sunrisers Hyderabad",1,1,"Sunrisers Hyderabad","field","Sunrisers Hyderabad","Gujarat Lions",50,1,36,8.33333333333333,0,0,1,"50-59","1"
"980929","2016-04-21",2016,"Saurashtra Cricket Association Stadium","Rajkot","Sunrisers Hyderabad","Gujarat Lions",2,0,"Sunrisers Hyderabad","field","Sunrisers Hyderabad","Gujarat Lions",63,0,36,10.5,1,1,1,"60+","0"
"980931","2016-04-22",2016,"Maharashtra Cricket Association Stadium","Pune","Royal Challengers Bengaluru","Rising Pune Supergiant",1,1,"Rising Pune Supergiant","field","Royal Challengers Bengaluru","Rising Pune Supergiant",48,1,36,8,0,1,1,"40-49","1"
"980931","2016-04-22",2016,"Maharashtra Cricket Association Stadium","Pune","Rising Pune Supergiant","Royal Challengers Bengaluru",2,0,"Rising Pune Supergiant","field","Royal Challengers Bengaluru","Rising Pune Supergiant",36,2,36,6,1,0,1,"Under 40","2"
"980933","2016-04-23",2016,"Feroz Shah Kotla","Delhi","Delhi Capitals","Mumbai Indians",1,1,"Mumbai Indians","field","Delhi Capitals","Mumbai Indians",41,1,36,6.83333333333333,0,1,1,"40-49","1"
"980933","2016-04-23",2016,"Feroz Shah Kotla","Delhi","Mumbai Indians","Delhi Capitals",2,0,"Mumbai Indians","field","Delhi Capitals","Mumbai Indians",52,1,36,8.66666666666667,1,0,1,"50-59","1"
"980935","2016-04-23",2016,"Rajiv Gandhi International Stadium, Uppal","Hyderabad","Punjab Kings","Sunrisers Hyderabad",1,1,"Sunrisers Hyderabad","field","Sunrisers Hyderabad","Punjab Kings",35,2,36,5.83333333333333,0,0,1,"Under 40","2"
"980935","2016-04-23",2016,"Rajiv Gandhi International Stadium, Uppal","Hyderabad","Sunrisers Hyderabad","Punjab Kings",2,0,"Sunrisers Hyderabad","field","Sunrisers Hyderabad","Punjab Kings",65,0,36,10.8333333333333,1,1,1,"60+","0"
"980937","2016-04-24",2016,"Saurashtra Cricket Association Stadium","Rajkot","Royal Challengers Bengaluru","Gujarat Lions",1,1,"Royal Challengers Bengaluru","bat","Gujarat Lions","Royal Challengers Bengaluru",50,1,36,8.33333333333333,1,0,0,"50-59","1"
"980937","2016-04-24",2016,"Saurashtra Cricket Association Stadium","Rajkot","Gujarat Lions","Royal Challengers Bengaluru",2,0,"Royal Challengers Bengaluru","bat","Gujarat Lions","Royal Challengers Bengaluru",72,1,36,12,0,1,0,"60+","1"
"980939","2016-04-24",2016,"Maharashtra Cricket Association Stadium","Pune","Rising Pune Supergiant","Kolkata Knight Riders",1,1,"Kolkata Knight Riders","field","Kolkata Knight Riders","Rising Pune Supergiant",31,1,36,5.16666666666667,0,0,1,"Under 40","1"
"980939","2016-04-24",2016,"Maharashtra Cricket Association Stadium","Pune","Kolkata Knight Riders","Rising Pune Supergiant",2,0,"Kolkata Knight Riders","field","Kolkata Knight Riders","Rising Pune Supergiant",59,2,36,9.83333333333333,1,1,1,"50-59","2"
"980941","2016-04-25",2016,"Punjab Cricket Association IS Bindra Stadium, Mohali","Chandigarh","Mumbai Indians","Punjab Kings",1,1,"Punjab Kings","field","Mumbai Indians","Punjab Kings",39,1,36,6.5,0,1,1,"Under 40","1"
"980941","2016-04-25",2016,"Punjab Cricket Association IS Bindra Stadium, Mohali","Chandigarh","Punjab Kings","Mumbai Indians",2,0,"Punjab Kings","field","Mumbai Indians","Punjab Kings",40,2,36,6.66666666666667,1,0,1,"40-49","2"
"980943","2016-04-26",2016,"Rajiv Gandhi International Stadium, Uppal","Hyderabad","Sunrisers Hyderabad","Rising Pune Supergiant",1,1,"Rising Pune Supergiant","field","Rising Pune Supergiant","Sunrisers Hyderabad",27,3,36,4.5,0,0,1,"Under 40","3+"
"980943","2016-04-26",2016,"Rajiv Gandhi International Stadium, Uppal","Hyderabad","Rising Pune Supergiant","Sunrisers Hyderabad",2,0,"Rising Pune Supergiant","field","Rising Pune Supergiant","Sunrisers Hyderabad",46,1,36,7.66666666666667,1,1,1,"40-49","1"
"980945","2016-04-27",2016,"Feroz Shah Kotla","Delhi","Gujarat Lions","Delhi Capitals",1,1,"Delhi Capitals","field","Gujarat Lions","Delhi Capitals",71,0,36,11.8333333333333,0,1,1,"60+","0"
"980945","2016-04-27",2016,"Feroz Shah Kotla","Delhi","Delhi Capitals","Gujarat Lions",2,0,"Delhi Capitals","field","Gujarat Lions","Delhi Capitals",22,3,36,3.66666666666667,1,0,1,"Under 40","3+"
"980947","2016-04-28",2016,"Wankhede Stadium","Mumbai","Kolkata Knight Riders","Mumbai Indians",1,1,"Mumbai Indians","field","Mumbai Indians","Kolkata Knight Riders",59,0,36,9.83333333333333,0,0,1,"50-59","0"
"980947","2016-04-28",2016,"Wankhede Stadium","Mumbai","Mumbai Indians","Kolkata Knight Riders",2,0,"Mumbai Indians","field","Mumbai Indians","Kolkata Knight Riders",64,1,36,10.6666666666667,1,1,1,"60+","1"
"980949","2016-04-29",2016,"Maharashtra Cricket Association Stadium","Pune","Rising Pune Supergiant","Gujarat Lions",1,1,"Gujarat Lions","field","Gujarat Lions","Rising Pune Supergiant",48,1,36,8,0,0,1,"40-49","1"
"980949","2016-04-29",2016,"Maharashtra Cricket Association Stadium","Pune","Gujarat Lions","Rising Pune Supergiant",2,0,"Gujarat Lions","field","Gujarat Lions","Rising Pune Supergiant",72,0,36,12,1,1,1,"60+","0"
"980951","2016-04-30",2016,"Feroz Shah Kotla","Delhi","Delhi Capitals","Kolkata Knight Riders",1,1,"Kolkata Knight Riders","field","Delhi Capitals","Kolkata Knight Riders",37,3,36,6.16666666666667,0,1,1,"Under 40","3+"
"980951","2016-04-30",2016,"Feroz Shah Kotla","Delhi","Kolkata Knight Riders","Delhi Capitals",2,0,"Kolkata Knight Riders","field","Delhi Capitals","Kolkata Knight Riders",43,2,36,7.16666666666667,1,0,1,"40-49","2"
"980953","2016-04-30",2016,"Rajiv Gandhi International Stadium, Uppal","Hyderabad","Sunrisers Hyderabad","Royal Challengers Bengaluru",1,1,"Royal Challengers Bengaluru","field","Sunrisers Hyderabad","Royal Challengers Bengaluru",49,1,36,8.16666666666667,0,1,1,"40-49","1"
"980953","2016-04-30",2016,"Rajiv Gandhi International Stadium, Uppal","Hyderabad","Royal Challengers Bengaluru","Sunrisers Hyderabad",2,0,"Royal Challengers Bengaluru","field","Sunrisers Hyderabad","Royal Challengers Bengaluru",45,1,36,7.5,1,0,1,"40-49","1"
"980955","2016-05-01",2016,"Saurashtra Cricket Association Stadium","Rajkot","Punjab Kings","Gujarat Lions",1,1,"Gujarat Lions","field","Punjab Kings","Gujarat Lions",59,0,36,9.83333333333333,0,1,1,"50-59","0"
"980955","2016-05-01",2016,"Saurashtra Cricket Association Stadium","Rajkot","Gujarat Lions","Punjab Kings",2,0,"Gujarat Lions","field","Punjab Kings","Gujarat Lions",36,2,36,6,1,0,1,"Under 40","2"
"980957","2016-05-01",2016,"Maharashtra Cricket Association Stadium","Pune","Rising Pune Supergiant","Mumbai Indians",1,1,"Mumbai Indians","field","Mumbai Indians","Rising Pune Supergiant",54,1,36,9,0,0,1,"50-59","1"
"980957","2016-05-01",2016,"Maharashtra Cricket Association Stadium","Pune","Mumbai Indians","Rising Pune Supergiant",2,0,"Mumbai Indians","field","Mumbai Indians","Rising Pune Supergiant",47,1,36,7.83333333333333,1,1,1,"40-49","1"
"980959","2016-05-02",2016,"M Chinnaswamy Stadium","Bangalore","Royal Challengers Bengaluru","Kolkata Knight Riders",1,1,"Kolkata Knight Riders","field","Kolkata Knight Riders","Royal Challengers Bengaluru",40,1,36,6.66666666666667,0,0,1,"40-49","1"
"980959","2016-05-02",2016,"M Chinnaswamy Stadium","Bangalore","Kolkata Knight Riders","Royal Challengers Bengaluru",2,0,"Kolkata Knight Riders","field","Kolkata Knight Riders","Royal Challengers Bengaluru",37,2,36,6.16666666666667,1,1,1,"Under 40","2"
"980961","2016-05-03",2016,"Saurashtra Cricket Association Stadium","Rajkot","Gujarat Lions","Delhi Capitals",1,1,"Delhi Capitals","field","Delhi Capitals","Gujarat Lions",35,3,36,5.83333333333333,0,0,1,"Under 40","3+"
"980961","2016-05-03",2016,"Saurashtra Cricket Association Stadium","Rajkot","Delhi Capitals","Gujarat Lions",2,0,"Delhi Capitals","field","Delhi Capitals","Gujarat Lions",61,0,36,10.1666666666667,1,1,1,"60+","0"
"980963","2016-05-04",2016,"Eden Gardens","Kolkata","Kolkata Knight Riders","Punjab Kings",1,1,"Punjab Kings","field","Kolkata Knight Riders","Punjab Kings",40,0,36,6.66666666666667,0,1,1,"40-49","0"
"980963","2016-05-04",2016,"Eden Gardens","Kolkata","Punjab Kings","Kolkata Knight Riders",2,0,"Punjab Kings","field","Kolkata Knight Riders","Punjab Kings",37,3,36,6.16666666666667,1,0,1,"Under 40","3+"
"980965","2016-05-05",2016,"Feroz Shah Kotla","Delhi","Delhi Capitals","Rising Pune Supergiant",1,1,"Rising Pune Supergiant","field","Rising Pune Supergiant","Delhi Capitals",48,2,36,8,0,0,1,"40-49","2"
"980965","2016-05-05",2016,"Feroz Shah Kotla","Delhi","Rising Pune Supergiant","Delhi Capitals",2,0,"Rising Pune Supergiant","field","Rising Pune Supergiant","Delhi Capitals",50,0,36,8.33333333333333,1,1,1,"50-59","0"
"980967","2016-05-06",2016,"Rajiv Gandhi International Stadium, Uppal","Hyderabad","Gujarat Lions","Sunrisers Hyderabad",1,1,"Sunrisers Hyderabad","field","Sunrisers Hyderabad","Gujarat Lions",26,3,36,4.33333333333333,0,0,1,"Under 40","3+"
"980967","2016-05-06",2016,"Rajiv Gandhi International Stadium, Uppal","Hyderabad","Sunrisers Hyderabad","Gujarat Lions",2,0,"Sunrisers Hyderabad","field","Sunrisers Hyderabad","Gujarat Lions",38,2,36,6.33333333333333,1,1,1,"Under 40","2"
"980969","2016-05-07",2016,"M Chinnaswamy Stadium","Bangalore","Rising Pune Supergiant","Royal Challengers Bengaluru",1,1,"Royal Challengers Bengaluru","field","Royal Challengers Bengaluru","Rising Pune Supergiant",60,1,36,10,0,0,1,"60+","1"
"980969","2016-05-07",2016,"M Chinnaswamy Stadium","Bangalore","Royal Challengers Bengaluru","Rising Pune Supergiant",2,0,"Royal Challengers Bengaluru","field","Royal Challengers Bengaluru","Rising Pune Supergiant",46,0,36,7.66666666666667,1,1,1,"40-49","0"
"980971","2016-05-07",2016,"Punjab Cricket Association IS Bindra Stadium, Mohali","Chandigarh","Punjab Kings","Delhi Capitals",1,1,"Delhi Capitals","field","Punjab Kings","Delhi Capitals",45,1,36,7.5,0,1,1,"40-49","1"
"980971","2016-05-07",2016,"Punjab Cricket Association IS Bindra Stadium, Mohali","Chandigarh","Delhi Capitals","Punjab Kings",2,0,"Delhi Capitals","field","Punjab Kings","Delhi Capitals",51,0,36,8.5,1,0,1,"50-59","0"
"980973","2016-05-08",2016,"Dr. Y.S. Rajasekhara Reddy ACA-VDCA Cricket Stadium","Visakhapatnam","Sunrisers Hyderabad","Mumbai Indians",1,1,"Mumbai Indians","field","Sunrisers Hyderabad","Mumbai Indians",51,0,36,8.5,0,1,1,"50-59","0"
"980973","2016-05-08",2016,"Dr. Y.S. Rajasekhara Reddy ACA-VDCA Cricket Stadium","Visakhapatnam","Mumbai Indians","Sunrisers Hyderabad",2,0,"Mumbai Indians","field","Sunrisers Hyderabad","Mumbai Indians",32,5,36,5.33333333333333,1,0,1,"Under 40","3+"
"980975","2016-05-08",2016,"Eden Gardens","Kolkata","Kolkata Knight Riders","Gujarat Lions",1,1,"Gujarat Lions","field","Gujarat Lions","Kolkata Knight Riders",28,4,36,4.66666666666667,0,0,1,"Under 40","3+"
"980975","2016-05-08",2016,"Eden Gardens","Kolkata","Gujarat Lions","Kolkata Knight Riders",2,0,"Gujarat Lions","field","Gujarat Lions","Kolkata Knight Riders",46,1,36,7.66666666666667,1,1,1,"40-49","1"
"980977","2016-05-09",2016,"Punjab Cricket Association IS Bindra Stadium, Mohali","Chandigarh","Royal Challengers Bengaluru","Punjab Kings",1,1,"Punjab Kings","field","Royal Challengers Bengaluru","Punjab Kings",56,0,36,9.33333333333333,0,1,1,"50-59","0"
"980977","2016-05-09",2016,"Punjab Cricket Association IS Bindra Stadium, Mohali","Chandigarh","Punjab Kings","Royal Challengers Bengaluru",2,0,"Punjab Kings","field","Royal Challengers Bengaluru","Punjab Kings",50,1,36,8.33333333333333,1,0,1,"50-59","1"
"980979","2016-05-10",2016,"Dr. Y.S. Rajasekhara Reddy ACA-VDCA Cricket Stadium","Visakhapatnam","Sunrisers Hyderabad","Rising Pune Supergiant",1,1,"Sunrisers Hyderabad","bat","Sunrisers Hyderabad","Rising Pune Supergiant",34,1,36,5.66666666666667,1,1,0,"Under 40","1"
"980979","2016-05-10",2016,"Dr. Y.S. Rajasekhara Reddy ACA-VDCA Cricket Stadium","Visakhapatnam","Rising Pune Supergiant","Sunrisers Hyderabad",2,0,"Sunrisers Hyderabad","bat","Sunrisers Hyderabad","Rising Pune Supergiant",25,2,36,4.16666666666667,0,0,0,"Under 40","2"
"980981","2016-05-11",2016,"M Chinnaswamy Stadium","Bangalore","Royal Challengers Bengaluru","Mumbai Indians",1,1,"Mumbai Indians","field","Mumbai Indians","Royal Challengers Bengaluru",25,2,36,4.16666666666667,0,0,1,"Under 40","2"
"980981","2016-05-11",2016,"M Chinnaswamy Stadium","Bangalore","Mumbai Indians","Royal Challengers Bengaluru",2,0,"Mumbai Indians","field","Mumbai Indians","Royal Challengers Bengaluru",39,1,36,6.5,1,1,1,"Under 40","1"
"980983","2016-05-12",2016,"Rajiv Gandhi International Stadium, Uppal","Hyderabad","Sunrisers Hyderabad","Delhi Capitals",1,1,"Delhi Capitals","field","Delhi Capitals","Sunrisers Hyderabad",51,0,36,8.5,0,0,1,"50-59","0"
"980983","2016-05-12",2016,"Rajiv Gandhi International Stadium, Uppal","Hyderabad","Delhi Capitals","Sunrisers Hyderabad",2,0,"Delhi Capitals","field","Delhi Capitals","Sunrisers Hyderabad",50,1,36,8.33333333333333,1,1,1,"50-59","1"
"980985","2016-05-13",2016,"Dr. Y.S. Rajasekhara Reddy ACA-VDCA Cricket Stadium","Visakhapatnam","Mumbai Indians","Punjab Kings",1,1,"Mumbai Indians","bat","Punjab Kings","Mumbai Indians",21,2,36,3.5,1,0,0,"Under 40","2"
"980985","2016-05-13",2016,"Dr. Y.S. Rajasekhara Reddy ACA-VDCA Cricket Stadium","Visakhapatnam","Punjab Kings","Mumbai Indians",2,0,"Mumbai Indians","bat","Punjab Kings","Mumbai Indians",32,1,36,5.33333333333333,0,1,0,"Under 40","1"
"980987","2016-05-14",2016,"M Chinnaswamy Stadium","Bangalore","Royal Challengers Bengaluru","Gujarat Lions",1,1,"Gujarat Lions","field","Royal Challengers Bengaluru","Gujarat Lions",42,1,36,7,0,1,1,"40-49","1"
"980987","2016-05-14",2016,"M Chinnaswamy Stadium","Bangalore","Gujarat Lions","Royal Challengers Bengaluru",2,0,"Gujarat Lions","field","Royal Challengers Bengaluru","Gujarat Lions",41,2,36,6.83333333333333,1,0,1,"40-49","2"
"980991","2016-05-15",2016,"Punjab Cricket Association IS Bindra Stadium, Mohali","Chandigarh","Punjab Kings","Sunrisers Hyderabad",1,1,"Punjab Kings","bat","Sunrisers Hyderabad","Punjab Kings",47,1,36,7.83333333333333,1,0,0,"40-49","1"
"980991","2016-05-15",2016,"Punjab Cricket Association IS Bindra Stadium, Mohali","Chandigarh","Sunrisers Hyderabad","Punjab Kings",2,0,"Punjab Kings","bat","Sunrisers Hyderabad","Punjab Kings",55,0,36,9.16666666666667,0,1,0,"50-59","0"
"980993","2016-05-15",2016,"Dr. Y.S. Rajasekhara Reddy ACA-VDCA Cricket Stadium","Visakhapatnam","Mumbai Indians","Delhi Capitals",1,1,"Delhi Capitals","field","Mumbai Indians","Delhi Capitals",45,0,36,7.5,0,1,1,"40-49","0"
"980993","2016-05-15",2016,"Dr. Y.S. Rajasekhara Reddy ACA-VDCA Cricket Stadium","Visakhapatnam","Delhi Capitals","Mumbai Indians",2,0,"Delhi Capitals","field","Mumbai Indians","Delhi Capitals",49,2,36,8.16666666666667,1,0,1,"40-49","2"
"980995","2016-05-16",2016,"Eden Gardens","Kolkata","Kolkata Knight Riders","Royal Challengers Bengaluru",1,1,"Royal Challengers Bengaluru","field","Royal Challengers Bengaluru","Kolkata Knight Riders",51,1,36,8.5,0,0,1,"50-59","1"
"980995","2016-05-16",2016,"Eden Gardens","Kolkata","Royal Challengers Bengaluru","Kolkata Knight Riders",2,0,"Royal Challengers Bengaluru","field","Royal Challengers Bengaluru","Kolkata Knight Riders",63,0,36,10.5,1,1,1,"60+","0"
"980997","2016-05-17",2016,"Dr. Y.S. Rajasekhara Reddy ACA-VDCA Cricket Stadium","Visakhapatnam","Delhi Capitals","Rising Pune Supergiant",1,1,"Rising Pune Supergiant","field","Rising Pune Supergiant","Delhi Capitals",28,2,36,4.66666666666667,0,0,1,"Under 40","2"
"980997","2016-05-17",2016,"Dr. Y.S. Rajasekhara Reddy ACA-VDCA Cricket Stadium","Visakhapatnam","Rising Pune Supergiant","Delhi Capitals",2,0,"Rising Pune Supergiant","field","Rising Pune Supergiant","Delhi Capitals",44,1,36,7.33333333333333,1,1,1,"40-49","1"
"980999","2016-05-18",2016,"M Chinnaswamy Stadium","Bangalore","Royal Challengers Bengaluru","Punjab Kings",1,1,"Punjab Kings","field","Royal Challengers Bengaluru","Punjab Kings",63,0,36,10.5,0,1,1,"60+","0"
"980999","2016-05-18",2016,"M Chinnaswamy Stadium","Bangalore","Punjab Kings","Royal Challengers Bengaluru",2,0,"Punjab Kings","field","Royal Challengers Bengaluru","Punjab Kings",59,4,36,9.83333333333333,1,0,1,"50-59","3+"
"981001","2016-05-19",2016,"Green Park","Kanpur","Kolkata Knight Riders","Gujarat Lions",1,1,"Gujarat Lions","field","Gujarat Lions","Kolkata Knight Riders",44,2,36,7.33333333333333,0,0,1,"40-49","2"
"981001","2016-05-19",2016,"Green Park","Kanpur","Gujarat Lions","Kolkata Knight Riders",2,0,"Gujarat Lions","field","Gujarat Lions","Kolkata Knight Riders",55,3,36,9.16666666666667,1,1,1,"50-59","3+"
"981003","2016-05-20",2016,"Shaheed Veer Narayan Singh International Stadium","Raipur","Sunrisers Hyderabad","Delhi Capitals",1,1,"Delhi Capitals","field","Delhi Capitals","Sunrisers Hyderabad",46,1,36,7.66666666666667,0,0,1,"40-49","1"
"981003","2016-05-20",2016,"Shaheed Veer Narayan Singh International Stadium","Raipur","Delhi Capitals","Sunrisers Hyderabad",2,0,"Delhi Capitals","field","Delhi Capitals","Sunrisers Hyderabad",37,1,36,6.16666666666667,1,1,1,"Under 40","1"
"981005","2016-05-21",2016,"Dr. Y.S. Rajasekhara Reddy ACA-VDCA Cricket Stadium","Visakhapatnam","Punjab Kings","Rising Pune Supergiant",1,1,"Punjab Kings","bat","Rising Pune Supergiant","Punjab Kings",52,0,36,8.66666666666667,1,0,0,"50-59","0"
"981005","2016-05-21",2016,"Dr. Y.S. Rajasekhara Reddy ACA-VDCA Cricket Stadium","Visakhapatnam","Rising Pune Supergiant","Punjab Kings",2,0,"Punjab Kings","bat","Rising Pune Supergiant","Punjab Kings",44,1,36,7.33333333333333,0,1,0,"40-49","1"
"981007","2016-05-21",2016,"Green Park","Kanpur","Mumbai Indians","Gujarat Lions",1,1,"Gujarat Lions","field","Gujarat Lions","Mumbai Indians",49,3,36,8.16666666666667,0,0,1,"40-49","3+"
"981007","2016-05-21",2016,"Green Park","Kanpur","Gujarat Lions","Mumbai Indians",2,0,"Gujarat Lions","field","Gujarat Lions","Mumbai Indians",70,1,36,11.6666666666667,1,1,1,"60+","1"
"981009","2016-05-22",2016,"Eden Gardens","Kolkata","Kolkata Knight Riders","Sunrisers Hyderabad",1,1,"Sunrisers Hyderabad","field","Kolkata Knight Riders","Sunrisers Hyderabad",48,2,36,8,0,1,1,"40-49","2"
"981009","2016-05-22",2016,"Eden Gardens","Kolkata","Sunrisers Hyderabad","Kolkata Knight Riders",2,0,"Sunrisers Hyderabad","field","Kolkata Knight Riders","Sunrisers Hyderabad",48,1,36,8,1,0,1,"40-49","1"
"981011","2016-05-22",2016,"Shaheed Veer Narayan Singh International Stadium","Raipur","Delhi Capitals","Royal Challengers Bengaluru",1,1,"Royal Challengers Bengaluru","field","Royal Challengers Bengaluru","Delhi Capitals",43,2,36,7.16666666666667,0,0,1,"40-49","2"
"981011","2016-05-22",2016,"Shaheed Veer Narayan Singh International Stadium","Raipur","Royal Challengers Bengaluru","Delhi Capitals",2,0,"Royal Challengers Bengaluru","field","Royal Challengers Bengaluru","Delhi Capitals",49,2,36,8.16666666666667,1,1,1,"40-49","2"
"981013","2016-05-24",2016,"M Chinnaswamy Stadium","Bangalore","Gujarat Lions","Royal Challengers Bengaluru",1,1,"Royal Challengers Bengaluru","field","Royal Challengers Bengaluru","Gujarat Lions",23,3,36,3.83333333333333,0,0,1,"Under 40","3+"
"981013","2016-05-24",2016,"M Chinnaswamy Stadium","Bangalore","Royal Challengers Bengaluru","Gujarat Lions",2,0,"Royal Challengers Bengaluru","field","Royal Challengers Bengaluru","Gujarat Lions",31,5,36,5.16666666666667,1,1,1,"Under 40","3+"
"981015","2016-05-25",2016,"Feroz Shah Kotla","Delhi","Sunrisers Hyderabad","Kolkata Knight Riders",1,1,"Kolkata Knight Riders","field","Sunrisers Hyderabad","Kolkata Knight Riders",43,1,36,7.16666666666667,0,1,1,"40-49","1"
"981015","2016-05-25",2016,"Feroz Shah Kotla","Delhi","Kolkata Knight Riders","Sunrisers Hyderabad",2,0,"Kolkata Knight Riders","field","Sunrisers Hyderabad","Kolkata Knight Riders",46,1,36,7.66666666666667,1,0,1,"40-49","1"
"981017","2016-05-27",2016,"Feroz Shah Kotla","Delhi","Gujarat Lions","Sunrisers Hyderabad",1,1,"Sunrisers Hyderabad","field","Sunrisers Hyderabad","Gujarat Lions",38,2,36,6.33333333333333,0,0,1,"Under 40","2"
"981017","2016-05-27",2016,"Feroz Shah Kotla","Delhi","Sunrisers Hyderabad","Gujarat Lions",2,0,"Sunrisers Hyderabad","field","Sunrisers Hyderabad","Gujarat Lions",46,2,36,7.66666666666667,1,1,1,"40-49","2"
"981019","2016-05-29",2016,"M Chinnaswamy Stadium","Bangalore","Sunrisers Hyderabad","Royal Challengers Bengaluru",1,1,"Sunrisers Hyderabad","bat","Sunrisers Hyderabad","Royal Challengers Bengaluru",59,0,36,9.83333333333333,1,1,0,"50-59","0"
"981019","2016-05-29",2016,"M Chinnaswamy Stadium","Bangalore","Royal Challengers Bengaluru","Sunrisers Hyderabad",2,0,"Sunrisers Hyderabad","bat","Sunrisers Hyderabad","Royal Challengers Bengaluru",59,0,36,9.83333333333333,0,0,0,"50-59","0"
"1082591","2017-04-05",2017,"Rajiv Gandhi International Stadium, Uppal","Hyderabad","Sunrisers Hyderabad","Royal Challengers Bengaluru",1,1,"Royal Challengers Bengaluru","field","Sunrisers Hyderabad","Royal Challengers Bengaluru",59,1,36,9.83333333333333,0,1,1,"50-59","1"
"1082591","2017-04-05",2017,"Rajiv Gandhi International Stadium, Uppal","Hyderabad","Royal Challengers Bengaluru","Sunrisers Hyderabad",2,0,"Royal Challengers Bengaluru","field","Sunrisers Hyderabad","Royal Challengers Bengaluru",54,1,36,9,1,0,1,"50-59","1"
"1082592","2017-04-06",2017,"Maharashtra Cricket Association Stadium","Pune","Mumbai Indians","Rising Pune Supergiant",1,1,"Rising Pune Supergiant","field","Rising Pune Supergiant","Mumbai Indians",61,1,36,10.1666666666667,0,0,1,"60+","1"
"1082592","2017-04-06",2017,"Maharashtra Cricket Association Stadium","Pune","Rising Pune Supergiant","Mumbai Indians",2,0,"Rising Pune Supergiant","field","Rising Pune Supergiant","Mumbai Indians",59,1,36,9.83333333333333,1,1,1,"50-59","1"
"1082593","2017-04-07",2017,"Saurashtra Cricket Association Stadium","Rajkot","Gujarat Lions","Kolkata Knight Riders",1,1,"Kolkata Knight Riders","field","Kolkata Knight Riders","Gujarat Lions",52,1,36,8.66666666666667,0,0,1,"50-59","1"
"1082593","2017-04-07",2017,"Saurashtra Cricket Association Stadium","Rajkot","Kolkata Knight Riders","Gujarat Lions",2,0,"Kolkata Knight Riders","field","Kolkata Knight Riders","Gujarat Lions",73,0,36,12.1666666666667,1,1,1,"60+","0"
"1082594","2017-04-08",2017,"Holkar Cricket Stadium","Indore","Rising Pune Supergiant","Punjab Kings",1,1,"Punjab Kings","field","Punjab Kings","Rising Pune Supergiant",35,1,36,5.83333333333333,0,0,1,"Under 40","1"
"1082594","2017-04-08",2017,"Holkar Cricket Stadium","Indore","Punjab Kings","Rising Pune Supergiant",2,0,"Punjab Kings","field","Punjab Kings","Rising Pune Supergiant",56,2,36,9.33333333333333,1,1,1,"50-59","2"
"1082595","2017-04-08",2017,"M.Chinnaswamy Stadium","Bengaluru","Royal Challengers Bengaluru","Delhi Capitals",1,1,"Royal Challengers Bengaluru","bat","Royal Challengers Bengaluru","Delhi Capitals",41,2,36,6.83333333333333,1,1,0,"40-49","2"
"1082595","2017-04-08",2017,"M.Chinnaswamy Stadium","Bengaluru","Delhi Capitals","Royal Challengers Bengaluru",2,0,"Royal Challengers Bengaluru","bat","Royal Challengers Bengaluru","Delhi Capitals",43,2,36,7.16666666666667,0,0,0,"40-49","2"
"1082596","2017-04-09",2017,"Rajiv Gandhi International Stadium, Uppal","Hyderabad","Gujarat Lions","Sunrisers Hyderabad",1,1,"Sunrisers Hyderabad","field","Sunrisers Hyderabad","Gujarat Lions",40,2,36,6.66666666666667,0,0,1,"40-49","2"
"1082596","2017-04-09",2017,"Rajiv Gandhi International Stadium, Uppal","Hyderabad","Sunrisers Hyderabad","Gujarat Lions",2,0,"Sunrisers Hyderabad","field","Sunrisers Hyderabad","Gujarat Lions",59,1,36,9.83333333333333,1,1,1,"50-59","1"
"1082597","2017-04-09",2017,"Wankhede Stadium","Mumbai","Kolkata Knight Riders","Mumbai Indians",1,1,"Mumbai Indians","field","Mumbai Indians","Kolkata Knight Riders",59,2,36,9.83333333333333,0,0,1,"50-59","2"
"1082597","2017-04-09",2017,"Wankhede Stadium","Mumbai","Mumbai Indians","Kolkata Knight Riders",2,0,"Mumbai Indians","field","Mumbai Indians","Kolkata Knight Riders",49,0,36,8.16666666666667,1,1,1,"40-49","0"
"1082598","2017-04-10",2017,"Holkar Cricket Stadium","Indore","Royal Challengers Bengaluru","Punjab Kings",1,1,"Royal Challengers Bengaluru","bat","Punjab Kings","Royal Challengers Bengaluru",23,3,36,3.83333333333333,1,0,0,"Under 40","3+"
"1082598","2017-04-10",2017,"Holkar Cricket Stadium","Indore","Punjab Kings","Royal Challengers Bengaluru",2,0,"Royal Challengers Bengaluru","bat","Punjab Kings","Royal Challengers Bengaluru",62,1,36,10.3333333333333,0,1,0,"60+","1"
"1082599","2017-04-11",2017,"Maharashtra Cricket Association Stadium","Pune","Delhi Capitals","Rising Pune Supergiant",1,1,"Rising Pune Supergiant","field","Delhi Capitals","Rising Pune Supergiant",62,1,36,10.3333333333333,0,1,1,"60+","1"
"1082599","2017-04-11",2017,"Maharashtra Cricket Association Stadium","Pune","Rising Pune Supergiant","Delhi Capitals",2,0,"Rising Pune Supergiant","field","Delhi Capitals","Rising Pune Supergiant",50,3,36,8.33333333333333,1,0,1,"50-59","3+"
"1082600","2017-04-12",2017,"Wankhede Stadium","Mumbai","Sunrisers Hyderabad","Mumbai Indians",1,1,"Mumbai Indians","field","Mumbai Indians","Sunrisers Hyderabad",34,0,36,5.66666666666667,0,0,1,"Under 40","0"
"1082600","2017-04-12",2017,"Wankhede Stadium","Mumbai","Mumbai Indians","Sunrisers Hyderabad",2,0,"Mumbai Indians","field","Mumbai Indians","Sunrisers Hyderabad",61,2,36,10.1666666666667,1,1,1,"60+","2"
"1082601","2017-04-13",2017,"Eden Gardens","Kolkata","Punjab Kings","Kolkata Knight Riders",1,1,"Kolkata Knight Riders","field","Kolkata Knight Riders","Punjab Kings",57,1,36,9.5,0,0,1,"50-59","1"
"1082601","2017-04-13",2017,"Eden Gardens","Kolkata","Kolkata Knight Riders","Punjab Kings",2,0,"Kolkata Knight Riders","field","Kolkata Knight Riders","Punjab Kings",76,1,36,12.6666666666667,1,1,1,"60+","1"
"1082602","2017-04-14",2017,"M Chinnaswamy Stadium","Bangalore","Royal Challengers Bengaluru","Mumbai Indians",1,1,"Mumbai Indians","field","Mumbai Indians","Royal Challengers Bengaluru",41,0,36,6.83333333333333,0,0,1,"40-49","0"
"1082602","2017-04-14",2017,"M Chinnaswamy Stadium","Bangalore","Mumbai Indians","Royal Challengers Bengaluru",2,0,"Mumbai Indians","field","Mumbai Indians","Royal Challengers Bengaluru",21,4,36,3.5,1,1,1,"Under 40","3+"
"1082603","2017-04-14",2017,"Saurashtra Cricket Association Stadium","Rajkot","Rising Pune Supergiant","Gujarat Lions",1,1,"Gujarat Lions","field","Gujarat Lions","Rising Pune Supergiant",64,2,36,10.6666666666667,0,0,1,"60+","2"
"1082603","2017-04-14",2017,"Saurashtra Cricket Association Stadium","Rajkot","Gujarat Lions","Rising Pune Supergiant",2,0,"Gujarat Lions","field","Gujarat Lions","Rising Pune Supergiant",61,0,36,10.1666666666667,1,1,1,"60+","0"
"1082604","2017-04-15",2017,"Eden Gardens","Kolkata","Kolkata Knight Riders","Sunrisers Hyderabad",1,1,"Sunrisers Hyderabad","field","Kolkata Knight Riders","Sunrisers Hyderabad",40,2,36,6.66666666666667,0,1,1,"40-49","2"
"1082604","2017-04-15",2017,"Eden Gardens","Kolkata","Sunrisers Hyderabad","Kolkata Knight Riders",2,0,"Sunrisers Hyderabad","field","Kolkata Knight Riders","Sunrisers Hyderabad",45,0,36,7.5,1,0,1,"40-49","0"
"1082605","2017-04-15",2017,"Feroz Shah Kotla","Delhi","Delhi Capitals","Punjab Kings",1,1,"Delhi Capitals","bat","Delhi Capitals","Punjab Kings",49,0,36,8.16666666666667,1,1,0,"40-49","0"
"1082605","2017-04-15",2017,"Feroz Shah Kotla","Delhi","Punjab Kings","Delhi Capitals",2,0,"Delhi Capitals","bat","Delhi Capitals","Punjab Kings",40,3,36,6.66666666666667,0,0,0,"40-49","3+"
"1082606","2017-04-16",2017,"Wankhede Stadium","Mumbai","Gujarat Lions","Mumbai Indians",1,1,"Mumbai Indians","field","Mumbai Indians","Gujarat Lions",46,1,36,7.66666666666667,0,0,1,"40-49","1"
"1082606","2017-04-16",2017,"Wankhede Stadium","Mumbai","Mumbai Indians","Gujarat Lions",2,0,"Mumbai Indians","field","Mumbai Indians","Gujarat Lions",56,1,36,9.33333333333333,1,1,1,"50-59","1"
"1082607","2017-04-16",2017,"M Chinnaswamy Stadium","Bangalore","Rising Pune Supergiant","Royal Challengers Bengaluru",1,1,"Royal Challengers Bengaluru","field","Rising Pune Supergiant","Royal Challengers Bengaluru",55,0,36,9.16666666666667,0,1,1,"50-59","0"
"1082607","2017-04-16",2017,"M Chinnaswamy Stadium","Bangalore","Royal Challengers Bengaluru","Rising Pune Supergiant",2,0,"Royal Challengers Bengaluru","field","Rising Pune Supergiant","Royal Challengers Bengaluru",42,2,36,7,1,0,1,"40-49","2"
"1082608","2017-04-17",2017,"Feroz Shah Kotla","Delhi","Delhi Capitals","Kolkata Knight Riders",1,1,"Delhi Capitals","bat","Kolkata Knight Riders","Delhi Capitals",53,0,36,8.83333333333333,1,0,0,"50-59","0"
"1082608","2017-04-17",2017,"Feroz Shah Kotla","Delhi","Kolkata Knight Riders","Delhi Capitals",2,0,"Delhi Capitals","bat","Kolkata Knight Riders","Delhi Capitals",49,3,36,8.16666666666667,0,1,0,"40-49","3+"
"1082609","2017-04-17",2017,"Rajiv Gandhi International Stadium, Uppal","Hyderabad","Sunrisers Hyderabad","Punjab Kings",1,1,"Punjab Kings","field","Sunrisers Hyderabad","Punjab Kings",29,1,36,4.83333333333333,0,1,1,"Under 40","1"
"1082609","2017-04-17",2017,"Rajiv Gandhi International Stadium, Uppal","Hyderabad","Punjab Kings","Sunrisers Hyderabad",2,0,"Punjab Kings","field","Sunrisers Hyderabad","Punjab Kings",51,2,36,8.5,1,0,1,"50-59","2"
"1082610","2017-04-18",2017,"Saurashtra Cricket Association Stadium","Rajkot","Royal Challengers Bengaluru","Gujarat Lions",1,1,"Gujarat Lions","field","Royal Challengers Bengaluru","Gujarat Lions",45,0,36,7.5,0,1,1,"40-49","0"
"1082610","2017-04-18",2017,"Saurashtra Cricket Association Stadium","Rajkot","Gujarat Lions","Royal Challengers Bengaluru",2,0,"Gujarat Lions","field","Royal Challengers Bengaluru","Gujarat Lions",57,2,36,9.5,1,0,1,"50-59","2"
"1082611","2017-04-19",2017,"Rajiv Gandhi International Stadium, Uppal","Hyderabad","Sunrisers Hyderabad","Delhi Capitals",1,1,"Sunrisers Hyderabad","bat","Sunrisers Hyderabad","Delhi Capitals",39,1,36,6.5,1,1,0,"Under 40","1"
"1082611","2017-04-19",2017,"Rajiv Gandhi International Stadium, Uppal","Hyderabad","Delhi Capitals","Sunrisers Hyderabad",2,0,"Sunrisers Hyderabad","bat","Sunrisers Hyderabad","Delhi Capitals",56,1,36,9.33333333333333,0,0,0,"50-59","1"
"1082612","2017-04-20",2017,"Holkar Cricket Stadium","Indore","Punjab Kings","Mumbai Indians",1,1,"Mumbai Indians","field","Mumbai Indians","Punjab Kings",46,1,36,7.66666666666667,0,0,1,"40-49","1"
"1082612","2017-04-20",2017,"Holkar Cricket Stadium","Indore","Mumbai Indians","Punjab Kings",2,0,"Mumbai Indians","field","Mumbai Indians","Punjab Kings",82,1,36,13.6666666666667,1,1,1,"60+","1"
"1082613","2017-04-21",2017,"Eden Gardens","Kolkata","Kolkata Knight Riders","Gujarat Lions",1,1,"Gujarat Lions","field","Gujarat Lions","Kolkata Knight Riders",65,1,36,10.8333333333333,0,0,1,"60+","1"
"1082613","2017-04-21",2017,"Eden Gardens","Kolkata","Gujarat Lions","Kolkata Knight Riders",2,0,"Gujarat Lions","field","Gujarat Lions","Kolkata Knight Riders",72,1,36,12,1,1,1,"60+","1"
"1082614","2017-04-22",2017,"Wankhede Stadium","Mumbai","Mumbai Indians","Delhi Capitals",1,1,"Delhi Capitals","field","Mumbai Indians","Delhi Capitals",48,2,36,8,0,1,1,"40-49","2"
"1082614","2017-04-22",2017,"Wankhede Stadium","Mumbai","Delhi Capitals","Mumbai Indians",2,0,"Delhi Capitals","field","Mumbai Indians","Delhi Capitals",23,5,36,3.83333333333333,1,0,1,"Under 40","3+"
"1082615","2017-04-22",2017,"Maharashtra Cricket Association Stadium","Pune","Sunrisers Hyderabad","Rising Pune Supergiant",1,1,"Rising Pune Supergiant","field","Rising Pune Supergiant","Sunrisers Hyderabad",45,0,36,7.5,0,0,1,"40-49","0"
"1082615","2017-04-22",2017,"Maharashtra Cricket Association Stadium","Pune","Rising Pune Supergiant","Sunrisers Hyderabad",2,0,"Rising Pune Supergiant","field","Rising Pune Supergiant","Sunrisers Hyderabad",55,1,36,9.16666666666667,1,1,1,"50-59","1"
"1082616","2017-04-23",2017,"Saurashtra Cricket Association Stadium","Rajkot","Punjab Kings","Gujarat Lions",1,1,"Gujarat Lions","field","Punjab Kings","Gujarat Lions",50,1,36,8.33333333333333,0,1,1,"50-59","1"
"1082616","2017-04-23",2017,"Saurashtra Cricket Association Stadium","Rajkot","Gujarat Lions","Punjab Kings",2,0,"Gujarat Lions","field","Punjab Kings","Gujarat Lions",50,2,36,8.33333333333333,1,0,1,"50-59","2"
"1082617","2017-04-23",2017,"Eden Gardens","Kolkata","Kolkata Knight Riders","Royal Challengers Bengaluru",1,1,"Royal Challengers Bengaluru","field","Kolkata Knight Riders","Royal Challengers Bengaluru",65,2,36,10.8333333333333,0,1,1,"60+","2"
"1082617","2017-04-23",2017,"Eden Gardens","Kolkata","Royal Challengers Bengaluru","Kolkata Knight Riders",2,0,"Royal Challengers Bengaluru","field","Kolkata Knight Riders","Royal Challengers Bengaluru",39,4,36,6.5,1,0,1,"Under 40","3+"
"1082618","2017-04-24",2017,"Wankhede Stadium","Mumbai","Rising Pune Supergiant","Mumbai Indians",1,1,"Mumbai Indians","field","Rising Pune Supergiant","Mumbai Indians",48,0,36,8,0,1,1,"40-49","0"
"1082618","2017-04-24",2017,"Wankhede Stadium","Mumbai","Mumbai Indians","Rising Pune Supergiant",2,0,"Mumbai Indians","field","Rising Pune Supergiant","Mumbai Indians",44,1,36,7.33333333333333,1,0,1,"40-49","1"
"1082620","2017-04-26",2017,"Maharashtra Cricket Association Stadium","Pune","Rising Pune Supergiant","Kolkata Knight Riders",1,1,"Kolkata Knight Riders","field","Kolkata Knight Riders","Rising Pune Supergiant",57,0,36,9.5,0,0,1,"50-59","0"
"1082620","2017-04-26",2017,"Maharashtra Cricket Association Stadium","Pune","Kolkata Knight Riders","Rising Pune Supergiant",2,0,"Kolkata Knight Riders","field","Kolkata Knight Riders","Rising Pune Supergiant",45,1,36,7.5,1,1,1,"40-49","1"
"1082621","2017-04-27",2017,"M Chinnaswamy Stadium","Bangalore","Royal Challengers Bengaluru","Gujarat Lions",1,1,"Gujarat Lions","field","Gujarat Lions","Royal Challengers Bengaluru",35,3,36,5.83333333333333,0,0,1,"Under 40","3+"
"1082621","2017-04-27",2017,"M Chinnaswamy Stadium","Bangalore","Gujarat Lions","Royal Challengers Bengaluru",2,0,"Gujarat Lions","field","Gujarat Lions","Royal Challengers Bengaluru",49,2,36,8.16666666666667,1,1,1,"40-49","2"
"1082622","2017-04-28",2017,"Eden Gardens","Kolkata","Delhi Capitals","Kolkata Knight Riders",1,1,"Kolkata Knight Riders","field","Kolkata Knight Riders","Delhi Capitals",53,1,36,8.83333333333333,0,0,1,"50-59","1"
"1082622","2017-04-28",2017,"Eden Gardens","Kolkata","Kolkata Knight Riders","Delhi Capitals",2,0,"Kolkata Knight Riders","field","Kolkata Knight Riders","Delhi Capitals",47,1,36,7.83333333333333,1,1,1,"40-49","1"
"1082623","2017-04-28",2017,"Punjab Cricket Association IS Bindra Stadium, Mohali","Chandigarh","Sunrisers Hyderabad","Punjab Kings",1,1,"Punjab Kings","field","Sunrisers Hyderabad","Punjab Kings",60,0,36,10,0,1,1,"60+","0"
"1082623","2017-04-28",2017,"Punjab Cricket Association IS Bindra Stadium, Mohali","Chandigarh","Punjab Kings","Sunrisers Hyderabad",2,0,"Punjab Kings","field","Sunrisers Hyderabad","Punjab Kings",59,3,36,9.83333333333333,1,0,1,"50-59","3+"
"1082624","2017-04-29",2017,"Maharashtra Cricket Association Stadium","Pune","Rising Pune Supergiant","Royal Challengers Bengaluru",1,1,"Royal Challengers Bengaluru","field","Rising Pune Supergiant","Royal Challengers Bengaluru",43,1,36,7.16666666666667,0,1,1,"40-49","1"
"1082624","2017-04-29",2017,"Maharashtra Cricket Association Stadium","Pune","Royal Challengers Bengaluru","Rising Pune Supergiant",2,0,"Royal Challengers Bengaluru","field","Rising Pune Supergiant","Royal Challengers Bengaluru",39,2,36,6.5,1,0,1,"Under 40","2"
"1082625","2017-04-29",2017,"Saurashtra Cricket Association Stadium","Rajkot","Gujarat Lions","Mumbai Indians",1,1,"Gujarat Lions","bat","Mumbai Indians","Gujarat Lions",48,3,36,8,1,0,0,"40-49","3+"
"1082625","2017-04-29",2017,"Saurashtra Cricket Association Stadium","Rajkot","Mumbai Indians","Gujarat Lions",2,0,"Gujarat Lions","bat","Mumbai Indians","Gujarat Lions",61,1,36,10.1666666666667,0,1,0,"60+","1"
"1082626","2017-04-30",2017,"Punjab Cricket Association IS Bindra Stadium, Mohali","Chandigarh","Delhi Capitals","Punjab Kings",1,1,"Punjab Kings","field","Punjab Kings","Delhi Capitals",25,3,36,4.16666666666667,0,0,1,"Under 40","3+"
"1082626","2017-04-30",2017,"Punjab Cricket Association IS Bindra Stadium, Mohali","Chandigarh","Punjab Kings","Delhi Capitals",2,0,"Punjab Kings","field","Punjab Kings","Delhi Capitals",50,0,36,8.33333333333333,1,1,1,"50-59","0"
"1082627","2017-04-30",2017,"Rajiv Gandhi International Stadium, Uppal","Hyderabad","Sunrisers Hyderabad","Kolkata Knight Riders",1,1,"Kolkata Knight Riders","field","Sunrisers Hyderabad","Kolkata Knight Riders",79,0,36,13.1666666666667,0,1,1,"60+","0"
"1082627","2017-04-30",2017,"Rajiv Gandhi International Stadium, Uppal","Hyderabad","Kolkata Knight Riders","Sunrisers Hyderabad",2,0,"Kolkata Knight Riders","field","Sunrisers Hyderabad","Kolkata Knight Riders",44,2,36,7.33333333333333,1,0,1,"40-49","2"
"1082628","2017-05-01",2017,"Wankhede Stadium","Mumbai","Royal Challengers Bengaluru","Mumbai Indians",1,1,"Royal Challengers Bengaluru","bat","Mumbai Indians","Royal Challengers Bengaluru",52,2,36,8.66666666666667,1,0,0,"50-59","2"
"1082628","2017-05-01",2017,"Wankhede Stadium","Mumbai","Mumbai Indians","Royal Challengers Bengaluru",2,0,"Royal Challengers Bengaluru","bat","Mumbai Indians","Royal Challengers Bengaluru",55,1,36,9.16666666666667,0,1,0,"50-59","1"
"1082629","2017-05-01",2017,"Maharashtra Cricket Association Stadium","Pune","Gujarat Lions","Rising Pune Supergiant",1,1,"Rising Pune Supergiant","field","Rising Pune Supergiant","Gujarat Lions",55,1,36,9.16666666666667,0,0,1,"50-59","1"
"1082629","2017-05-01",2017,"Maharashtra Cricket Association Stadium","Pune","Rising Pune Supergiant","Gujarat Lions",2,0,"Rising Pune Supergiant","field","Rising Pune Supergiant","Gujarat Lions",43,4,36,7.16666666666667,1,1,1,"40-49","3+"
"1082630","2017-05-02",2017,"Feroz Shah Kotla","Delhi","Sunrisers Hyderabad","Delhi Capitals",1,1,"Delhi Capitals","field","Delhi Capitals","Sunrisers Hyderabad",66,1,36,11,0,0,1,"60+","1"
"1082630","2017-05-02",2017,"Feroz Shah Kotla","Delhi","Delhi Capitals","Sunrisers Hyderabad",2,0,"Delhi Capitals","field","Delhi Capitals","Sunrisers Hyderabad",62,1,36,10.3333333333333,1,1,1,"60+","1"
"1082631","2017-05-03",2017,"Eden Gardens","Kolkata","Kolkata Knight Riders","Rising Pune Supergiant",1,1,"Rising Pune Supergiant","field","Rising Pune Supergiant","Kolkata Knight Riders",41,3,36,6.83333333333333,0,0,1,"40-49","3+"
"1082631","2017-05-03",2017,"Eden Gardens","Kolkata","Rising Pune Supergiant","Kolkata Knight Riders",2,0,"Rising Pune Supergiant","field","Rising Pune Supergiant","Kolkata Knight Riders",74,2,36,12.3333333333333,1,1,1,"60+","2"
"1082632","2017-05-04",2017,"Feroz Shah Kotla","Delhi","Gujarat Lions","Delhi Capitals",1,1,"Delhi Capitals","field","Delhi Capitals","Gujarat Lions",58,2,36,9.66666666666667,0,0,1,"50-59","2"
"1082632","2017-05-04",2017,"Feroz Shah Kotla","Delhi","Delhi Capitals","Gujarat Lions",2,0,"Delhi Capitals","field","Delhi Capitals","Gujarat Lions",63,1,36,10.5,1,1,1,"60+","1"
"1082633","2017-05-05",2017,"M Chinnaswamy Stadium","Bangalore","Punjab Kings","Royal Challengers Bengaluru",1,1,"Royal Challengers Bengaluru","field","Punjab Kings","Royal Challengers Bengaluru",35,2,36,5.83333333333333,0,1,1,"Under 40","2"
"1082633","2017-05-05",2017,"M Chinnaswamy Stadium","Bangalore","Royal Challengers Bengaluru","Punjab Kings",2,0,"Royal Challengers Bengaluru","field","Punjab Kings","Royal Challengers Bengaluru",46,3,36,7.66666666666667,1,0,1,"40-49","3+"
"1082634","2017-05-06",2017,"Rajiv Gandhi International Stadium, Uppal","Hyderabad","Rising Pune Supergiant","Sunrisers Hyderabad",1,1,"Sunrisers Hyderabad","field","Rising Pune Supergiant","Sunrisers Hyderabad",35,1,36,5.83333333333333,0,1,1,"Under 40","1"
"1082634","2017-05-06",2017,"Rajiv Gandhi International Stadium, Uppal","Hyderabad","Sunrisers Hyderabad","Rising Pune Supergiant",2,0,"Sunrisers Hyderabad","field","Rising Pune Supergiant","Sunrisers Hyderabad",47,2,36,7.83333333333333,1,0,1,"40-49","2"
"1082635","2017-05-06",2017,"Feroz Shah Kotla","Delhi","Mumbai Indians","Delhi Capitals",1,1,"Delhi Capitals","field","Mumbai Indians","Delhi Capitals",60,0,36,10,0,1,1,"60+","0"
"1082635","2017-05-06",2017,"Feroz Shah Kotla","Delhi","Delhi Capitals","Mumbai Indians",2,0,"Delhi Capitals","field","Mumbai Indians","Delhi Capitals",35,5,36,5.83333333333333,1,0,1,"Under 40","3+"
"1082636","2017-05-07",2017,"M Chinnaswamy Stadium","Bangalore","Royal Challengers Bengaluru","Kolkata Knight Riders",1,1,"Kolkata Knight Riders","field","Kolkata Knight Riders","Royal Challengers Bengaluru",40,3,36,6.66666666666667,0,0,1,"40-49","3+"
"1082636","2017-05-07",2017,"M Chinnaswamy Stadium","Bangalore","Kolkata Knight Riders","Royal Challengers Bengaluru",2,0,"Kolkata Knight Riders","field","Kolkata Knight Riders","Royal Challengers Bengaluru",105,0,36,17.5,1,1,1,"60+","0"
"1082637","2017-05-07",2017,"Punjab Cricket Association IS Bindra Stadium, Mohali","Chandigarh","Punjab Kings","Gujarat Lions",1,1,"Gujarat Lions","field","Gujarat Lions","Punjab Kings",44,1,36,7.33333333333333,0,0,1,"40-49","1"
"1082637","2017-05-07",2017,"Punjab Cricket Association IS Bindra Stadium, Mohali","Chandigarh","Gujarat Lions","Punjab Kings",2,0,"Gujarat Lions","field","Gujarat Lions","Punjab Kings",58,0,36,9.66666666666667,1,1,1,"50-59","0"
"1082638","2017-05-08",2017,"Rajiv Gandhi International Stadium, Uppal","Hyderabad","Mumbai Indians","Sunrisers Hyderabad",1,1,"Mumbai Indians","bat","Sunrisers Hyderabad","Mumbai Indians",36,2,36,6,1,0,0,"Under 40","2"
"1082638","2017-05-08",2017,"Rajiv Gandhi International Stadium, Uppal","Hyderabad","Sunrisers Hyderabad","Mumbai Indians",2,0,"Mumbai Indians","bat","Sunrisers Hyderabad","Mumbai Indians",43,1,36,7.16666666666667,0,1,0,"40-49","1"
"1082639","2017-05-09",2017,"Punjab Cricket Association IS Bindra Stadium, Mohali","Chandigarh","Punjab Kings","Kolkata Knight Riders",1,1,"Kolkata Knight Riders","field","Punjab Kings","Kolkata Knight Riders",41,2,36,6.83333333333333,0,1,1,"40-49","2"
"1082639","2017-05-09",2017,"Punjab Cricket Association IS Bindra Stadium, Mohali","Chandigarh","Kolkata Knight Riders","Punjab Kings",2,0,"Kolkata Knight Riders","field","Punjab Kings","Kolkata Knight Riders",61,1,36,10.1666666666667,1,0,1,"60+","1"
"1082640","2017-05-10",2017,"Green Park","Kanpur","Gujarat Lions","Delhi Capitals",1,1,"Delhi Capitals","field","Delhi Capitals","Gujarat Lions",50,2,36,8.33333333333333,0,0,1,"50-59","2"
"1082640","2017-05-10",2017,"Green Park","Kanpur","Delhi Capitals","Gujarat Lions",2,0,"Delhi Capitals","field","Delhi Capitals","Gujarat Lions",64,2,36,10.6666666666667,1,1,1,"60+","2"
"1082641","2017-05-11",2017,"Wankhede Stadium","Mumbai","Punjab Kings","Mumbai Indians",1,1,"Mumbai Indians","field","Punjab Kings","Mumbai Indians",71,1,36,11.8333333333333,0,1,1,"60+","1"
"1082641","2017-05-11",2017,"Wankhede Stadium","Mumbai","Mumbai Indians","Punjab Kings",2,0,"Mumbai Indians","field","Punjab Kings","Mumbai Indians",68,0,36,11.3333333333333,1,0,1,"60+","0"
"1082642","2017-05-12",2017,"Feroz Shah Kotla","Delhi","Delhi Capitals","Rising Pune Supergiant",1,1,"Delhi Capitals","bat","Delhi Capitals","Rising Pune Supergiant",54,2,36,9,1,1,0,"50-59","2"
"1082642","2017-05-12",2017,"Feroz Shah Kotla","Delhi","Rising Pune Supergiant","Delhi Capitals",2,0,"Delhi Capitals","bat","Delhi Capitals","Rising Pune Supergiant",53,2,36,8.83333333333333,0,0,0,"50-59","2"
"1082643","2017-05-13",2017,"Green Park","Kanpur","Gujarat Lions","Sunrisers Hyderabad",1,1,"Sunrisers Hyderabad","field","Sunrisers Hyderabad","Gujarat Lions",61,0,36,10.1666666666667,0,0,1,"60+","0"
"1082643","2017-05-13",2017,"Green Park","Kanpur","Sunrisers Hyderabad","Gujarat Lions",2,0,"Sunrisers Hyderabad","field","Sunrisers Hyderabad","Gujarat Lions",47,2,36,7.83333333333333,1,1,1,"40-49","2"
"1082644","2017-05-13",2017,"Eden Gardens","Kolkata","Mumbai Indians","Kolkata Knight Riders",1,1,"Kolkata Knight Riders","field","Mumbai Indians","Kolkata Knight Riders",51,1,36,8.5,0,1,1,"50-59","1"
"1082644","2017-05-13",2017,"Eden Gardens","Kolkata","Kolkata Knight Riders","Mumbai Indians",2,0,"Kolkata Knight Riders","field","Mumbai Indians","Kolkata Knight Riders",53,3,36,8.83333333333333,1,0,1,"50-59","3+"
"1082645","2017-05-14",2017,"Maharashtra Cricket Association Stadium","Pune","Punjab Kings","Rising Pune Supergiant",1,1,"Rising Pune Supergiant","field","Rising Pune Supergiant","Punjab Kings",32,5,36,5.33333333333333,0,0,1,"Under 40","3+"
"1082645","2017-05-14",2017,"Maharashtra Cricket Association Stadium","Pune","Rising Pune Supergiant","Punjab Kings",2,0,"Rising Pune Supergiant","field","Rising Pune Supergiant","Punjab Kings",43,1,36,7.16666666666667,1,1,1,"40-49","1"
"1082646","2017-05-14",2017,"Feroz Shah Kotla","Delhi","Royal Challengers Bengaluru","Delhi Capitals",1,1,"Royal Challengers Bengaluru","bat","Royal Challengers Bengaluru","Delhi Capitals",37,1,36,6.16666666666667,1,1,0,"Under 40","1"
"1082646","2017-05-14",2017,"Feroz Shah Kotla","Delhi","Delhi Capitals","Royal Challengers Bengaluru",2,0,"Royal Challengers Bengaluru","bat","Royal Challengers Bengaluru","Delhi Capitals",42,2,36,7,0,0,0,"40-49","2"
"1082647","2017-05-16",2017,"Wankhede Stadium","Mumbai","Rising Pune Supergiant","Mumbai Indians",1,1,"Mumbai Indians","field","Rising Pune Supergiant","Mumbai Indians",33,2,36,5.5,0,1,1,"Under 40","2"
"1082647","2017-05-16",2017,"Wankhede Stadium","Mumbai","Mumbai Indians","Rising Pune Supergiant",2,0,"Mumbai Indians","field","Rising Pune Supergiant","Mumbai Indians",42,3,36,7,1,0,1,"40-49","3+"
"1082649","2017-05-19",2017,"M Chinnaswamy Stadium","Bangalore","Kolkata Knight Riders","Mumbai Indians",1,1,"Mumbai Indians","field","Mumbai Indians","Kolkata Knight Riders",25,3,36,4.16666666666667,0,0,1,"Under 40","3+"
"1082649","2017-05-19",2017,"M Chinnaswamy Stadium","Bangalore","Mumbai Indians","Kolkata Knight Riders",2,0,"Mumbai Indians","field","Mumbai Indians","Kolkata Knight Riders",36,3,36,6,1,1,1,"Under 40","3+"
"1082650","2017-05-21",2017,"Rajiv Gandhi International Stadium, Uppal","Hyderabad","Mumbai Indians","Rising Pune Supergiant",1,1,"Mumbai Indians","bat","Mumbai Indians","Rising Pune Supergiant",32,2,36,5.33333333333333,1,1,0,"Under 40","2"
"1082650","2017-05-21",2017,"Rajiv Gandhi International Stadium, Uppal","Hyderabad","Rising Pune Supergiant","Mumbai Indians",2,0,"Mumbai Indians","bat","Mumbai Indians","Rising Pune Supergiant",38,1,36,6.33333333333333,0,0,0,"Under 40","1"
"1136561","2018-04-07",2018,"Wankhede Stadium","Mumbai","Mumbai Indians","Chennai Super Kings",1,1,"Chennai Super Kings","field","Chennai Super Kings","Mumbai Indians",39,2,36,6.5,0,0,1,"Under 40","2"
"1136561","2018-04-07",2018,"Wankhede Stadium","Mumbai","Chennai Super Kings","Mumbai Indians",2,0,"Chennai Super Kings","field","Chennai Super Kings","Mumbai Indians",42,2,36,7,1,1,1,"40-49","2"
"1136562","2018-04-08",2018,"Punjab Cricket Association IS Bindra Stadium","Chandigarh","Delhi Capitals","Punjab Kings",1,1,"Punjab Kings","field","Punjab Kings","Delhi Capitals",45,1,36,7.5,0,0,1,"40-49","1"
"1136562","2018-04-08",2018,"Punjab Cricket Association IS Bindra Stadium","Chandigarh","Punjab Kings","Delhi Capitals",2,0,"Punjab Kings","field","Punjab Kings","Delhi Capitals",73,2,36,12.1666666666667,1,1,1,"60+","2"
"1136563","2018-04-08",2018,"Eden Gardens","Kolkata","Royal Challengers Bengaluru","Kolkata Knight Riders",1,1,"Kolkata Knight Riders","field","Kolkata Knight Riders","Royal Challengers Bengaluru",52,1,36,8.66666666666667,0,0,1,"50-59","1"
"1136563","2018-04-08",2018,"Eden Gardens","Kolkata","Kolkata Knight Riders","Royal Challengers Bengaluru",2,0,"Kolkata Knight Riders","field","Kolkata Knight Riders","Royal Challengers Bengaluru",68,2,36,11.3333333333333,1,1,1,"60+","2"
"1136564","2018-04-09",2018,"Rajiv Gandhi International Stadium","Hyderabad","Rajasthan Royals","Sunrisers Hyderabad",1,1,"Sunrisers Hyderabad","field","Sunrisers Hyderabad","Rajasthan Royals",48,1,36,8,0,0,1,"40-49","1"
"1136564","2018-04-09",2018,"Rajiv Gandhi International Stadium","Hyderabad","Sunrisers Hyderabad","Rajasthan Royals",2,0,"Sunrisers Hyderabad","field","Sunrisers Hyderabad","Rajasthan Royals",57,1,36,9.5,1,1,1,"50-59","1"
"1136565","2018-04-10",2018,"MA Chidambaram Stadium","Chennai","Kolkata Knight Riders","Chennai Super Kings",1,1,"Chennai Super Kings","field","Chennai Super Kings","Kolkata Knight Riders",64,2,36,10.6666666666667,0,0,1,"60+","2"
"1136565","2018-04-10",2018,"MA Chidambaram Stadium","Chennai","Chennai Super Kings","Kolkata Knight Riders",2,0,"Chennai Super Kings","field","Chennai Super Kings","Kolkata Knight Riders",75,1,36,12.5,1,1,1,"60+","1"
"1136566","2018-04-11",2018,"Sawai Mansingh Stadium","Jaipur","Rajasthan Royals","Delhi Capitals",1,1,"Delhi Capitals","field","Rajasthan Royals","Delhi Capitals",51,2,36,8.5,0,1,1,"50-59","2"
"1136566","2018-04-11",2018,"Sawai Mansingh Stadium","Jaipur","Delhi Capitals","Rajasthan Royals",2,0,"Delhi Capitals","field","Rajasthan Royals","Delhi Capitals",60,4,36,10,1,0,1,"60+","3+"
"1136567","2018-04-12",2018,"Rajiv Gandhi International Stadium","Hyderabad","Mumbai Indians","Sunrisers Hyderabad",1,1,"Sunrisers Hyderabad","field","Sunrisers Hyderabad","Mumbai Indians",54,3,36,9,0,0,1,"50-59","3+"
"1136567","2018-04-12",2018,"Rajiv Gandhi International Stadium","Hyderabad","Sunrisers Hyderabad","Mumbai Indians",2,0,"Sunrisers Hyderabad","field","Sunrisers Hyderabad","Mumbai Indians",56,0,36,9.33333333333333,1,1,1,"50-59","0"
"1136568","2018-04-13",2018,"M.Chinnaswamy Stadium","Bengaluru","Punjab Kings","Royal Challengers Bengaluru",1,1,"Royal Challengers Bengaluru","field","Royal Challengers Bengaluru","Punjab Kings",50,3,36,8.33333333333333,0,0,1,"50-59","3+"
"1136568","2018-04-13",2018,"M.Chinnaswamy Stadium","Bengaluru","Royal Challengers Bengaluru","Punjab Kings",2,0,"Royal Challengers Bengaluru","field","Royal Challengers Bengaluru","Punjab Kings",41,2,36,6.83333333333333,1,1,1,"40-49","2"
"1136569","2018-04-14",2018,"Wankhede Stadium","Mumbai","Mumbai Indians","Delhi Capitals",1,1,"Delhi Capitals","field","Delhi Capitals","Mumbai Indians",84,0,36,14,0,0,1,"60+","0"
"1136569","2018-04-14",2018,"Wankhede Stadium","Mumbai","Delhi Capitals","Mumbai Indians",2,0,"Delhi Capitals","field","Delhi Capitals","Mumbai Indians",53,1,36,8.83333333333333,1,1,1,"50-59","1"
"1136570","2018-04-14",2018,"Eden Gardens","Kolkata","Kolkata Knight Riders","Sunrisers Hyderabad",1,1,"Sunrisers Hyderabad","field","Sunrisers Hyderabad","Kolkata Knight Riders",49,1,36,8.16666666666667,0,0,1,"40-49","1"
"1136570","2018-04-14",2018,"Eden Gardens","Kolkata","Sunrisers Hyderabad","Kolkata Knight Riders",2,0,"Sunrisers Hyderabad","field","Sunrisers Hyderabad","Kolkata Knight Riders",46,2,36,7.66666666666667,1,1,1,"40-49","2"
"1136571","2018-04-15",2018,"M.Chinnaswamy Stadium","Bengaluru","Rajasthan Royals","Royal Challengers Bengaluru",1,1,"Royal Challengers Bengaluru","field","Rajasthan Royals","Royal Challengers Bengaluru",52,1,36,8.66666666666667,0,1,1,"50-59","1"
"1136571","2018-04-15",2018,"M.Chinnaswamy Stadium","Bengaluru","Royal Challengers Bengaluru","Rajasthan Royals",2,0,"Royal Challengers Bengaluru","field","Rajasthan Royals","Royal Challengers Bengaluru",64,1,36,10.6666666666667,1,0,1,"60+","1"
"1136572","2018-04-15",2018,"Punjab Cricket Association IS Bindra Stadium","Chandigarh","Punjab Kings","Chennai Super Kings",1,1,"Chennai Super Kings","field","Punjab Kings","Chennai Super Kings",75,0,36,12.5,0,1,1,"60+","0"
"1136572","2018-04-15",2018,"Punjab Cricket Association IS Bindra Stadium","Chandigarh","Chennai Super Kings","Punjab Kings",2,0,"Chennai Super Kings","field","Punjab Kings","Chennai Super Kings",53,2,36,8.83333333333333,1,0,1,"50-59","2"
"1136573","2018-04-16",2018,"Eden Gardens","Kolkata","Kolkata Knight Riders","Delhi Capitals",1,1,"Delhi Capitals","field","Kolkata Knight Riders","Delhi Capitals",50,1,36,8.33333333333333,0,1,1,"50-59","1"
"1136573","2018-04-16",2018,"Eden Gardens","Kolkata","Delhi Capitals","Kolkata Knight Riders",2,0,"Delhi Capitals","field","Kolkata Knight Riders","Delhi Capitals",56,3,36,9.33333333333333,1,0,1,"50-59","3+"
"1136574","2018-04-17",2018,"Wankhede Stadium","Mumbai","Mumbai Indians","Royal Challengers Bengaluru",1,1,"Royal Challengers Bengaluru","field","Mumbai Indians","Royal Challengers Bengaluru",60,2,36,10,0,1,1,"60+","2"
"1136574","2018-04-17",2018,"Wankhede Stadium","Mumbai","Royal Challengers Bengaluru","Mumbai Indians",2,0,"Royal Challengers Bengaluru","field","Mumbai Indians","Royal Challengers Bengaluru",55,2,36,9.16666666666667,1,0,1,"50-59","2"
"1136575","2018-04-18",2018,"Sawai Mansingh Stadium","Jaipur","Rajasthan Royals","Kolkata Knight Riders",1,1,"Kolkata Knight Riders","field","Kolkata Knight Riders","Rajasthan Royals",48,0,36,8,0,0,1,"40-49","0"
"1136575","2018-04-18",2018,"Sawai Mansingh Stadium","Jaipur","Kolkata Knight Riders","Rajasthan Royals",2,0,"Kolkata Knight Riders","field","Kolkata Knight Riders","Rajasthan Royals",53,1,36,8.83333333333333,1,1,1,"50-59","1"
"1136576","2018-04-19",2018,"Punjab Cricket Association IS Bindra Stadium","Chandigarh","Punjab Kings","Sunrisers Hyderabad",1,1,"Punjab Kings","bat","Punjab Kings","Sunrisers Hyderabad",49,0,36,8.16666666666667,1,1,0,"40-49","0"
"1136576","2018-04-19",2018,"Punjab Cricket Association IS Bindra Stadium","Chandigarh","Sunrisers Hyderabad","Punjab Kings",2,0,"Punjab Kings","bat","Punjab Kings","Sunrisers Hyderabad",40,2,36,6.66666666666667,0,0,0,"40-49","2"
"1136577","2018-04-20",2018,"Maharashtra Cricket Association Stadium","Pune","Chennai Super Kings","Rajasthan Royals",1,1,"Rajasthan Royals","field","Chennai Super Kings","Rajasthan Royals",69,1,36,11.5,0,1,1,"60+","1"
"1136577","2018-04-20",2018,"Maharashtra Cricket Association Stadium","Pune","Rajasthan Royals","Chennai Super Kings",2,0,"Rajasthan Royals","field","Chennai Super Kings","Rajasthan Royals",35,3,36,5.83333333333333,1,0,1,"Under 40","3+"
"1136578","2018-04-21",2018,"Eden Gardens","Kolkata","Kolkata Knight Riders","Punjab Kings",1,1,"Punjab Kings","field","Punjab Kings","Kolkata Knight Riders",50,1,36,8.33333333333333,0,0,1,"50-59","1"
"1136578","2018-04-21",2018,"Eden Gardens","Kolkata","Punjab Kings","Kolkata Knight Riders",2,0,"Punjab Kings","field","Punjab Kings","Kolkata Knight Riders",73,0,36,12.1666666666667,1,1,1,"60+","0"
"1136579","2018-04-21",2018,"M.Chinnaswamy Stadium","Bengaluru","Delhi Capitals","Royal Challengers Bengaluru",1,1,"Royal Challengers Bengaluru","field","Royal Challengers Bengaluru","Delhi Capitals",28,2,36,4.66666666666667,0,0,1,"Under 40","2"
"1136579","2018-04-21",2018,"M.Chinnaswamy Stadium","Bengaluru","Royal Challengers Bengaluru","Delhi Capitals",2,0,"Royal Challengers Bengaluru","field","Royal Challengers Bengaluru","Delhi Capitals",43,2,36,7.16666666666667,1,1,1,"40-49","2"
"1136580","2018-04-22",2018,"Rajiv Gandhi International Stadium","Hyderabad","Chennai Super Kings","Sunrisers Hyderabad",1,1,"Sunrisers Hyderabad","field","Chennai Super Kings","Sunrisers Hyderabad",27,1,36,4.5,0,1,1,"Under 40","1"
"1136580","2018-04-22",2018,"Rajiv Gandhi International Stadium","Hyderabad","Sunrisers Hyderabad","Chennai Super Kings",2,0,"Sunrisers Hyderabad","field","Chennai Super Kings","Sunrisers Hyderabad",40,3,36,6.66666666666667,1,0,1,"40-49","3+"
"1136581","2018-04-22",2018,"Sawai Mansingh Stadium","Jaipur","Mumbai Indians","Rajasthan Royals",1,1,"Mumbai Indians","bat","Rajasthan Royals","Mumbai Indians",43,1,36,7.16666666666667,1,0,0,"40-49","1"
"1136581","2018-04-22",2018,"Sawai Mansingh Stadium","Jaipur","Rajasthan Royals","Mumbai Indians",2,0,"Mumbai Indians","bat","Rajasthan Royals","Mumbai Indians",43,2,36,7.16666666666667,0,1,0,"40-49","2"
"1136582","2018-04-23",2018,"Arun Jaitley Stadium","Delhi","Punjab Kings","Delhi Capitals",1,1,"Delhi Capitals","field","Punjab Kings","Delhi Capitals",51,2,36,8.5,0,1,1,"50-59","2"
"1136582","2018-04-23",2018,"Arun Jaitley Stadium","Delhi","Delhi Capitals","Punjab Kings",2,0,"Delhi Capitals","field","Punjab Kings","Delhi Capitals",48,3,36,8,1,0,1,"40-49","3+"
"1136583","2018-04-24",2018,"Wankhede Stadium","Mumbai","Sunrisers Hyderabad","Mumbai Indians",1,1,"Mumbai Indians","field","Sunrisers Hyderabad","Mumbai Indians",51,4,36,8.5,0,1,1,"50-59","3+"
"1136583","2018-04-24",2018,"Wankhede Stadium","Mumbai","Mumbai Indians","Sunrisers Hyderabad",2,0,"Mumbai Indians","field","Sunrisers Hyderabad","Mumbai Indians",22,3,36,3.66666666666667,1,0,1,"Under 40","3+"
"1136584","2018-04-25",2018,"M.Chinnaswamy Stadium","Bengaluru","Royal Challengers Bengaluru","Chennai Super Kings",1,1,"Chennai Super Kings","field","Chennai Super Kings","Royal Challengers Bengaluru",52,1,36,8.66666666666667,0,0,1,"50-59","1"
"1136584","2018-04-25",2018,"M.Chinnaswamy Stadium","Bengaluru","Chennai Super Kings","Royal Challengers Bengaluru",2,0,"Chennai Super Kings","field","Chennai Super Kings","Royal Challengers Bengaluru",55,2,36,9.16666666666667,1,1,1,"50-59","2"
"1136585","2018-04-26",2018,"Rajiv Gandhi International Stadium","Hyderabad","Sunrisers Hyderabad","Punjab Kings",1,1,"Punjab Kings","field","Sunrisers Hyderabad","Punjab Kings",37,3,36,6.16666666666667,0,1,1,"Under 40","3+"
"1136585","2018-04-26",2018,"Rajiv Gandhi International Stadium","Hyderabad","Punjab Kings","Sunrisers Hyderabad",2,0,"Punjab Kings","field","Sunrisers Hyderabad","Punjab Kings",44,0,36,7.33333333333333,1,0,1,"40-49","0"
"1136586","2018-04-27",2018,"Arun Jaitley Stadium","Delhi","Delhi Capitals","Kolkata Knight Riders",1,1,"Kolkata Knight Riders","field","Delhi Capitals","Kolkata Knight Riders",57,0,36,9.5,0,1,1,"50-59","0"
"1136586","2018-04-27",2018,"Arun Jaitley Stadium","Delhi","Kolkata Knight Riders","Delhi Capitals",2,0,"Kolkata Knight Riders","field","Delhi Capitals","Kolkata Knight Riders",51,4,36,8.5,1,0,1,"50-59","3+"
"1136587","2018-04-28",2018,"Maharashtra Cricket Association Stadium","Pune","Chennai Super Kings","Mumbai Indians",1,1,"Mumbai Indians","field","Mumbai Indians","Chennai Super Kings",51,1,36,8.5,0,0,1,"50-59","1"
"1136587","2018-04-28",2018,"Maharashtra Cricket Association Stadium","Pune","Mumbai Indians","Chennai Super Kings",2,0,"Mumbai Indians","field","Mumbai Indians","Chennai Super Kings",50,0,36,8.33333333333333,1,1,1,"50-59","0"
"1136588","2018-04-29",2018,"Sawai Mansingh Stadium","Jaipur","Sunrisers Hyderabad","Rajasthan Royals",1,1,"Sunrisers Hyderabad","bat","Sunrisers Hyderabad","Rajasthan Royals",39,1,36,6.5,1,1,0,"Under 40","1"
"1136588","2018-04-29",2018,"Sawai Mansingh Stadium","Jaipur","Rajasthan Royals","Sunrisers Hyderabad",2,0,"Sunrisers Hyderabad","bat","Sunrisers Hyderabad","Rajasthan Royals",43,1,36,7.16666666666667,0,0,0,"40-49","1"
"1136589","2018-04-29",2018,"M.Chinnaswamy Stadium","Bengaluru","Royal Challengers Bengaluru","Kolkata Knight Riders",1,1,"Kolkata Knight Riders","field","Kolkata Knight Riders","Royal Challengers Bengaluru",40,0,36,6.66666666666667,0,0,1,"40-49","0"
"1136589","2018-04-29",2018,"M.Chinnaswamy Stadium","Bengaluru","Kolkata Knight Riders","Royal Challengers Bengaluru",2,0,"Kolkata Knight Riders","field","Kolkata Knight Riders","Royal Challengers Bengaluru",51,0,36,8.5,1,1,1,"50-59","0"
"1136590","2018-04-30",2018,"Maharashtra Cricket Association Stadium","Pune","Chennai Super Kings","Delhi Capitals",1,1,"Delhi Capitals","field","Chennai Super Kings","Delhi Capitals",56,0,36,9.33333333333333,0,1,1,"50-59","0"
"1136590","2018-04-30",2018,"Maharashtra Cricket Association Stadium","Pune","Delhi Capitals","Chennai Super Kings",2,0,"Delhi Capitals","field","Chennai Super Kings","Delhi Capitals",59,2,36,9.83333333333333,1,0,1,"50-59","2"
"1136591","2018-05-01",2018,"M.Chinnaswamy Stadium","Bengaluru","Royal Challengers Bengaluru","Mumbai Indians",1,1,"Mumbai Indians","field","Royal Challengers Bengaluru","Mumbai Indians",43,1,36,7.16666666666667,0,1,1,"40-49","1"
"1136591","2018-05-01",2018,"M.Chinnaswamy Stadium","Bengaluru","Mumbai Indians","Royal Challengers Bengaluru",2,0,"Mumbai Indians","field","Royal Challengers Bengaluru","Mumbai Indians",40,3,36,6.66666666666667,1,0,1,"40-49","3+"
"1136592","2018-05-02",2018,"Arun Jaitley Stadium","Delhi","Delhi Capitals","Rajasthan Royals",1,1,"Rajasthan Royals","field","Delhi Capitals","Rajasthan Royals",62,1,36,10.3333333333333,0,1,1,"60+","1"
"1136592","2018-05-02",2018,"Arun Jaitley Stadium","Delhi","Rajasthan Royals","Delhi Capitals",2,0,"Rajasthan Royals","field","Delhi Capitals","Rajasthan Royals",79,0,36,13.1666666666667,1,0,1,"60+","0"
"1136593","2018-05-03",2018,"Eden Gardens","Kolkata","Chennai Super Kings","Kolkata Knight Riders",1,1,"Kolkata Knight Riders","field","Kolkata Knight Riders","Chennai Super Kings",57,1,36,9.5,0,0,1,"50-59","1"
"1136593","2018-05-03",2018,"Eden Gardens","Kolkata","Kolkata Knight Riders","Chennai Super Kings",2,0,"Kolkata Knight Riders","field","Kolkata Knight Riders","Chennai Super Kings",56,2,36,9.33333333333333,1,1,1,"50-59","2"
"1136594","2018-05-04",2018,"Holkar Cricket Stadium","Indore","Punjab Kings","Mumbai Indians",1,1,"Mumbai Indians","field","Mumbai Indians","Punjab Kings",49,0,36,8.16666666666667,0,0,1,"40-49","0"
"1136594","2018-05-04",2018,"Holkar Cricket Stadium","Indore","Mumbai Indians","Punjab Kings",2,0,"Mumbai Indians","field","Mumbai Indians","Punjab Kings",39,1,36,6.5,1,1,1,"Under 40","1"
"1136595","2018-05-05",2018,"Maharashtra Cricket Association Stadium","Pune","Royal Challengers Bengaluru","Chennai Super Kings",1,1,"Chennai Super Kings","field","Chennai Super Kings","Royal Challengers Bengaluru",47,1,36,7.83333333333333,0,0,1,"40-49","1"
"1136595","2018-05-05",2018,"Maharashtra Cricket Association Stadium","Pune","Chennai Super Kings","Royal Challengers Bengaluru",2,0,"Chennai Super Kings","field","Chennai Super Kings","Royal Challengers Bengaluru",42,1,36,7,1,1,1,"40-49","1"
"1136596","2018-05-05",2018,"Rajiv Gandhi International Stadium","Hyderabad","Delhi Capitals","Sunrisers Hyderabad",1,1,"Delhi Capitals","bat","Sunrisers Hyderabad","Delhi Capitals",60,1,36,10,1,0,0,"60+","1"
"1136596","2018-05-05",2018,"Rajiv Gandhi International Stadium","Hyderabad","Sunrisers Hyderabad","Delhi Capitals",2,0,"Delhi Capitals","bat","Sunrisers Hyderabad","Delhi Capitals",61,0,36,10.1666666666667,0,1,0,"60+","0"
"1136597","2018-05-06",2018,"Wankhede Stadium","Mumbai","Mumbai Indians","Kolkata Knight Riders",1,1,"Kolkata Knight Riders","field","Mumbai Indians","Kolkata Knight Riders",56,0,36,9.33333333333333,0,1,1,"50-59","0"
"1136597","2018-05-06",2018,"Wankhede Stadium","Mumbai","Kolkata Knight Riders","Mumbai Indians",2,0,"Kolkata Knight Riders","field","Mumbai Indians","Kolkata Knight Riders",47,2,36,7.83333333333333,1,0,1,"40-49","2"
"1136598","2018-05-06",2018,"Holkar Cricket Stadium","Indore","Rajasthan Royals","Punjab Kings",1,1,"Punjab Kings","field","Punjab Kings","Rajasthan Royals",45,2,36,7.5,0,0,1,"40-49","2"
"1136598","2018-05-06",2018,"Holkar Cricket Stadium","Indore","Punjab Kings","Rajasthan Royals",2,0,"Punjab Kings","field","Punjab Kings","Rajasthan Royals",34,2,36,5.66666666666667,1,1,1,"Under 40","2"
"1136599","2018-05-07",2018,"Rajiv Gandhi International Stadium","Hyderabad","Sunrisers Hyderabad","Royal Challengers Bengaluru",1,1,"Royal Challengers Bengaluru","field","Sunrisers Hyderabad","Royal Challengers Bengaluru",38,2,36,6.33333333333333,0,1,1,"Under 40","2"
"1136599","2018-05-07",2018,"Rajiv Gandhi International Stadium","Hyderabad","Royal Challengers Bengaluru","Sunrisers Hyderabad",2,0,"Royal Challengers Bengaluru","field","Sunrisers Hyderabad","Royal Challengers Bengaluru",55,1,36,9.16666666666667,1,0,1,"50-59","1"
"1136600","2018-05-08",2018,"Sawai Mansingh Stadium","Jaipur","Rajasthan Royals","Punjab Kings",1,1,"Rajasthan Royals","bat","Rajasthan Royals","Punjab Kings",63,1,36,10.5,1,1,0,"60+","1"
"1136600","2018-05-08",2018,"Sawai Mansingh Stadium","Jaipur","Punjab Kings","Rajasthan Royals",2,0,"Rajasthan Royals","bat","Rajasthan Royals","Punjab Kings",33,3,36,5.5,0,0,0,"Under 40","3+"
"1136601","2018-05-09",2018,"Eden Gardens","Kolkata","Mumbai Indians","Kolkata Knight Riders",1,1,"Kolkata Knight Riders","field","Mumbai Indians","Kolkata Knight Riders",47,1,36,7.83333333333333,0,1,1,"40-49","1"
"1136601","2018-05-09",2018,"Eden Gardens","Kolkata","Kolkata Knight Riders","Mumbai Indians",2,0,"Kolkata Knight Riders","field","Mumbai Indians","Kolkata Knight Riders",47,2,36,7.83333333333333,1,0,1,"40-49","2"
"1136602","2018-05-10",2018,"Arun Jaitley Stadium","Delhi","Delhi Capitals","Sunrisers Hyderabad",1,1,"Delhi Capitals","bat","Sunrisers Hyderabad","Delhi Capitals",38,2,36,6.33333333333333,1,0,0,"Under 40","2"
"1136602","2018-05-10",2018,"Arun Jaitley Stadium","Delhi","Sunrisers Hyderabad","Delhi Capitals",2,0,"Delhi Capitals","bat","Sunrisers Hyderabad","Delhi Capitals",51,1,36,8.5,0,1,0,"50-59","1"
"1136603","2018-05-11",2018,"Sawai Mansingh Stadium","Jaipur","Chennai Super Kings","Rajasthan Royals",1,1,"Chennai Super Kings","bat","Rajasthan Royals","Chennai Super Kings",55,1,36,9.16666666666667,1,0,0,"50-59","1"
"1136603","2018-05-11",2018,"Sawai Mansingh Stadium","Jaipur","Rajasthan Royals","Chennai Super Kings",2,0,"Chennai Super Kings","bat","Rajasthan Royals","Chennai Super Kings",57,2,36,9.5,0,1,0,"50-59","2"
"1136604","2018-05-12",2018,"Holkar Cricket Stadium","Indore","Kolkata Knight Riders","Punjab Kings",1,1,"Punjab Kings","field","Kolkata Knight Riders","Punjab Kings",59,1,36,9.83333333333333,0,1,1,"50-59","1"
"1136604","2018-05-12",2018,"Holkar Cricket Stadium","Indore","Punjab Kings","Kolkata Knight Riders",2,0,"Punjab Kings","field","Kolkata Knight Riders","Punjab Kings",58,2,36,9.66666666666667,1,0,1,"50-59","2"
"1136605","2018-05-12",2018,"Arun Jaitley Stadium","Delhi","Delhi Capitals","Royal Challengers Bengaluru",1,1,"Royal Challengers Bengaluru","field","Royal Challengers Bengaluru","Delhi Capitals",44,2,36,7.33333333333333,0,0,1,"40-49","2"
"1136605","2018-05-12",2018,"Arun Jaitley Stadium","Delhi","Royal Challengers Bengaluru","Delhi Capitals",2,0,"Royal Challengers Bengaluru","field","Royal Challengers Bengaluru","Delhi Capitals",58,2,36,9.66666666666667,1,1,1,"50-59","2"
"1136606","2018-05-13",2018,"Maharashtra Cricket Association Stadium","Pune","Sunrisers Hyderabad","Chennai Super Kings",1,1,"Chennai Super Kings","field","Chennai Super Kings","Sunrisers Hyderabad",29,1,36,4.83333333333333,0,0,1,"Under 40","1"
"1136606","2018-05-13",2018,"Maharashtra Cricket Association Stadium","Pune","Chennai Super Kings","Sunrisers Hyderabad",2,0,"Chennai Super Kings","field","Chennai Super Kings","Sunrisers Hyderabad",53,0,36,8.83333333333333,1,1,1,"50-59","0"
"1136607","2018-05-13",2018,"Wankhede Stadium","Mumbai","Mumbai Indians","Rajasthan Royals",1,1,"Rajasthan Royals","field","Rajasthan Royals","Mumbai Indians",51,0,36,8.5,0,0,1,"50-59","0"
"1136607","2018-05-13",2018,"Wankhede Stadium","Mumbai","Rajasthan Royals","Mumbai Indians",2,0,"Rajasthan Royals","field","Rajasthan Royals","Mumbai Indians",51,1,36,8.5,1,1,1,"50-59","1"
"1136608","2018-05-14",2018,"Holkar Cricket Stadium","Indore","Punjab Kings","Royal Challengers Bengaluru",1,1,"Royal Challengers Bengaluru","field","Royal Challengers Bengaluru","Punjab Kings",47,3,36,7.83333333333333,0,0,1,"40-49","3+"
"1136608","2018-05-14",2018,"Holkar Cricket Stadium","Indore","Royal Challengers Bengaluru","Punjab Kings",2,0,"Royal Challengers Bengaluru","field","Royal Challengers Bengaluru","Punjab Kings",66,0,36,11,1,1,1,"60+","0"
"1136609","2018-05-15",2018,"Eden Gardens","Kolkata","Rajasthan Royals","Kolkata Knight Riders",1,1,"Kolkata Knight Riders","field","Kolkata Knight Riders","Rajasthan Royals",68,1,36,11.3333333333333,0,0,1,"60+","1"
"1136609","2018-05-15",2018,"Eden Gardens","Kolkata","Kolkata Knight Riders","Rajasthan Royals",2,0,"Kolkata Knight Riders","field","Kolkata Knight Riders","Rajasthan Royals",51,2,36,8.5,1,1,1,"50-59","2"
"1136610","2018-05-16",2018,"Wankhede Stadium","Mumbai","Mumbai Indians","Punjab Kings",1,1,"Punjab Kings","field","Mumbai Indians","Punjab Kings",60,3,36,10,0,1,1,"60+","3+"
"1136610","2018-05-16",2018,"Wankhede Stadium","Mumbai","Punjab Kings","Mumbai Indians",2,0,"Punjab Kings","field","Mumbai Indians","Punjab Kings",57,1,36,9.5,1,0,1,"50-59","1"
"1136611","2018-05-17",2018,"M.Chinnaswamy Stadium","Bengaluru","Royal Challengers Bengaluru","Sunrisers Hyderabad",1,1,"Sunrisers Hyderabad","field","Royal Challengers Bengaluru","Sunrisers Hyderabad",44,2,36,7.33333333333333,0,1,1,"40-49","2"
"1136611","2018-05-17",2018,"M.Chinnaswamy Stadium","Bengaluru","Sunrisers Hyderabad","Royal Challengers Bengaluru",2,0,"Sunrisers Hyderabad","field","Royal Challengers Bengaluru","Sunrisers Hyderabad",56,1,36,9.33333333333333,1,0,1,"50-59","1"
"1136612","2018-05-18",2018,"Arun Jaitley Stadium","Delhi","Delhi Capitals","Chennai Super Kings",1,1,"Chennai Super Kings","field","Delhi Capitals","Chennai Super Kings",39,1,36,6.5,0,1,1,"Under 40","1"
"1136612","2018-05-18",2018,"Arun Jaitley Stadium","Delhi","Chennai Super Kings","Delhi Capitals",2,0,"Chennai Super Kings","field","Delhi Capitals","Chennai Super Kings",44,0,36,7.33333333333333,1,0,1,"40-49","0"
"1136613","2018-05-19",2018,"Sawai Mansingh Stadium","Jaipur","Rajasthan Royals","Royal Challengers Bengaluru",1,1,"Rajasthan Royals","bat","Rajasthan Royals","Royal Challengers Bengaluru",45,1,36,7.5,1,1,0,"40-49","1"
"1136613","2018-05-19",2018,"Sawai Mansingh Stadium","Jaipur","Royal Challengers Bengaluru","Rajasthan Royals",2,0,"Rajasthan Royals","bat","Rajasthan Royals","Royal Challengers Bengaluru",55,1,36,9.16666666666667,0,0,0,"50-59","1"
"1136614","2018-05-19",2018,"Rajiv Gandhi International Stadium","Hyderabad","Sunrisers Hyderabad","Kolkata Knight Riders",1,1,"Sunrisers Hyderabad","bat","Kolkata Knight Riders","Sunrisers Hyderabad",60,0,36,10,1,0,0,"60+","0"
"1136614","2018-05-19",2018,"Rajiv Gandhi International Stadium","Hyderabad","Kolkata Knight Riders","Sunrisers Hyderabad",2,0,"Sunrisers Hyderabad","bat","Kolkata Knight Riders","Sunrisers Hyderabad",66,1,36,11,0,1,0,"60+","1"
"1136615","2018-05-20",2018,"Arun Jaitley Stadium","Delhi","Delhi Capitals","Mumbai Indians",1,1,"Delhi Capitals","bat","Delhi Capitals","Mumbai Indians",46,2,36,7.66666666666667,1,1,0,"40-49","2"
"1136615","2018-05-20",2018,"Arun Jaitley Stadium","Delhi","Mumbai Indians","Delhi Capitals",2,0,"Delhi Capitals","bat","Delhi Capitals","Mumbai Indians",57,1,36,9.5,0,0,0,"50-59","1"
"1136616","2018-05-20",2018,"Maharashtra Cricket Association Stadium","Pune","Punjab Kings","Chennai Super Kings",1,1,"Chennai Super Kings","field","Chennai Super Kings","Punjab Kings",29,3,36,4.83333333333333,0,0,1,"Under 40","3+"
"1136616","2018-05-20",2018,"Maharashtra Cricket Association Stadium","Pune","Chennai Super Kings","Punjab Kings",2,0,"Chennai Super Kings","field","Chennai Super Kings","Punjab Kings",33,3,36,5.5,1,1,1,"Under 40","3+"
"1136617","2018-05-22",2018,"Wankhede Stadium","Mumbai","Sunrisers Hyderabad","Chennai Super Kings",1,1,"Chennai Super Kings","field","Chennai Super Kings","Sunrisers Hyderabad",47,3,36,7.83333333333333,0,0,1,"40-49","3+"
"1136617","2018-05-22",2018,"Wankhede Stadium","Mumbai","Chennai Super Kings","Sunrisers Hyderabad",2,0,"Chennai Super Kings","field","Chennai Super Kings","Sunrisers Hyderabad",33,3,36,5.5,1,1,1,"Under 40","3+"
"1136618","2018-05-23",2018,"Eden Gardens","Kolkata","Kolkata Knight Riders","Rajasthan Royals",1,1,"Rajasthan Royals","field","Kolkata Knight Riders","Rajasthan Royals",46,3,36,7.66666666666667,0,1,1,"40-49","3+"
"1136618","2018-05-23",2018,"Eden Gardens","Kolkata","Rajasthan Royals","Kolkata Knight Riders",2,0,"Rajasthan Royals","field","Kolkata Knight Riders","Rajasthan Royals",51,1,36,8.5,1,0,1,"50-59","1"
"1136619","2018-05-25",2018,"Eden Gardens","Kolkata","Sunrisers Hyderabad","Kolkata Knight Riders",1,1,"Kolkata Knight Riders","field","Sunrisers Hyderabad","Kolkata Knight Riders",45,0,36,7.5,0,1,1,"40-49","0"
"1136619","2018-05-25",2018,"Eden Gardens","Kolkata","Kolkata Knight Riders","Sunrisers Hyderabad",2,0,"Kolkata Knight Riders","field","Sunrisers Hyderabad","Kolkata Knight Riders",67,1,36,11.1666666666667,1,0,1,"60+","1"
"1136620","2018-05-27",2018,"Wankhede Stadium","Mumbai","Sunrisers Hyderabad","Chennai Super Kings",1,1,"Chennai Super Kings","field","Chennai Super Kings","Sunrisers Hyderabad",42,1,36,7,0,0,1,"40-49","1"
"1136620","2018-05-27",2018,"Wankhede Stadium","Mumbai","Chennai Super Kings","Sunrisers Hyderabad",2,0,"Chennai Super Kings","field","Chennai Super Kings","Sunrisers Hyderabad",35,1,36,5.83333333333333,1,1,1,"Under 40","1"
"1175356","2019-03-23",2019,"MA Chidambaram Stadium","Chennai","Royal Challengers Bengaluru","Chennai Super Kings",1,1,"Chennai Super Kings","field","Chennai Super Kings","Royal Challengers Bengaluru",33,2,36,5.5,0,0,1,"Under 40","2"
"1175356","2019-03-23",2019,"MA Chidambaram Stadium","Chennai","Chennai Super Kings","Royal Challengers Bengaluru",2,0,"Chennai Super Kings","field","Chennai Super Kings","Royal Challengers Bengaluru",16,1,36,2.66666666666667,1,1,1,"Under 40","1"
"1175357","2019-03-24",2019,"Eden Gardens","Kolkata","Sunrisers Hyderabad","Kolkata Knight Riders",1,1,"Kolkata Knight Riders","field","Kolkata Knight Riders","Sunrisers Hyderabad",54,0,36,9,0,0,1,"50-59","0"
"1175357","2019-03-24",2019,"Eden Gardens","Kolkata","Kolkata Knight Riders","Sunrisers Hyderabad",2,0,"Kolkata Knight Riders","field","Kolkata Knight Riders","Sunrisers Hyderabad",47,1,36,7.83333333333333,1,1,1,"40-49","1"
"1175358","2019-03-24",2019,"Wankhede Stadium","Mumbai","Delhi Capitals","Mumbai Indians",1,1,"Mumbai Indians","field","Delhi Capitals","Mumbai Indians",45,2,36,7.5,0,1,1,"40-49","2"
"1175358","2019-03-24",2019,"Wankhede Stadium","Mumbai","Mumbai Indians","Delhi Capitals",2,0,"Mumbai Indians","field","Delhi Capitals","Mumbai Indians",46,3,36,7.66666666666667,1,0,1,"40-49","3+"
"1175359","2019-03-25",2019,"Sawai Mansingh Stadium","Jaipur","Punjab Kings","Rajasthan Royals",1,1,"Rajasthan Royals","field","Punjab Kings","Rajasthan Royals",32,1,36,5.33333333333333,0,1,1,"Under 40","1"
"1175359","2019-03-25",2019,"Sawai Mansingh Stadium","Jaipur","Rajasthan Royals","Punjab Kings",2,0,"Rajasthan Royals","field","Punjab Kings","Rajasthan Royals",64,0,36,10.6666666666667,1,0,1,"60+","0"
"1175360","2019-03-26",2019,"Arun Jaitley Stadium","Delhi","Delhi Capitals","Chennai Super Kings",1,1,"Delhi Capitals","bat","Chennai Super Kings","Delhi Capitals",43,1,36,7.16666666666667,1,0,0,"40-49","1"
"1175360","2019-03-26",2019,"Arun Jaitley Stadium","Delhi","Chennai Super Kings","Delhi Capitals",2,0,"Delhi Capitals","bat","Chennai Super Kings","Delhi Capitals",58,1,36,9.66666666666667,0,1,0,"50-59","1"
"1175361","2019-03-27",2019,"Eden Gardens","Kolkata","Kolkata Knight Riders","Punjab Kings",1,1,"Punjab Kings","field","Kolkata Knight Riders","Punjab Kings",53,2,36,8.83333333333333,0,1,1,"50-59","2"
"1175361","2019-03-27",2019,"Eden Gardens","Kolkata","Punjab Kings","Kolkata Knight Riders",2,0,"Punjab Kings","field","Kolkata Knight Riders","Punjab Kings",51,2,36,8.5,1,0,1,"50-59","2"
"1175362","2019-03-28",2019,"M.Chinnaswamy Stadium","Bengaluru","Mumbai Indians","Royal Challengers Bengaluru",1,1,"Royal Challengers Bengaluru","field","Mumbai Indians","Royal Challengers Bengaluru",52,0,36,8.66666666666667,0,1,1,"50-59","0"
"1175362","2019-03-28",2019,"M.Chinnaswamy Stadium","Bengaluru","Royal Challengers Bengaluru","Mumbai Indians",2,0,"Royal Challengers Bengaluru","field","Mumbai Indians","Royal Challengers Bengaluru",60,1,36,10,1,0,1,"60+","1"
"1175363","2019-03-29",2019,"Rajiv Gandhi International Stadium","Hyderabad","Rajasthan Royals","Sunrisers Hyderabad",1,1,"Rajasthan Royals","bat","Sunrisers Hyderabad","Rajasthan Royals",35,1,36,5.83333333333333,1,0,0,"Under 40","1"
"1175363","2019-03-29",2019,"Rajiv Gandhi International Stadium","Hyderabad","Sunrisers Hyderabad","Rajasthan Royals",2,0,"Rajasthan Royals","bat","Sunrisers Hyderabad","Rajasthan Royals",69,0,36,11.5,0,1,0,"60+","0"
"1175364","2019-03-30",2019,"Punjab Cricket Association IS Bindra Stadium","Chandigarh","Mumbai Indians","Punjab Kings",1,1,"Punjab Kings","field","Punjab Kings","Mumbai Indians",62,1,36,10.3333333333333,0,0,1,"60+","1"
"1175364","2019-03-30",2019,"Punjab Cricket Association IS Bindra Stadium","Chandigarh","Punjab Kings","Mumbai Indians",2,0,"Punjab Kings","field","Punjab Kings","Mumbai Indians",38,0,36,6.33333333333333,1,1,1,"Under 40","0"
"1175365","2019-03-30",2019,"Arun Jaitley Stadium","Delhi","Kolkata Knight Riders","Delhi Capitals",1,1,"Delhi Capitals","field","Delhi Capitals","Kolkata Knight Riders",36,2,36,6,0,0,1,"Under 40","2"
"1175365","2019-03-30",2019,"Arun Jaitley Stadium","Delhi","Delhi Capitals","Kolkata Knight Riders",2,0,"Delhi Capitals","field","Delhi Capitals","Kolkata Knight Riders",45,1,36,7.5,1,1,1,"40-49","1"
"1175366","2019-03-31",2019,"Rajiv Gandhi International Stadium","Hyderabad","Sunrisers Hyderabad","Royal Challengers Bengaluru",1,1,"Royal Challengers Bengaluru","field","Sunrisers Hyderabad","Royal Challengers Bengaluru",59,0,36,9.83333333333333,0,1,1,"50-59","0"
"1175366","2019-03-31",2019,"Rajiv Gandhi International Stadium","Hyderabad","Royal Challengers Bengaluru","Sunrisers Hyderabad",2,0,"Royal Challengers Bengaluru","field","Sunrisers Hyderabad","Royal Challengers Bengaluru",30,3,36,5,1,0,1,"Under 40","3+"
"1175367","2019-03-31",2019,"MA Chidambaram Stadium","Chennai","Chennai Super Kings","Rajasthan Royals",1,1,"Rajasthan Royals","field","Chennai Super Kings","Rajasthan Royals",29,3,36,4.83333333333333,0,1,1,"Under 40","3+"
"1175367","2019-03-31",2019,"MA Chidambaram Stadium","Chennai","Rajasthan Royals","Chennai Super Kings",2,0,"Rajasthan Royals","field","Chennai Super Kings","Rajasthan Royals",45,3,36,7.5,1,0,1,"40-49","3+"
"1175368","2019-04-01",2019,"Punjab Cricket Association IS Bindra Stadium","Chandigarh","Punjab Kings","Delhi Capitals",1,1,"Delhi Capitals","field","Punjab Kings","Delhi Capitals",54,2,36,9,0,1,1,"50-59","2"
"1175368","2019-04-01",2019,"Punjab Cricket Association IS Bindra Stadium","Chandigarh","Delhi Capitals","Punjab Kings",2,0,"Delhi Capitals","field","Punjab Kings","Delhi Capitals",49,1,36,8.16666666666667,1,0,1,"40-49","1"
"1175369","2019-04-02",2019,"Sawai Mansingh Stadium","Jaipur","Royal Challengers Bengaluru","Rajasthan Royals",1,1,"Rajasthan Royals","field","Rajasthan Royals","Royal Challengers Bengaluru",48,0,36,8,0,0,1,"40-49","0"
"1175369","2019-04-02",2019,"Sawai Mansingh Stadium","Jaipur","Rajasthan Royals","Royal Challengers Bengaluru",2,0,"Rajasthan Royals","field","Rajasthan Royals","Royal Challengers Bengaluru",55,0,36,9.16666666666667,1,1,1,"50-59","0"
"1175370","2019-04-03",2019,"Wankhede Stadium","Mumbai","Mumbai Indians","Chennai Super Kings",1,1,"Chennai Super Kings","field","Mumbai Indians","Chennai Super Kings",40,1,36,6.66666666666667,0,1,1,"40-49","1"
"1175370","2019-04-03",2019,"Wankhede Stadium","Mumbai","Chennai Super Kings","Mumbai Indians",2,0,"Chennai Super Kings","field","Mumbai Indians","Chennai Super Kings",34,3,36,5.66666666666667,1,0,1,"Under 40","3+"
"1175371","2019-04-04",2019,"Arun Jaitley Stadium","Delhi","Delhi Capitals","Sunrisers Hyderabad",1,1,"Sunrisers Hyderabad","field","Sunrisers Hyderabad","Delhi Capitals",36,2,36,6,0,0,1,"Under 40","2"
"1175371","2019-04-04",2019,"Arun Jaitley Stadium","Delhi","Sunrisers Hyderabad","Delhi Capitals",2,0,"Sunrisers Hyderabad","field","Sunrisers Hyderabad","Delhi Capitals",62,0,36,10.3333333333333,1,1,1,"60+","0"
"1175372","2019-04-05",2019,"M.Chinnaswamy Stadium","Bengaluru","Royal Challengers Bengaluru","Kolkata Knight Riders",1,1,"Kolkata Knight Riders","field","Kolkata Knight Riders","Royal Challengers Bengaluru",53,0,36,8.83333333333333,0,0,1,"50-59","0"
"1175372","2019-04-05",2019,"M.Chinnaswamy Stadium","Bengaluru","Kolkata Knight Riders","Royal Challengers Bengaluru",2,0,"Kolkata Knight Riders","field","Kolkata Knight Riders","Royal Challengers Bengaluru",59,1,36,9.83333333333333,1,1,1,"50-59","1"
"1178393","2019-04-06",2019,"MA Chidambaram Stadium","Chennai","Chennai Super Kings","Punjab Kings",1,1,"Chennai Super Kings","bat","Chennai Super Kings","Punjab Kings",54,0,36,9,1,1,0,"50-59","0"
"1178393","2019-04-06",2019,"MA Chidambaram Stadium","Chennai","Punjab Kings","Chennai Super Kings",2,0,"Chennai Super Kings","bat","Chennai Super Kings","Punjab Kings",46,2,36,7.66666666666667,0,0,0,"40-49","2"
"1178394","2019-04-06",2019,"Rajiv Gandhi International Stadium","Hyderabad","Mumbai Indians","Sunrisers Hyderabad",1,1,"Sunrisers Hyderabad","field","Mumbai Indians","Sunrisers Hyderabad",30,2,36,5,0,1,1,"Under 40","2"
"1178394","2019-04-06",2019,"Rajiv Gandhi International Stadium","Hyderabad","Sunrisers Hyderabad","Mumbai Indians",2,0,"Sunrisers Hyderabad","field","Mumbai Indians","Sunrisers Hyderabad",39,2,36,6.5,1,0,1,"Under 40","2"
"1178395","2019-04-07",2019,"M.Chinnaswamy Stadium","Bengaluru","Royal Challengers Bengaluru","Delhi Capitals",1,1,"Delhi Capitals","field","Delhi Capitals","Royal Challengers Bengaluru",40,2,36,6.66666666666667,0,0,1,"40-49","2"
"1178395","2019-04-07",2019,"M.Chinnaswamy Stadium","Bengaluru","Delhi Capitals","Royal Challengers Bengaluru",2,0,"Delhi Capitals","field","Delhi Capitals","Royal Challengers Bengaluru",53,1,36,8.83333333333333,1,1,1,"50-59","1"
"1178396","2019-04-07",2019,"Sawai Mansingh Stadium","Jaipur","Rajasthan Royals","Kolkata Knight Riders",1,1,"Kolkata Knight Riders","field","Kolkata Knight Riders","Rajasthan Royals",28,1,36,4.66666666666667,0,0,1,"Under 40","1"
"1178396","2019-04-07",2019,"Sawai Mansingh Stadium","Jaipur","Kolkata Knight Riders","Rajasthan Royals",2,0,"Kolkata Knight Riders","field","Kolkata Knight Riders","Rajasthan Royals",65,0,36,10.8333333333333,1,1,1,"60+","0"
"1178397","2019-04-08",2019,"Punjab Cricket Association IS Bindra Stadium","Chandigarh","Sunrisers Hyderabad","Punjab Kings",1,1,"Punjab Kings","field","Punjab Kings","Sunrisers Hyderabad",27,1,36,4.5,0,0,1,"Under 40","1"
"1178397","2019-04-08",2019,"Punjab Cricket Association IS Bindra Stadium","Chandigarh","Punjab Kings","Sunrisers Hyderabad",2,0,"Punjab Kings","field","Punjab Kings","Sunrisers Hyderabad",38,1,36,6.33333333333333,1,1,1,"Under 40","1"
"1178398","2019-04-09",2019,"MA Chidambaram Stadium","Chennai","Kolkata Knight Riders","Chennai Super Kings",1,1,"Chennai Super Kings","field","Chennai Super Kings","Kolkata Knight Riders",29,4,36,4.83333333333333,0,0,1,"Under 40","3+"
"1178398","2019-04-09",2019,"MA Chidambaram Stadium","Chennai","Chennai Super Kings","Kolkata Knight Riders",2,0,"Chennai Super Kings","field","Chennai Super Kings","Kolkata Knight Riders",40,2,36,6.66666666666667,1,1,1,"40-49","2"
"1178399","2019-04-10",2019,"Wankhede Stadium","Mumbai","Punjab Kings","Mumbai Indians",1,1,"Mumbai Indians","field","Mumbai Indians","Punjab Kings",50,0,36,8.33333333333333,0,0,1,"50-59","0"
"1178399","2019-04-10",2019,"Wankhede Stadium","Mumbai","Mumbai Indians","Punjab Kings",2,0,"Mumbai Indians","field","Mumbai Indians","Punjab Kings",50,1,36,8.33333333333333,1,1,1,"50-59","1"
"1178400","2019-04-11",2019,"Sawai Mansingh Stadium","Jaipur","Rajasthan Royals","Chennai Super Kings",1,1,"Chennai Super Kings","field","Chennai Super Kings","Rajasthan Royals",54,3,36,9,0,0,1,"50-59","3+"
"1178400","2019-04-11",2019,"Sawai Mansingh Stadium","Jaipur","Chennai Super Kings","Rajasthan Royals",2,0,"Chennai Super Kings","field","Chennai Super Kings","Rajasthan Royals",24,4,36,4,1,1,1,"Under 40","3+"
"1178401","2019-04-12",2019,"Eden Gardens","Kolkata","Kolkata Knight Riders","Delhi Capitals",1,1,"Delhi Capitals","field","Delhi Capitals","Kolkata Knight Riders",41,1,36,6.83333333333333,0,0,1,"40-49","1"
"1178401","2019-04-12",2019,"Eden Gardens","Kolkata","Delhi Capitals","Kolkata Knight Riders",2,0,"Delhi Capitals","field","Delhi Capitals","Kolkata Knight Riders",57,2,36,9.5,1,1,1,"50-59","2"
"1178402","2019-04-13",2019,"Wankhede Stadium","Mumbai","Mumbai Indians","Rajasthan Royals",1,1,"Rajasthan Royals","field","Rajasthan Royals","Mumbai Indians",57,0,36,9.5,0,0,1,"50-59","0"
"1178402","2019-04-13",2019,"Wankhede Stadium","Mumbai","Rajasthan Royals","Mumbai Indians",2,0,"Rajasthan Royals","field","Rajasthan Royals","Mumbai Indians",59,0,36,9.83333333333333,1,1,1,"50-59","0"
"1178403","2019-04-13",2019,"Punjab Cricket Association IS Bindra Stadium","Chandigarh","Punjab Kings","Royal Challengers Bengaluru",1,1,"Royal Challengers Bengaluru","field","Royal Challengers Bengaluru","Punjab Kings",60,0,36,10,0,0,1,"60+","0"
"1178403","2019-04-13",2019,"Punjab Cricket Association IS Bindra Stadium","Chandigarh","Royal Challengers Bengaluru","Punjab Kings",2,0,"Royal Challengers Bengaluru","field","Royal Challengers Bengaluru","Punjab Kings",63,1,36,10.5,1,1,1,"60+","1"
"1178404","2019-04-14",2019,"Eden Gardens","Kolkata","Kolkata Knight Riders","Chennai Super Kings",1,1,"Chennai Super Kings","field","Chennai Super Kings","Kolkata Knight Riders",49,1,36,8.16666666666667,0,0,1,"40-49","1"
"1178404","2019-04-14",2019,"Eden Gardens","Kolkata","Chennai Super Kings","Kolkata Knight Riders",2,0,"Chennai Super Kings","field","Chennai Super Kings","Kolkata Knight Riders",44,2,36,7.33333333333333,1,1,1,"40-49","2"
"1178405","2019-04-14",2019,"Rajiv Gandhi International Stadium","Hyderabad","Delhi Capitals","Sunrisers Hyderabad",1,1,"Sunrisers Hyderabad","field","Delhi Capitals","Sunrisers Hyderabad",51,2,36,8.5,0,1,1,"50-59","2"
"1178405","2019-04-14",2019,"Rajiv Gandhi International Stadium","Hyderabad","Sunrisers Hyderabad","Delhi Capitals",2,0,"Sunrisers Hyderabad","field","Delhi Capitals","Sunrisers Hyderabad",40,0,36,6.66666666666667,1,0,1,"40-49","0"
"1178406","2019-04-15",2019,"Wankhede Stadium","Mumbai","Royal Challengers Bengaluru","Mumbai Indians",1,1,"Mumbai Indians","field","Mumbai Indians","Royal Challengers Bengaluru",45,1,36,7.5,0,0,1,"40-49","1"
"1178406","2019-04-15",2019,"Wankhede Stadium","Mumbai","Mumbai Indians","Royal Challengers Bengaluru",2,0,"Mumbai Indians","field","Mumbai Indians","Royal Challengers Bengaluru",67,0,36,11.1666666666667,1,1,1,"60+","0"
"1178407","2019-04-16",2019,"Punjab Cricket Association IS Bindra Stadium","Chandigarh","Punjab Kings","Rajasthan Royals",1,1,"Rajasthan Royals","field","Punjab Kings","Rajasthan Royals",39,1,36,6.5,0,1,1,"Under 40","1"
"1178407","2019-04-16",2019,"Punjab Cricket Association IS Bindra Stadium","Chandigarh","Rajasthan Royals","Punjab Kings",2,0,"Rajasthan Royals","field","Punjab Kings","Rajasthan Royals",54,1,36,9,1,0,1,"50-59","1"
"1178408","2019-04-17",2019,"Rajiv Gandhi International Stadium","Hyderabad","Chennai Super Kings","Sunrisers Hyderabad",1,1,"Chennai Super Kings","bat","Sunrisers Hyderabad","Chennai Super Kings",41,0,36,6.83333333333333,1,0,0,"40-49","0"
"1178408","2019-04-17",2019,"Rajiv Gandhi International Stadium","Hyderabad","Sunrisers Hyderabad","Chennai Super Kings",2,0,"Chennai Super Kings","bat","Sunrisers Hyderabad","Chennai Super Kings",68,1,36,11.3333333333333,0,1,0,"60+","1"
"1178409","2019-04-18",2019,"Arun Jaitley Stadium","Delhi","Mumbai Indians","Delhi Capitals",1,1,"Mumbai Indians","bat","Mumbai Indians","Delhi Capitals",57,0,36,9.5,1,1,0,"50-59","0"
"1178409","2019-04-18",2019,"Arun Jaitley Stadium","Delhi","Delhi Capitals","Mumbai Indians",2,0,"Mumbai Indians","bat","Mumbai Indians","Delhi Capitals",48,0,36,8,0,0,0,"40-49","0"
"1178410","2019-04-19",2019,"Eden Gardens","Kolkata","Royal Challengers Bengaluru","Kolkata Knight Riders",1,1,"Kolkata Knight Riders","field","Royal Challengers Bengaluru","Kolkata Knight Riders",42,1,36,7,0,1,1,"40-49","1"
"1178410","2019-04-19",2019,"Eden Gardens","Kolkata","Kolkata Knight Riders","Royal Challengers Bengaluru",2,0,"Kolkata Knight Riders","field","Royal Challengers Bengaluru","Kolkata Knight Riders",37,3,36,6.16666666666667,1,0,1,"Under 40","3+"
"1178411","2019-04-20",2019,"Sawai Mansingh Stadium","Jaipur","Mumbai Indians","Rajasthan Royals",1,1,"Rajasthan Royals","field","Rajasthan Royals","Mumbai Indians",46,1,36,7.66666666666667,0,0,1,"40-49","1"
"1178411","2019-04-20",2019,"Sawai Mansingh Stadium","Jaipur","Rajasthan Royals","Mumbai Indians",2,0,"Rajasthan Royals","field","Rajasthan Royals","Mumbai Indians",60,1,36,10,1,1,1,"60+","1"
"1178412","2019-04-20",2019,"Arun Jaitley Stadium","Delhi","Punjab Kings","Delhi Capitals",1,1,"Delhi Capitals","field","Delhi Capitals","Punjab Kings",50,2,36,8.33333333333333,0,0,1,"50-59","2"
"1178412","2019-04-20",2019,"Arun Jaitley Stadium","Delhi","Delhi Capitals","Punjab Kings",2,0,"Delhi Capitals","field","Delhi Capitals","Punjab Kings",60,1,36,10,1,1,1,"60+","1"
"1178413","2019-04-21",2019,"Rajiv Gandhi International Stadium","Hyderabad","Kolkata Knight Riders","Sunrisers Hyderabad",1,1,"Sunrisers Hyderabad","field","Sunrisers Hyderabad","Kolkata Knight Riders",61,2,36,10.1666666666667,0,0,1,"60+","2"
"1178413","2019-04-21",2019,"Rajiv Gandhi International Stadium","Hyderabad","Sunrisers Hyderabad","Kolkata Knight Riders",2,0,"Sunrisers Hyderabad","field","Sunrisers Hyderabad","Kolkata Knight Riders",72,0,36,12,1,1,1,"60+","0"
"1178414","2019-04-21",2019,"M.Chinnaswamy Stadium","Bengaluru","Royal Challengers Bengaluru","Chennai Super Kings",1,1,"Chennai Super Kings","field","Royal Challengers Bengaluru","Chennai Super Kings",49,1,36,8.16666666666667,0,1,1,"40-49","1"
"1178414","2019-04-21",2019,"M.Chinnaswamy Stadium","Bengaluru","Chennai Super Kings","Royal Challengers Bengaluru",2,0,"Chennai Super Kings","field","Royal Challengers Bengaluru","Chennai Super Kings",32,4,36,5.33333333333333,1,0,1,"Under 40","3+"
"1178415","2019-04-22",2019,"Sawai Mansingh Stadium","Jaipur","Rajasthan Royals","Delhi Capitals",1,1,"Delhi Capitals","field","Delhi Capitals","Rajasthan Royals",52,1,36,8.66666666666667,0,0,1,"50-59","1"
"1178415","2019-04-22",2019,"Sawai Mansingh Stadium","Jaipur","Delhi Capitals","Rajasthan Royals",2,0,"Delhi Capitals","field","Delhi Capitals","Rajasthan Royals",59,0,36,9.83333333333333,1,1,1,"50-59","0"
"1178416","2019-04-23",2019,"MA Chidambaram Stadium","Chennai","Sunrisers Hyderabad","Chennai Super Kings",1,1,"Chennai Super Kings","field","Chennai Super Kings","Sunrisers Hyderabad",54,1,36,9,0,0,1,"50-59","1"
"1178416","2019-04-23",2019,"MA Chidambaram Stadium","Chennai","Chennai Super Kings","Sunrisers Hyderabad",2,0,"Chennai Super Kings","field","Chennai Super Kings","Sunrisers Hyderabad",49,1,36,8.16666666666667,1,1,1,"40-49","1"
"1178417","2019-04-24",2019,"M.Chinnaswamy Stadium","Bengaluru","Royal Challengers Bengaluru","Punjab Kings",1,1,"Punjab Kings","field","Royal Challengers Bengaluru","Punjab Kings",70,1,36,11.6666666666667,0,1,1,"60+","1"
"1178417","2019-04-24",2019,"M.Chinnaswamy Stadium","Bengaluru","Punjab Kings","Royal Challengers Bengaluru",2,0,"Punjab Kings","field","Royal Challengers Bengaluru","Punjab Kings",68,1,36,11.3333333333333,1,0,1,"60+","1"
"1178418","2019-04-25",2019,"Eden Gardens","Kolkata","Kolkata Knight Riders","Rajasthan Royals",1,1,"Rajasthan Royals","field","Rajasthan Royals","Kolkata Knight Riders",32,2,36,5.33333333333333,0,0,1,"Under 40","2"
"1178418","2019-04-25",2019,"Eden Gardens","Kolkata","Rajasthan Royals","Kolkata Knight Riders",2,0,"Rajasthan Royals","field","Rajasthan Royals","Kolkata Knight Riders",55,1,36,9.16666666666667,1,1,1,"50-59","1"
"1178419","2019-04-26",2019,"MA Chidambaram Stadium","Chennai","Mumbai Indians","Chennai Super Kings",1,1,"Chennai Super Kings","field","Mumbai Indians","Chennai Super Kings",45,1,36,7.5,0,1,1,"40-49","1"
"1178419","2019-04-26",2019,"MA Chidambaram Stadium","Chennai","Chennai Super Kings","Mumbai Indians",2,0,"Chennai Super Kings","field","Mumbai Indians","Chennai Super Kings",40,3,36,6.66666666666667,1,0,1,"40-49","3+"
"1178420","2019-04-27",2019,"Sawai Mansingh Stadium","Jaipur","Sunrisers Hyderabad","Rajasthan Royals",1,1,"Rajasthan Royals","field","Rajasthan Royals","Sunrisers Hyderabad",51,1,36,8.5,0,0,1,"50-59","1"
"1178420","2019-04-27",2019,"Sawai Mansingh Stadium","Jaipur","Rajasthan Royals","Sunrisers Hyderabad",2,0,"Rajasthan Royals","field","Rajasthan Royals","Sunrisers Hyderabad",60,0,36,10,1,1,1,"60+","0"
"1178421","2019-04-28",2019,"Arun Jaitley Stadium","Delhi","Delhi Capitals","Royal Challengers Bengaluru",1,1,"Delhi Capitals","bat","Delhi Capitals","Royal Challengers Bengaluru",59,1,36,9.83333333333333,1,1,0,"50-59","1"
"1178421","2019-04-28",2019,"Arun Jaitley Stadium","Delhi","Royal Challengers Bengaluru","Delhi Capitals",2,0,"Delhi Capitals","bat","Delhi Capitals","Royal Challengers Bengaluru",64,1,36,10.6666666666667,0,0,0,"60+","1"
"1178422","2019-04-28",2019,"Eden Gardens","Kolkata","Kolkata Knight Riders","Mumbai Indians",1,1,"Mumbai Indians","field","Kolkata Knight Riders","Mumbai Indians",50,0,36,8.33333333333333,0,1,1,"50-59","0"
"1178422","2019-04-28",2019,"Eden Gardens","Kolkata","Mumbai Indians","Kolkata Knight Riders",2,0,"Mumbai Indians","field","Kolkata Knight Riders","Mumbai Indians",41,2,36,6.83333333333333,1,0,1,"40-49","2"
"1178423","2019-04-29",2019,"Rajiv Gandhi International Stadium","Hyderabad","Sunrisers Hyderabad","Punjab Kings",1,1,"Punjab Kings","field","Sunrisers Hyderabad","Punjab Kings",77,0,36,12.8333333333333,0,1,1,"60+","0"
"1178423","2019-04-29",2019,"Rajiv Gandhi International Stadium","Hyderabad","Punjab Kings","Sunrisers Hyderabad",2,0,"Punjab Kings","field","Sunrisers Hyderabad","Punjab Kings",44,1,36,7.33333333333333,1,0,1,"40-49","1"
"1178425","2019-05-01",2019,"MA Chidambaram Stadium","Chennai","Chennai Super Kings","Delhi Capitals",1,1,"Delhi Capitals","field","Chennai Super Kings","Delhi Capitals",27,1,36,4.5,0,1,1,"Under 40","1"
"1178425","2019-05-01",2019,"MA Chidambaram Stadium","Chennai","Delhi Capitals","Chennai Super Kings",2,0,"Delhi Capitals","field","Chennai Super Kings","Delhi Capitals",59,2,36,9.83333333333333,1,0,1,"50-59","2"
"1178426","2019-05-02",2019,"Wankhede Stadium","Mumbai","Mumbai Indians","Sunrisers Hyderabad",1,1,"Mumbai Indians","bat","Mumbai Indians","Sunrisers Hyderabad",44,1,36,7.33333333333333,1,1,0,"40-49","1"
"1178426","2019-05-02",2019,"Wankhede Stadium","Mumbai","Sunrisers Hyderabad","Mumbai Indians",2,0,"Mumbai Indians","bat","Mumbai Indians","Sunrisers Hyderabad",59,2,36,9.83333333333333,0,0,0,"50-59","2"
"1178427","2019-05-03",2019,"Punjab Cricket Association IS Bindra Stadium","Chandigarh","Punjab Kings","Kolkata Knight Riders",1,1,"Kolkata Knight Riders","field","Kolkata Knight Riders","Punjab Kings",41,2,36,6.83333333333333,0,0,1,"40-49","2"
"1178427","2019-05-03",2019,"Punjab Cricket Association IS Bindra Stadium","Chandigarh","Kolkata Knight Riders","Punjab Kings",2,0,"Kolkata Knight Riders","field","Kolkata Knight Riders","Punjab Kings",62,1,36,10.3333333333333,1,1,1,"60+","1"
"1178428","2019-05-04",2019,"Arun Jaitley Stadium","Delhi","Rajasthan Royals","Delhi Capitals",1,1,"Rajasthan Royals","bat","Delhi Capitals","Rajasthan Royals",30,4,36,5,1,0,0,"Under 40","3+"
"1178428","2019-05-04",2019,"Arun Jaitley Stadium","Delhi","Delhi Capitals","Rajasthan Royals",2,0,"Rajasthan Royals","bat","Delhi Capitals","Rajasthan Royals",46,2,36,7.66666666666667,0,1,0,"40-49","2"
"1178429","2019-05-04",2019,"M.Chinnaswamy Stadium","Bengaluru","Sunrisers Hyderabad","Royal Challengers Bengaluru",1,1,"Royal Challengers Bengaluru","field","Royal Challengers Bengaluru","Sunrisers Hyderabad",52,1,36,8.66666666666667,0,0,1,"50-59","1"
"1178429","2019-05-04",2019,"M.Chinnaswamy Stadium","Bengaluru","Royal Challengers Bengaluru","Sunrisers Hyderabad",2,0,"Royal Challengers Bengaluru","field","Royal Challengers Bengaluru","Sunrisers Hyderabad",49,3,36,8.16666666666667,1,1,1,"40-49","3+"
"1178430","2019-05-05",2019,"Punjab Cricket Association IS Bindra Stadium","Chandigarh","Chennai Super Kings","Punjab Kings",1,1,"Punjab Kings","field","Punjab Kings","Chennai Super Kings",42,1,36,7,0,0,1,"40-49","1"
"1178430","2019-05-05",2019,"Punjab Cricket Association IS Bindra Stadium","Chandigarh","Punjab Kings","Chennai Super Kings",2,0,"Punjab Kings","field","Punjab Kings","Chennai Super Kings",68,0,36,11.3333333333333,1,1,1,"60+","0"
"1178431","2019-05-05",2019,"Wankhede Stadium","Mumbai","Kolkata Knight Riders","Mumbai Indians",1,1,"Mumbai Indians","field","Mumbai Indians","Kolkata Knight Riders",49,0,36,8.16666666666667,0,0,1,"40-49","0"
"1178431","2019-05-05",2019,"Wankhede Stadium","Mumbai","Mumbai Indians","Kolkata Knight Riders",2,0,"Mumbai Indians","field","Mumbai Indians","Kolkata Knight Riders",46,0,36,7.66666666666667,1,1,1,"40-49","0"
"1181764","2019-05-07",2019,"MA Chidambaram Stadium","Chennai","Chennai Super Kings","Mumbai Indians",1,1,"Chennai Super Kings","bat","Mumbai Indians","Chennai Super Kings",32,3,36,5.33333333333333,1,0,0,"Under 40","3+"
"1181764","2019-05-07",2019,"MA Chidambaram Stadium","Chennai","Mumbai Indians","Chennai Super Kings",2,0,"Chennai Super Kings","bat","Mumbai Indians","Chennai Super Kings",44,2,36,7.33333333333333,0,1,0,"40-49","2"
"1181766","2019-05-08",2019,"Dr. Y.S. Rajasekhara Reddy ACA-VDCA Cricket Stadium","Visakhapatnam","Sunrisers Hyderabad","Delhi Capitals",1,1,"Delhi Capitals","field","Delhi Capitals","Sunrisers Hyderabad",54,1,36,9,0,0,1,"50-59","1"
"1181766","2019-05-08",2019,"Dr. Y.S. Rajasekhara Reddy ACA-VDCA Cricket Stadium","Visakhapatnam","Delhi Capitals","Sunrisers Hyderabad",2,0,"Delhi Capitals","field","Delhi Capitals","Sunrisers Hyderabad",55,0,36,9.16666666666667,1,1,1,"50-59","0"
"1181767","2019-05-10",2019,"Dr. Y.S. Rajasekhara Reddy ACA-VDCA Cricket Stadium","Visakhapatnam","Delhi Capitals","Chennai Super Kings",1,1,"Chennai Super Kings","field","Chennai Super Kings","Delhi Capitals",41,2,36,6.83333333333333,0,0,1,"40-49","2"
"1181767","2019-05-10",2019,"Dr. Y.S. Rajasekhara Reddy ACA-VDCA Cricket Stadium","Visakhapatnam","Chennai Super Kings","Delhi Capitals",2,0,"Chennai Super Kings","field","Chennai Super Kings","Delhi Capitals",42,0,36,7,1,1,1,"40-49","0"
"1181768","2019-05-12",2019,"Rajiv Gandhi International Stadium","Hyderabad","Mumbai Indians","Chennai Super Kings",1,1,"Mumbai Indians","bat","Mumbai Indians","Chennai Super Kings",45,2,36,7.5,1,1,0,"40-49","2"
"1181768","2019-05-12",2019,"Rajiv Gandhi International Stadium","Hyderabad","Chennai Super Kings","Mumbai Indians",2,0,"Mumbai Indians","bat","Mumbai Indians","Chennai Super Kings",53,1,36,8.83333333333333,0,0,0,"50-59","1"
"1216492","2020-09-19",2020,"Sheikh Zayed Stadium","Abu Dhabi","Mumbai Indians","Chennai Super Kings",1,1,"Chennai Super Kings","field","Chennai Super Kings","Mumbai Indians",51,2,36,8.5,0,0,1,"50-59","2"
"1216492","2020-09-19",2020,"Sheikh Zayed Stadium","Abu Dhabi","Chennai Super Kings","Mumbai Indians",2,0,"Chennai Super Kings","field","Chennai Super Kings","Mumbai Indians",37,2,36,6.16666666666667,1,1,1,"Under 40","2"
"1216493","2020-09-20",2020,"Dubai International Cricket Stadium",,"Delhi Capitals","Punjab Kings",1,1,"Punjab Kings","field","Delhi Capitals","Punjab Kings",23,3,36,3.83333333333333,0,1,1,"Under 40","3+"
"1216493","2020-09-20",2020,"Dubai International Cricket Stadium",,"Punjab Kings","Delhi Capitals",2,0,"Punjab Kings","field","Delhi Capitals","Punjab Kings",35,3,36,5.83333333333333,1,0,1,"Under 40","3+"
"1216534","2020-09-21",2020,"Dubai International Cricket Stadium",,"Royal Challengers Bengaluru","Sunrisers Hyderabad",1,1,"Sunrisers Hyderabad","field","Royal Challengers Bengaluru","Sunrisers Hyderabad",53,0,36,8.83333333333333,0,1,1,"50-59","0"
"1216534","2020-09-21",2020,"Dubai International Cricket Stadium",,"Sunrisers Hyderabad","Royal Challengers Bengaluru",2,0,"Sunrisers Hyderabad","field","Royal Challengers Bengaluru","Sunrisers Hyderabad",48,1,36,8,1,0,1,"40-49","1"
"1216496","2020-09-22",2020,"Sharjah Cricket Stadium",,"Rajasthan Royals","Chennai Super Kings",1,1,"Chennai Super Kings","field","Rajasthan Royals","Chennai Super Kings",54,1,36,9,0,1,1,"50-59","1"
"1216496","2020-09-22",2020,"Sharjah Cricket Stadium",,"Chennai Super Kings","Rajasthan Royals",2,0,"Chennai Super Kings","field","Rajasthan Royals","Chennai Super Kings",53,0,36,8.83333333333333,1,0,1,"50-59","0"
"1216508","2020-09-23",2020,"Sheikh Zayed Stadium","Abu Dhabi","Mumbai Indians","Kolkata Knight Riders",1,1,"Kolkata Knight Riders","field","Mumbai Indians","Kolkata Knight Riders",59,1,36,9.83333333333333,0,1,1,"50-59","1"
"1216508","2020-09-23",2020,"Sheikh Zayed Stadium","Abu Dhabi","Kolkata Knight Riders","Mumbai Indians",2,0,"Kolkata Knight Riders","field","Mumbai Indians","Kolkata Knight Riders",33,2,36,5.5,1,0,1,"Under 40","2"
"1216510","2020-09-24",2020,"Dubai International Cricket Stadium",,"Punjab Kings","Royal Challengers Bengaluru",1,1,"Royal Challengers Bengaluru","field","Punjab Kings","Royal Challengers Bengaluru",50,0,36,8.33333333333333,0,1,1,"50-59","0"
"1216510","2020-09-24",2020,"Dubai International Cricket Stadium",,"Royal Challengers Bengaluru","Punjab Kings",2,0,"Royal Challengers Bengaluru","field","Punjab Kings","Royal Challengers Bengaluru",40,3,36,6.66666666666667,1,0,1,"40-49","3+"
"1216539","2020-09-25",2020,"Dubai International Cricket Stadium",,"Delhi Capitals","Chennai Super Kings",1,1,"Chennai Super Kings","field","Delhi Capitals","Chennai Super Kings",36,0,36,6,0,1,1,"Under 40","0"
"1216539","2020-09-25",2020,"Dubai International Cricket Stadium",,"Chennai Super Kings","Delhi Capitals",2,0,"Chennai Super Kings","field","Delhi Capitals","Chennai Super Kings",34,2,36,5.66666666666667,1,0,1,"Under 40","2"
"1216545","2020-09-26",2020,"Sheikh Zayed Stadium","Abu Dhabi","Sunrisers Hyderabad","Kolkata Knight Riders",1,1,"Sunrisers Hyderabad","bat","Kolkata Knight Riders","Sunrisers Hyderabad",40,1,36,6.66666666666667,1,0,0,"40-49","1"
"1216545","2020-09-26",2020,"Sheikh Zayed Stadium","Abu Dhabi","Kolkata Knight Riders","Sunrisers Hyderabad",2,0,"Sunrisers Hyderabad","bat","Kolkata Knight Riders","Sunrisers Hyderabad",52,2,36,8.66666666666667,0,1,0,"50-59","2"
"1216527","2020-09-27",2020,"Sharjah Cricket Stadium",,"Punjab Kings","Rajasthan Royals",1,1,"Rajasthan Royals","field","Rajasthan Royals","Punjab Kings",60,0,36,10,0,0,1,"60+","0"
"1216527","2020-09-27",2020,"Sharjah Cricket Stadium",,"Rajasthan Royals","Punjab Kings",2,0,"Rajasthan Royals","field","Rajasthan Royals","Punjab Kings",69,1,36,11.5,1,1,1,"60+","1"
"1216547","2020-09-28",2020,"Dubai International Cricket Stadium",,"Royal Challengers Bengaluru","Mumbai Indians",1,1,"Mumbai Indians","field","Royal Challengers Bengaluru","Mumbai Indians",59,0,36,9.83333333333333,0,1,1,"50-59","0"
"1216547","2020-09-28",2020,"Dubai International Cricket Stadium",,"Mumbai Indians","Royal Challengers Bengaluru",2,0,"Mumbai Indians","field","Royal Challengers Bengaluru","Mumbai Indians",35,2,36,5.83333333333333,1,0,1,"Under 40","2"
"1216532","2020-09-29",2020,"Sheikh Zayed Stadium","Abu Dhabi","Sunrisers Hyderabad","Delhi Capitals",1,1,"Delhi Capitals","field","Sunrisers Hyderabad","Delhi Capitals",38,0,36,6.33333333333333,0,1,1,"Under 40","0"
"1216532","2020-09-29",2020,"Sheikh Zayed Stadium","Abu Dhabi","Delhi Capitals","Sunrisers Hyderabad",2,0,"Delhi Capitals","field","Sunrisers Hyderabad","Delhi Capitals",34,1,36,5.66666666666667,1,0,1,"Under 40","1"
"1216504","2020-09-30",2020,"Dubai International Cricket Stadium",,"Kolkata Knight Riders","Rajasthan Royals",1,1,"Rajasthan Royals","field","Kolkata Knight Riders","Rajasthan Royals",42,1,36,7,0,1,1,"40-49","1"
"1216504","2020-09-30",2020,"Dubai International Cricket Stadium",,"Rajasthan Royals","Kolkata Knight Riders",2,0,"Rajasthan Royals","field","Kolkata Knight Riders","Rajasthan Royals",39,2,36,6.5,1,0,1,"Under 40","2"
"1216503","2020-10-01",2020,"Sheikh Zayed Stadium","Abu Dhabi","Mumbai Indians","Punjab Kings",1,1,"Punjab Kings","field","Mumbai Indians","Punjab Kings",41,2,36,6.83333333333333,0,1,1,"40-49","2"
"1216503","2020-10-01",2020,"Sheikh Zayed Stadium","Abu Dhabi","Punjab Kings","Mumbai Indians",2,0,"Punjab Kings","field","Mumbai Indians","Punjab Kings",41,2,36,6.83333333333333,1,0,1,"40-49","2"
"1216516","2020-10-02",2020,"Dubai International Cricket Stadium",,"Sunrisers Hyderabad","Chennai Super Kings",1,1,"Sunrisers Hyderabad","bat","Sunrisers Hyderabad","Chennai Super Kings",42,1,36,7,1,1,0,"40-49","1"
"1216516","2020-10-02",2020,"Dubai International Cricket Stadium",,"Chennai Super Kings","Sunrisers Hyderabad",2,0,"Sunrisers Hyderabad","bat","Sunrisers Hyderabad","Chennai Super Kings",36,3,36,6,0,0,0,"Under 40","3+"
"1216514","2020-10-03",2020,"Sheikh Zayed Stadium","Abu Dhabi","Rajasthan Royals","Royal Challengers Bengaluru",1,1,"Rajasthan Royals","bat","Royal Challengers Bengaluru","Rajasthan Royals",38,3,36,6.33333333333333,1,0,0,"Under 40","3+"
"1216514","2020-10-03",2020,"Sheikh Zayed Stadium","Abu Dhabi","Royal Challengers Bengaluru","Rajasthan Royals",2,0,"Rajasthan Royals","bat","Royal Challengers Bengaluru","Rajasthan Royals",50,1,36,8.33333333333333,0,1,0,"50-59","1"
"1216515","2020-10-03",2020,"Sharjah Cricket Stadium",,"Delhi Capitals","Kolkata Knight Riders",1,1,"Kolkata Knight Riders","field","Delhi Capitals","Kolkata Knight Riders",57,1,36,9.5,0,1,1,"50-59","1"
"1216515","2020-10-03",2020,"Sharjah Cricket Stadium",,"Kolkata Knight Riders","Delhi Capitals",2,0,"Kolkata Knight Riders","field","Delhi Capitals","Kolkata Knight Riders",59,1,36,9.83333333333333,1,0,1,"50-59","1"
"1216513","2020-10-04",2020,"Dubai International Cricket Stadium",,"Punjab Kings","Chennai Super Kings",1,1,"Punjab Kings","bat","Chennai Super Kings","Punjab Kings",46,0,36,7.66666666666667,1,0,0,"40-49","0"
"1216513","2020-10-04",2020,"Dubai International Cricket Stadium",,"Chennai Super Kings","Punjab Kings",2,0,"Punjab Kings","bat","Chennai Super Kings","Punjab Kings",60,0,36,10,0,1,0,"60+","0"
"1216538","2020-10-04",2020,"Sharjah Cricket Stadium",,"Mumbai Indians","Sunrisers Hyderabad",1,1,"Mumbai Indians","bat","Mumbai Indians","Sunrisers Hyderabad",48,2,36,8,1,1,0,"40-49","2"
"1216538","2020-10-04",2020,"Sharjah Cricket Stadium",,"Sunrisers Hyderabad","Mumbai Indians",2,0,"Mumbai Indians","bat","Mumbai Indians","Sunrisers Hyderabad",56,1,36,9.33333333333333,0,0,0,"50-59","1"
"1216519","2020-10-05",2020,"Dubai International Cricket Stadium",,"Delhi Capitals","Royal Challengers Bengaluru",1,1,"Royal Challengers Bengaluru","field","Delhi Capitals","Royal Challengers Bengaluru",63,0,36,10.5,0,1,1,"60+","0"
"1216519","2020-10-05",2020,"Dubai International Cricket Stadium",,"Royal Challengers Bengaluru","Delhi Capitals",2,0,"Royal Challengers Bengaluru","field","Delhi Capitals","Royal Challengers Bengaluru",43,3,36,7.16666666666667,1,0,1,"40-49","3+"
"1216511","2020-10-06",2020,"Sheikh Zayed Stadium","Abu Dhabi","Mumbai Indians","Rajasthan Royals",1,1,"Mumbai Indians","bat","Mumbai Indians","Rajasthan Royals",57,1,36,9.5,1,1,0,"50-59","1"
"1216511","2020-10-06",2020,"Sheikh Zayed Stadium","Abu Dhabi","Rajasthan Royals","Mumbai Indians",2,0,"Mumbai Indians","bat","Mumbai Indians","Rajasthan Royals",31,3,36,5.16666666666667,0,0,0,"Under 40","3+"
"1216501","2020-10-07",2020,"Sheikh Zayed Stadium","Abu Dhabi","Kolkata Knight Riders","Chennai Super Kings",1,1,"Kolkata Knight Riders","bat","Kolkata Knight Riders","Chennai Super Kings",52,1,36,8.66666666666667,1,1,0,"50-59","1"
"1216501","2020-10-07",2020,"Sheikh Zayed Stadium","Abu Dhabi","Chennai Super Kings","Kolkata Knight Riders",2,0,"Kolkata Knight Riders","bat","Kolkata Knight Riders","Chennai Super Kings",54,1,36,9,0,0,0,"50-59","1"
"1216542","2020-10-08",2020,"Dubai International Cricket Stadium",,"Sunrisers Hyderabad","Punjab Kings",1,1,"Sunrisers Hyderabad","bat","Sunrisers Hyderabad","Punjab Kings",58,0,36,9.66666666666667,1,1,0,"50-59","0"
"1216542","2020-10-08",2020,"Dubai International Cricket Stadium",,"Punjab Kings","Sunrisers Hyderabad",2,0,"Sunrisers Hyderabad","bat","Sunrisers Hyderabad","Punjab Kings",45,2,36,7.5,0,0,0,"40-49","2"
"1216500","2020-10-09",2020,"Sharjah Cricket Stadium",,"Delhi Capitals","Rajasthan Royals",1,1,"Rajasthan Royals","field","Delhi Capitals","Rajasthan Royals",51,3,36,8.5,0,1,1,"50-59","3+"
"1216500","2020-10-09",2020,"Sharjah Cricket Stadium",,"Rajasthan Royals","Delhi Capitals",2,0,"Rajasthan Royals","field","Delhi Capitals","Rajasthan Royals",41,1,36,6.83333333333333,1,0,1,"40-49","1"
"1216523","2020-10-10",2020,"Sheikh Zayed Stadium","Abu Dhabi","Kolkata Knight Riders","Punjab Kings",1,1,"Kolkata Knight Riders","bat","Kolkata Knight Riders","Punjab Kings",25,2,36,4.16666666666667,1,1,0,"Under 40","2"
"1216523","2020-10-10",2020,"Sheikh Zayed Stadium","Abu Dhabi","Punjab Kings","Kolkata Knight Riders",2,0,"Kolkata Knight Riders","bat","Kolkata Knight Riders","Punjab Kings",47,0,36,7.83333333333333,0,0,0,"40-49","0"
"1216525","2020-10-10",2020,"Dubai International Cricket Stadium",,"Royal Challengers Bengaluru","Chennai Super Kings",1,1,"Royal Challengers Bengaluru","bat","Royal Challengers Bengaluru","Chennai Super Kings",36,1,36,6,1,1,0,"Under 40","1"
"1216525","2020-10-10",2020,"Dubai International Cricket Stadium",,"Chennai Super Kings","Royal Challengers Bengaluru",2,0,"Royal Challengers Bengaluru","bat","Royal Challengers Bengaluru","Chennai Super Kings",26,2,36,4.33333333333333,0,0,0,"Under 40","2"
"1216507","2020-10-11",2020,"Dubai International Cricket Stadium",,"Sunrisers Hyderabad","Rajasthan Royals",1,1,"Sunrisers Hyderabad","bat","Rajasthan Royals","Sunrisers Hyderabad",26,1,36,4.33333333333333,1,0,0,"Under 40","1"
"1216507","2020-10-11",2020,"Dubai International Cricket Stadium",,"Rajasthan Royals","Sunrisers Hyderabad",2,0,"Sunrisers Hyderabad","bat","Rajasthan Royals","Sunrisers Hyderabad",36,3,36,6,0,1,0,"Under 40","3+"
"1216529","2020-10-11",2020,"Sheikh Zayed Stadium","Abu Dhabi","Delhi Capitals","Mumbai Indians",1,1,"Delhi Capitals","bat","Mumbai Indians","Delhi Capitals",46,2,36,7.66666666666667,1,0,0,"40-49","2"
"1216529","2020-10-11",2020,"Sheikh Zayed Stadium","Abu Dhabi","Mumbai Indians","Delhi Capitals",2,0,"Delhi Capitals","bat","Mumbai Indians","Delhi Capitals",44,1,36,7.33333333333333,0,1,0,"40-49","1"
"1216540","2020-10-12",2020,"Sharjah Cricket Stadium",,"Royal Challengers Bengaluru","Kolkata Knight Riders",1,1,"Royal Challengers Bengaluru","bat","Royal Challengers Bengaluru","Kolkata Knight Riders",47,0,36,7.83333333333333,1,1,0,"40-49","0"
"1216540","2020-10-12",2020,"Sharjah Cricket Stadium",,"Kolkata Knight Riders","Royal Challengers Bengaluru",2,0,"Royal Challengers Bengaluru","bat","Royal Challengers Bengaluru","Kolkata Knight Riders",43,1,36,7.16666666666667,0,0,0,"40-49","1"
"1216528","2020-10-13",2020,"Dubai International Cricket Stadium",,"Chennai Super Kings","Sunrisers Hyderabad",1,1,"Chennai Super Kings","bat","Chennai Super Kings","Sunrisers Hyderabad",44,2,36,7.33333333333333,1,1,0,"40-49","2"
"1216528","2020-10-13",2020,"Dubai International Cricket Stadium",,"Sunrisers Hyderabad","Chennai Super Kings",2,0,"Chennai Super Kings","bat","Chennai Super Kings","Sunrisers Hyderabad",40,2,36,6.66666666666667,0,0,0,"40-49","2"
"1216543","2020-10-14",2020,"Dubai International Cricket Stadium",,"Delhi Capitals","Rajasthan Royals",1,1,"Delhi Capitals","bat","Delhi Capitals","Rajasthan Royals",47,2,36,7.83333333333333,1,1,0,"40-49","2"
"1216543","2020-10-14",2020,"Dubai International Cricket Stadium",,"Rajasthan Royals","Delhi Capitals",2,0,"Delhi Capitals","bat","Delhi Capitals","Rajasthan Royals",50,2,36,8.33333333333333,0,0,0,"50-59","2"
"1216531","2020-10-15",2020,"Sharjah Cricket Stadium",,"Royal Challengers Bengaluru","Punjab Kings",1,1,"Royal Challengers Bengaluru","bat","Punjab Kings","Royal Challengers Bengaluru",57,1,36,9.5,1,0,0,"50-59","1"
"1216531","2020-10-15",2020,"Sharjah Cricket Stadium",,"Punjab Kings","Royal Challengers Bengaluru",2,0,"Royal Challengers Bengaluru","bat","Punjab Kings","Royal Challengers Bengaluru",56,0,36,9.33333333333333,0,1,0,"50-59","0"
"1216526","2020-10-16",2020,"Sheikh Zayed Stadium","Abu Dhabi","Kolkata Knight Riders","Mumbai Indians",1,1,"Kolkata Knight Riders","bat","Mumbai Indians","Kolkata Knight Riders",33,2,36,5.5,1,0,0,"Under 40","2"
"1216526","2020-10-16",2020,"Sheikh Zayed Stadium","Abu Dhabi","Mumbai Indians","Kolkata Knight Riders",2,0,"Kolkata Knight Riders","bat","Mumbai Indians","Kolkata Knight Riders",51,0,36,8.5,0,1,0,"50-59","0"
"1216509","2020-10-17",2020,"Sharjah Cricket Stadium",,"Chennai Super Kings","Delhi Capitals",1,1,"Chennai Super Kings","bat","Delhi Capitals","Chennai Super Kings",39,1,36,6.5,1,0,0,"Under 40","1"
"1216509","2020-10-17",2020,"Sharjah Cricket Stadium",,"Delhi Capitals","Chennai Super Kings",2,0,"Chennai Super Kings","bat","Delhi Capitals","Chennai Super Kings",41,2,36,6.83333333333333,0,1,0,"40-49","2"
"1216522","2020-10-17",2020,"Dubai International Cricket Stadium",,"Rajasthan Royals","Royal Challengers Bengaluru",1,1,"Rajasthan Royals","bat","Royal Challengers Bengaluru","Rajasthan Royals",52,1,36,8.66666666666667,1,0,0,"50-59","1"
"1216522","2020-10-17",2020,"Dubai International Cricket Stadium",,"Royal Challengers Bengaluru","Rajasthan Royals",2,0,"Rajasthan Royals","bat","Royal Challengers Bengaluru","Rajasthan Royals",47,1,36,7.83333333333333,0,1,0,"40-49","1"
"1216512","2020-10-18",2020,"Sheikh Zayed Stadium","Abu Dhabi","Kolkata Knight Riders","Sunrisers Hyderabad",1,1,"Sunrisers Hyderabad","field","Kolkata Knight Riders","Sunrisers Hyderabad",48,1,36,8,0,1,1,"40-49","1"
"1216512","2020-10-18",2020,"Sheikh Zayed Stadium","Abu Dhabi","Sunrisers Hyderabad","Kolkata Knight Riders",2,0,"Sunrisers Hyderabad","field","Kolkata Knight Riders","Sunrisers Hyderabad",58,0,36,9.66666666666667,1,0,1,"50-59","0"
"1216517","2020-10-18",2020,"Dubai International Cricket Stadium",,"Mumbai Indians","Punjab Kings",1,1,"Mumbai Indians","bat","Punjab Kings","Mumbai Indians",43,3,36,7.16666666666667,1,0,0,"40-49","3+"
"1216517","2020-10-18",2020,"Dubai International Cricket Stadium",,"Punjab Kings","Mumbai Indians",2,0,"Mumbai Indians","bat","Punjab Kings","Mumbai Indians",51,1,36,8.5,0,1,0,"50-59","1"
"1216533","2020-10-19",2020,"Sheikh Zayed Stadium","Abu Dhabi","Chennai Super Kings","Rajasthan Royals",1,1,"Chennai Super Kings","bat","Rajasthan Royals","Chennai Super Kings",43,2,36,7.16666666666667,1,0,0,"40-49","2"
"1216533","2020-10-19",2020,"Sheikh Zayed Stadium","Abu Dhabi","Rajasthan Royals","Chennai Super Kings",2,0,"Chennai Super Kings","bat","Rajasthan Royals","Chennai Super Kings",31,3,36,5.16666666666667,0,1,0,"Under 40","3+"
"1216546","2020-10-20",2020,"Dubai International Cricket Stadium",,"Delhi Capitals","Punjab Kings",1,1,"Delhi Capitals","bat","Punjab Kings","Delhi Capitals",53,1,36,8.83333333333333,1,0,0,"50-59","1"
"1216546","2020-10-20",2020,"Dubai International Cricket Stadium",,"Punjab Kings","Delhi Capitals",2,0,"Delhi Capitals","bat","Punjab Kings","Delhi Capitals",57,3,36,9.5,0,1,0,"50-59","3+"
"1216494","2020-10-21",2020,"Sheikh Zayed Stadium","Abu Dhabi","Kolkata Knight Riders","Royal Challengers Bengaluru",1,1,"Kolkata Knight Riders","bat","Royal Challengers Bengaluru","Kolkata Knight Riders",17,4,36,2.83333333333333,1,0,0,"Under 40","3+"
"1216494","2020-10-21",2020,"Sheikh Zayed Stadium","Abu Dhabi","Royal Challengers Bengaluru","Kolkata Knight Riders",2,0,"Kolkata Knight Riders","bat","Royal Challengers Bengaluru","Kolkata Knight Riders",44,0,36,7.33333333333333,0,1,0,"40-49","0"
"1216518","2020-10-22",2020,"Dubai International Cricket Stadium",,"Rajasthan Royals","Sunrisers Hyderabad",1,1,"Sunrisers Hyderabad","field","Sunrisers Hyderabad","Rajasthan Royals",47,1,36,7.83333333333333,0,0,1,"40-49","1"
"1216518","2020-10-22",2020,"Dubai International Cricket Stadium",,"Sunrisers Hyderabad","Rajasthan Royals",2,0,"Sunrisers Hyderabad","field","Sunrisers Hyderabad","Rajasthan Royals",58,2,36,9.66666666666667,1,1,1,"50-59","2"
"1216521","2020-10-23",2020,"Sharjah Cricket Stadium",,"Chennai Super Kings","Mumbai Indians",1,1,"Mumbai Indians","field","Mumbai Indians","Chennai Super Kings",24,5,36,4,0,0,1,"Under 40","3+"
"1216521","2020-10-23",2020,"Sharjah Cricket Stadium",,"Mumbai Indians","Chennai Super Kings",2,0,"Mumbai Indians","field","Mumbai Indians","Chennai Super Kings",52,0,36,8.66666666666667,1,1,1,"50-59","0"
"1216497","2020-10-24",2020,"Sheikh Zayed Stadium","Abu Dhabi","Kolkata Knight Riders","Delhi Capitals",1,1,"Delhi Capitals","field","Kolkata Knight Riders","Delhi Capitals",36,2,36,6,0,1,1,"Under 40","2"
"1216497","2020-10-24",2020,"Sheikh Zayed Stadium","Abu Dhabi","Delhi Capitals","Kolkata Knight Riders",2,0,"Delhi Capitals","field","Kolkata Knight Riders","Delhi Capitals",36,2,36,6,1,0,1,"Under 40","2"
"1216498","2020-10-24",2020,"Dubai International Cricket Stadium",,"Punjab Kings","Sunrisers Hyderabad",1,1,"Sunrisers Hyderabad","field","Punjab Kings","Sunrisers Hyderabad",47,1,36,7.83333333333333,0,1,1,"40-49","1"
"1216498","2020-10-24",2020,"Dubai International Cricket Stadium",,"Sunrisers Hyderabad","Punjab Kings",2,0,"Sunrisers Hyderabad","field","Punjab Kings","Sunrisers Hyderabad",52,0,36,8.66666666666667,1,0,1,"50-59","0"
"1216541","2020-10-25",2020,"Sheikh Zayed Stadium","Abu Dhabi","Mumbai Indians","Rajasthan Royals",1,1,"Mumbai Indians","bat","Rajasthan Royals","Mumbai Indians",59,1,36,9.83333333333333,1,0,0,"50-59","1"
"1216541","2020-10-25",2020,"Sheikh Zayed Stadium","Abu Dhabi","Rajasthan Royals","Mumbai Indians",2,0,"Mumbai Indians","bat","Rajasthan Royals","Mumbai Indians",55,2,36,9.16666666666667,0,1,0,"50-59","2"
"1216544","2020-10-25",2020,"Dubai International Cricket Stadium",,"Royal Challengers Bengaluru","Chennai Super Kings",1,1,"Royal Challengers Bengaluru","bat","Chennai Super Kings","Royal Challengers Bengaluru",46,1,36,7.66666666666667,1,0,0,"40-49","1"
"1216544","2020-10-25",2020,"Dubai International Cricket Stadium",,"Chennai Super Kings","Royal Challengers Bengaluru",2,0,"Royal Challengers Bengaluru","bat","Chennai Super Kings","Royal Challengers Bengaluru",48,1,36,8,0,1,0,"40-49","1"
"1216520","2020-10-26",2020,"Sharjah Cricket Stadium",,"Kolkata Knight Riders","Punjab Kings",1,1,"Punjab Kings","field","Punjab Kings","Kolkata Knight Riders",54,3,36,9,0,0,1,"50-59","3+"
"1216520","2020-10-26",2020,"Sharjah Cricket Stadium",,"Punjab Kings","Kolkata Knight Riders",2,0,"Punjab Kings","field","Punjab Kings","Kolkata Knight Riders",36,0,36,6,1,1,1,"Under 40","0"
"1216524","2020-10-27",2020,"Dubai International Cricket Stadium",,"Sunrisers Hyderabad","Delhi Capitals",1,1,"Delhi Capitals","field","Sunrisers Hyderabad","Delhi Capitals",77,0,36,12.8333333333333,0,1,1,"60+","0"
"1216524","2020-10-27",2020,"Dubai International Cricket Stadium",,"Delhi Capitals","Sunrisers Hyderabad",2,0,"Delhi Capitals","field","Sunrisers Hyderabad","Delhi Capitals",54,2,36,9,1,0,1,"50-59","2"
"1216499","2020-10-28",2020,"Sheikh Zayed Stadium","Abu Dhabi","Royal Challengers Bengaluru","Mumbai Indians",1,1,"Mumbai Indians","field","Mumbai Indians","Royal Challengers Bengaluru",54,0,36,9,0,0,1,"50-59","0"
"1216499","2020-10-28",2020,"Sheikh Zayed Stadium","Abu Dhabi","Mumbai Indians","Royal Challengers Bengaluru",2,0,"Mumbai Indians","field","Mumbai Indians","Royal Challengers Bengaluru",45,1,36,7.5,1,1,1,"40-49","1"
"1216536","2020-10-29",2020,"Dubai International Cricket Stadium",,"Kolkata Knight Riders","Chennai Super Kings",1,1,"Chennai Super Kings","field","Chennai Super Kings","Kolkata Knight Riders",48,0,36,8,0,0,1,"40-49","0"
"1216536","2020-10-29",2020,"Dubai International Cricket Stadium",,"Chennai Super Kings","Kolkata Knight Riders",2,0,"Chennai Super Kings","field","Chennai Super Kings","Kolkata Knight Riders",44,0,36,7.33333333333333,1,1,1,"40-49","0"
"1216537","2020-10-30",2020,"Sheikh Zayed Stadium","Abu Dhabi","Punjab Kings","Rajasthan Royals",1,1,"Rajasthan Royals","field","Rajasthan Royals","Punjab Kings",53,1,36,8.83333333333333,0,0,1,"50-59","1"
"1216537","2020-10-30",2020,"Sheikh Zayed Stadium","Abu Dhabi","Rajasthan Royals","Punjab Kings",2,0,"Rajasthan Royals","field","Rajasthan Royals","Punjab Kings",66,1,36,11,1,1,1,"60+","1"
"1216502","2020-10-31",2020,"Sharjah Cricket Stadium",,"Royal Challengers Bengaluru","Sunrisers Hyderabad",1,1,"Sunrisers Hyderabad","field","Sunrisers Hyderabad","Royal Challengers Bengaluru",30,2,36,5,0,0,1,"Under 40","2"
"1216502","2020-10-31",2020,"Sharjah Cricket Stadium",,"Sunrisers Hyderabad","Royal Challengers Bengaluru",2,0,"Sunrisers Hyderabad","field","Sunrisers Hyderabad","Royal Challengers Bengaluru",58,1,36,9.66666666666667,1,1,1,"50-59","1"
"1216535","2020-10-31",2020,"Dubai International Cricket Stadium",,"Delhi Capitals","Mumbai Indians",1,1,"Mumbai Indians","field","Mumbai Indians","Delhi Capitals",22,2,36,3.66666666666667,0,0,1,"Under 40","2"
"1216535","2020-10-31",2020,"Dubai International Cricket Stadium",,"Mumbai Indians","Delhi Capitals",2,0,"Mumbai Indians","field","Mumbai Indians","Delhi Capitals",38,0,36,6.33333333333333,1,1,1,"Under 40","0"
"1216506","2020-11-01",2020,"Sheikh Zayed Stadium","Abu Dhabi","Punjab Kings","Chennai Super Kings",1,1,"Chennai Super Kings","field","Chennai Super Kings","Punjab Kings",53,1,36,8.83333333333333,0,0,1,"50-59","1"
"1216506","2020-11-01",2020,"Sheikh Zayed Stadium","Abu Dhabi","Chennai Super Kings","Punjab Kings",2,0,"Chennai Super Kings","field","Chennai Super Kings","Punjab Kings",57,0,36,9.5,1,1,1,"50-59","0"
"1216530","2020-11-01",2020,"Dubai International Cricket Stadium",,"Kolkata Knight Riders","Rajasthan Royals",1,1,"Rajasthan Royals","field","Kolkata Knight Riders","Rajasthan Royals",55,1,36,9.16666666666667,0,1,1,"50-59","1"
"1216530","2020-11-01",2020,"Dubai International Cricket Stadium",,"Rajasthan Royals","Kolkata Knight Riders",2,0,"Rajasthan Royals","field","Kolkata Knight Riders","Rajasthan Royals",41,5,36,6.83333333333333,1,0,1,"40-49","3+"
"1216505","2020-11-02",2020,"Sheikh Zayed Stadium","Abu Dhabi","Royal Challengers Bengaluru","Delhi Capitals",1,1,"Delhi Capitals","field","Delhi Capitals","Royal Challengers Bengaluru",40,1,36,6.66666666666667,0,0,1,"40-49","1"
"1216505","2020-11-02",2020,"Sheikh Zayed Stadium","Abu Dhabi","Delhi Capitals","Royal Challengers Bengaluru",2,0,"Delhi Capitals","field","Delhi Capitals","Royal Challengers Bengaluru",53,1,36,8.83333333333333,1,1,1,"50-59","1"
"1216495","2020-11-03",2020,"Sharjah Cricket Stadium",,"Mumbai Indians","Sunrisers Hyderabad",1,1,"Sunrisers Hyderabad","field","Sunrisers Hyderabad","Mumbai Indians",48,2,36,8,0,0,1,"40-49","2"
"1216495","2020-11-03",2020,"Sharjah Cricket Stadium",,"Sunrisers Hyderabad","Mumbai Indians",2,0,"Sunrisers Hyderabad","field","Sunrisers Hyderabad","Mumbai Indians",56,0,36,9.33333333333333,1,1,1,"50-59","0"
"1237177","2020-11-05",2020,"Dubai International Cricket Stadium",,"Mumbai Indians","Delhi Capitals",1,1,"Delhi Capitals","field","Mumbai Indians","Delhi Capitals",63,1,36,10.5,0,1,1,"60+","1"
"1237177","2020-11-05",2020,"Dubai International Cricket Stadium",,"Delhi Capitals","Mumbai Indians",2,0,"Delhi Capitals","field","Mumbai Indians","Delhi Capitals",32,4,36,5.33333333333333,1,0,1,"Under 40","3+"
"1237178","2020-11-06",2020,"Sheikh Zayed Stadium","Abu Dhabi","Royal Challengers Bengaluru","Sunrisers Hyderabad",1,1,"Sunrisers Hyderabad","field","Sunrisers Hyderabad","Royal Challengers Bengaluru",32,2,36,5.33333333333333,0,0,1,"Under 40","2"
"1237178","2020-11-06",2020,"Sheikh Zayed Stadium","Abu Dhabi","Sunrisers Hyderabad","Royal Challengers Bengaluru",2,0,"Sunrisers Hyderabad","field","Sunrisers Hyderabad","Royal Challengers Bengaluru",48,2,36,8,1,1,1,"40-49","2"
"1237180","2020-11-08",2020,"Sheikh Zayed Stadium","Abu Dhabi","Delhi Capitals","Sunrisers Hyderabad",1,1,"Delhi Capitals","bat","Delhi Capitals","Sunrisers Hyderabad",65,0,36,10.8333333333333,1,1,0,"60+","0"
"1237180","2020-11-08",2020,"Sheikh Zayed Stadium","Abu Dhabi","Sunrisers Hyderabad","Delhi Capitals",2,0,"Delhi Capitals","bat","Delhi Capitals","Sunrisers Hyderabad",49,3,36,8.16666666666667,0,0,0,"40-49","3+"
"1237181","2020-11-10",2020,"Dubai International Cricket Stadium",,"Delhi Capitals","Mumbai Indians",1,1,"Delhi Capitals","bat","Mumbai Indians","Delhi Capitals",41,3,36,6.83333333333333,1,0,0,"40-49","3+"
"1237181","2020-11-10",2020,"Dubai International Cricket Stadium",,"Mumbai Indians","Delhi Capitals",2,0,"Delhi Capitals","bat","Mumbai Indians","Delhi Capitals",61,1,36,10.1666666666667,0,1,0,"60+","1"
"1254058","2021-04-09",2021,"MA Chidambaram Stadium, Chepauk, Chennai","Chennai","Mumbai Indians","Royal Challengers Bengaluru",1,1,"Royal Challengers Bengaluru","field","Royal Challengers Bengaluru","Mumbai Indians",41,1,36,6.83333333333333,0,0,1,"40-49","1"
"1254058","2021-04-09",2021,"MA Chidambaram Stadium, Chepauk, Chennai","Chennai","Royal Challengers Bengaluru","Mumbai Indians",2,0,"Royal Challengers Bengaluru","field","Royal Challengers Bengaluru","Mumbai Indians",46,2,36,7.66666666666667,1,1,1,"40-49","2"
"1254059","2021-04-10",2021,"Wankhede Stadium, Mumbai","Mumbai","Chennai Super Kings","Delhi Capitals",1,1,"Delhi Capitals","field","Delhi Capitals","Chennai Super Kings",33,2,36,5.5,0,0,1,"Under 40","2"
"1254059","2021-04-10",2021,"Wankhede Stadium, Mumbai","Mumbai","Delhi Capitals","Chennai Super Kings",2,0,"Delhi Capitals","field","Delhi Capitals","Chennai Super Kings",65,0,36,10.8333333333333,1,1,1,"60+","0"
"1254060","2021-04-11",2021,"MA Chidambaram Stadium, Chepauk, Chennai","Chennai","Kolkata Knight Riders","Sunrisers Hyderabad",1,1,"Sunrisers Hyderabad","field","Kolkata Knight Riders","Sunrisers Hyderabad",50,0,36,8.33333333333333,0,1,1,"50-59","0"
"1254060","2021-04-11",2021,"MA Chidambaram Stadium, Chepauk, Chennai","Chennai","Sunrisers Hyderabad","Kolkata Knight Riders",2,0,"Sunrisers Hyderabad","field","Kolkata Knight Riders","Sunrisers Hyderabad",35,2,36,5.83333333333333,1,0,1,"Under 40","2"
"1254061","2021-04-12",2021,"Wankhede Stadium, Mumbai","Mumbai","Punjab Kings","Rajasthan Royals",1,1,"Rajasthan Royals","field","Punjab Kings","Rajasthan Royals",46,1,36,7.66666666666667,0,1,1,"40-49","1"
"1254061","2021-04-12",2021,"Wankhede Stadium, Mumbai","Mumbai","Rajasthan Royals","Punjab Kings",2,0,"Rajasthan Royals","field","Punjab Kings","Rajasthan Royals",59,2,36,9.83333333333333,1,0,1,"50-59","2"
"1254062","2021-04-13",2021,"MA Chidambaram Stadium, Chepauk, Chennai","Chennai","Mumbai Indians","Kolkata Knight Riders",1,1,"Kolkata Knight Riders","field","Mumbai Indians","Kolkata Knight Riders",42,1,36,7,0,1,1,"40-49","1"
"1254062","2021-04-13",2021,"MA Chidambaram Stadium, Chepauk, Chennai","Chennai","Kolkata Knight Riders","Mumbai Indians",2,0,"Kolkata Knight Riders","field","Mumbai Indians","Kolkata Knight Riders",45,0,36,7.5,1,0,1,"40-49","0"
"1254063","2021-04-14",2021,"MA Chidambaram Stadium, Chepauk, Chennai","Chennai","Royal Challengers Bengaluru","Sunrisers Hyderabad",1,1,"Sunrisers Hyderabad","field","Royal Challengers Bengaluru","Sunrisers Hyderabad",47,1,36,7.83333333333333,0,1,1,"40-49","1"
"1254063","2021-04-14",2021,"MA Chidambaram Stadium, Chepauk, Chennai","Chennai","Sunrisers Hyderabad","Royal Challengers Bengaluru",2,0,"Sunrisers Hyderabad","field","Royal Challengers Bengaluru","Sunrisers Hyderabad",50,1,36,8.33333333333333,1,0,1,"50-59","1"
"1254064","2021-04-15",2021,"Wankhede Stadium, Mumbai","Mumbai","Delhi Capitals","Rajasthan Royals",1,1,"Rajasthan Royals","field","Rajasthan Royals","Delhi Capitals",36,3,36,6,0,0,1,"Under 40","3+"
"1254064","2021-04-15",2021,"Wankhede Stadium, Mumbai","Mumbai","Rajasthan Royals","Delhi Capitals",2,0,"Rajasthan Royals","field","Rajasthan Royals","Delhi Capitals",26,3,36,4.33333333333333,1,1,1,"Under 40","3+"
"1254065","2021-04-16",2021,"Wankhede Stadium, Mumbai","Mumbai","Punjab Kings","Chennai Super Kings",1,1,"Chennai Super Kings","field","Chennai Super Kings","Punjab Kings",26,4,36,4.33333333333333,0,0,1,"Under 40","3+"
"1254065","2021-04-16",2021,"Wankhede Stadium, Mumbai","Mumbai","Chennai Super Kings","Punjab Kings",2,0,"Chennai Super Kings","field","Chennai Super Kings","Punjab Kings",32,1,36,5.33333333333333,1,1,1,"Under 40","1"
"1254066","2021-04-17",2021,"MA Chidambaram Stadium, Chepauk, Chennai","Chennai","Mumbai Indians","Sunrisers Hyderabad",1,1,"Mumbai Indians","bat","Mumbai Indians","Sunrisers Hyderabad",53,0,36,8.83333333333333,1,1,0,"50-59","0"
"1254066","2021-04-17",2021,"MA Chidambaram Stadium, Chepauk, Chennai","Chennai","Sunrisers Hyderabad","Mumbai Indians",2,0,"Mumbai Indians","bat","Mumbai Indians","Sunrisers Hyderabad",57,0,36,9.5,0,0,0,"50-59","0"
"1254067","2021-04-18",2021,"MA Chidambaram Stadium, Chepauk, Chennai","Chennai","Royal Challengers Bengaluru","Kolkata Knight Riders",1,1,"Royal Challengers Bengaluru","bat","Royal Challengers Bengaluru","Kolkata Knight Riders",45,2,36,7.5,1,1,0,"40-49","2"
"1254067","2021-04-18",2021,"MA Chidambaram Stadium, Chepauk, Chennai","Chennai","Kolkata Knight Riders","Royal Challengers Bengaluru",2,0,"Royal Challengers Bengaluru","bat","Royal Challengers Bengaluru","Kolkata Knight Riders",57,2,36,9.5,0,0,0,"50-59","2"
"1254068","2021-04-18",2021,"Wankhede Stadium, Mumbai","Mumbai","Punjab Kings","Delhi Capitals",1,1,"Delhi Capitals","field","Delhi Capitals","Punjab Kings",59,0,36,9.83333333333333,0,0,1,"50-59","0"
"1254068","2021-04-18",2021,"Wankhede Stadium, Mumbai","Mumbai","Delhi Capitals","Punjab Kings",2,0,"Delhi Capitals","field","Delhi Capitals","Punjab Kings",62,1,36,10.3333333333333,1,1,1,"60+","1"
"1254069","2021-04-19",2021,"Wankhede Stadium, Mumbai","Mumbai","Chennai Super Kings","Rajasthan Royals",1,1,"Rajasthan Royals","field","Chennai Super Kings","Rajasthan Royals",46,2,36,7.66666666666667,0,1,1,"40-49","2"
"1254069","2021-04-19",2021,"Wankhede Stadium, Mumbai","Mumbai","Rajasthan Royals","Chennai Super Kings",2,0,"Rajasthan Royals","field","Chennai Super Kings","Rajasthan Royals",45,2,36,7.5,1,0,1,"40-49","2"
"1254070","2021-04-20",2021,"MA Chidambaram Stadium, Chepauk, Chennai","Chennai","Mumbai Indians","Delhi Capitals",1,1,"Mumbai Indians","bat","Delhi Capitals","Mumbai Indians",55,1,36,9.16666666666667,1,0,0,"50-59","1"
"1254070","2021-04-20",2021,"MA Chidambaram Stadium, Chepauk, Chennai","Chennai","Delhi Capitals","Mumbai Indians",2,0,"Mumbai Indians","bat","Delhi Capitals","Mumbai Indians",39,1,36,6.5,0,1,0,"Under 40","1"
"1254071","2021-04-21",2021,"MA Chidambaram Stadium, Chepauk, Chennai","Chennai","Punjab Kings","Sunrisers Hyderabad",1,1,"Punjab Kings","bat","Sunrisers Hyderabad","Punjab Kings",32,1,36,5.33333333333333,1,0,0,"Under 40","1"
"1254071","2021-04-21",2021,"MA Chidambaram Stadium, Chepauk, Chennai","Chennai","Sunrisers Hyderabad","Punjab Kings",2,0,"Punjab Kings","bat","Sunrisers Hyderabad","Punjab Kings",50,0,36,8.33333333333333,0,1,0,"50-59","0"
"1254072","2021-04-21",2021,"Wankhede Stadium, Mumbai","Mumbai","Chennai Super Kings","Kolkata Knight Riders",1,1,"Kolkata Knight Riders","field","Chennai Super Kings","Kolkata Knight Riders",54,0,36,9,0,1,1,"50-59","0"
"1254072","2021-04-21",2021,"Wankhede Stadium, Mumbai","Mumbai","Kolkata Knight Riders","Chennai Super Kings",2,0,"Kolkata Knight Riders","field","Chennai Super Kings","Kolkata Knight Riders",45,5,36,7.5,1,0,1,"40-49","3+"
"1254073","2021-04-22",2021,"Wankhede Stadium, Mumbai","Mumbai","Rajasthan Royals","Royal Challengers Bengaluru",1,1,"Royal Challengers Bengaluru","field","Royal Challengers Bengaluru","Rajasthan Royals",32,3,36,5.33333333333333,0,0,1,"Under 40","3+"
"1254073","2021-04-22",2021,"Wankhede Stadium, Mumbai","Mumbai","Royal Challengers Bengaluru","Rajasthan Royals",2,0,"Royal Challengers Bengaluru","field","Royal Challengers Bengaluru","Rajasthan Royals",59,0,36,9.83333333333333,1,1,1,"50-59","0"
"1254074","2021-04-23",2021,"MA Chidambaram Stadium, Chepauk, Chennai","Chennai","Mumbai Indians","Punjab Kings",1,1,"Punjab Kings","field","Punjab Kings","Mumbai Indians",21,1,36,3.5,0,0,1,"Under 40","1"
"1254074","2021-04-23",2021,"MA Chidambaram Stadium, Chepauk, Chennai","Chennai","Punjab Kings","Mumbai Indians",2,0,"Punjab Kings","field","Punjab Kings","Mumbai Indians",45,0,36,7.5,1,1,1,"40-49","0"
"1254075","2021-04-24",2021,"Wankhede Stadium, Mumbai","Mumbai","Kolkata Knight Riders","Rajasthan Royals",1,1,"Rajasthan Royals","field","Rajasthan Royals","Kolkata Knight Riders",25,1,36,4.16666666666667,0,0,1,"Under 40","1"
"1254075","2021-04-24",2021,"Wankhede Stadium, Mumbai","Mumbai","Rajasthan Royals","Kolkata Knight Riders",2,0,"Rajasthan Royals","field","Rajasthan Royals","Kolkata Knight Riders",50,2,36,8.33333333333333,1,1,1,"50-59","2"
"1254076","2021-04-25",2021,"Wankhede Stadium, Mumbai","Mumbai","Chennai Super Kings","Royal Challengers Bengaluru",1,1,"Chennai Super Kings","bat","Chennai Super Kings","Royal Challengers Bengaluru",51,0,36,8.5,1,1,0,"50-59","0"
"1254076","2021-04-25",2021,"Wankhede Stadium, Mumbai","Mumbai","Royal Challengers Bengaluru","Chennai Super Kings",2,0,"Chennai Super Kings","bat","Chennai Super Kings","Royal Challengers Bengaluru",65,2,36,10.8333333333333,0,0,0,"60+","2"
"1254077","2021-04-25",2021,"MA Chidambaram Stadium, Chepauk, Chennai","Chennai","Delhi Capitals","Sunrisers Hyderabad",1,1,"Delhi Capitals","bat","Delhi Capitals","Sunrisers Hyderabad",51,0,36,8.5,1,1,0,"50-59","0"
"1254077","2021-04-25",2021,"MA Chidambaram Stadium, Chepauk, Chennai","Chennai","Sunrisers Hyderabad","Delhi Capitals",2,0,"Delhi Capitals","bat","Delhi Capitals","Sunrisers Hyderabad",56,2,36,9.33333333333333,0,0,0,"50-59","2"
"1254078","2021-04-26",2021,"Narendra Modi Stadium, Ahmedabad","Ahmedabad","Punjab Kings","Kolkata Knight Riders",1,1,"Kolkata Knight Riders","field","Kolkata Knight Riders","Punjab Kings",37,1,36,6.16666666666667,0,0,1,"Under 40","1"
"1254078","2021-04-26",2021,"Narendra Modi Stadium, Ahmedabad","Ahmedabad","Kolkata Knight Riders","Punjab Kings",2,0,"Kolkata Knight Riders","field","Kolkata Knight Riders","Punjab Kings",42,3,36,7,1,1,1,"40-49","3+"
"1254079","2021-04-27",2021,"Narendra Modi Stadium, Ahmedabad","Ahmedabad","Royal Challengers Bengaluru","Delhi Capitals",1,1,"Delhi Capitals","field","Royal Challengers Bengaluru","Delhi Capitals",36,2,36,6,0,1,1,"Under 40","2"
"1254079","2021-04-27",2021,"Narendra Modi Stadium, Ahmedabad","Ahmedabad","Delhi Capitals","Royal Challengers Bengaluru",2,0,"Delhi Capitals","field","Royal Challengers Bengaluru","Delhi Capitals",43,2,36,7.16666666666667,1,0,1,"40-49","2"
"1254080","2021-04-28",2021,"Arun Jaitley Stadium, Delhi","Delhi","Sunrisers Hyderabad","Chennai Super Kings",1,1,"Sunrisers Hyderabad","bat","Chennai Super Kings","Sunrisers Hyderabad",39,1,36,6.5,1,0,0,"Under 40","1"
"1254080","2021-04-28",2021,"Arun Jaitley Stadium, Delhi","Delhi","Chennai Super Kings","Sunrisers Hyderabad",2,0,"Sunrisers Hyderabad","bat","Chennai Super Kings","Sunrisers Hyderabad",50,0,36,8.33333333333333,0,1,0,"50-59","0"
"1254081","2021-04-29",2021,"Arun Jaitley Stadium, Delhi","Delhi","Rajasthan Royals","Mumbai Indians",1,1,"Mumbai Indians","field","Mumbai Indians","Rajasthan Royals",47,0,36,7.83333333333333,0,0,1,"40-49","0"
"1254081","2021-04-29",2021,"Arun Jaitley Stadium, Delhi","Delhi","Mumbai Indians","Rajasthan Royals",2,0,"Mumbai Indians","field","Mumbai Indians","Rajasthan Royals",49,1,36,8.16666666666667,1,1,1,"40-49","1"
"1254082","2021-04-29",2021,"Narendra Modi Stadium, Ahmedabad","Ahmedabad","Kolkata Knight Riders","Delhi Capitals",1,1,"Delhi Capitals","field","Delhi Capitals","Kolkata Knight Riders",45,1,36,7.5,0,0,1,"40-49","1"
"1254082","2021-04-29",2021,"Narendra Modi Stadium, Ahmedabad","Ahmedabad","Delhi Capitals","Kolkata Knight Riders",2,0,"Delhi Capitals","field","Delhi Capitals","Kolkata Knight Riders",67,0,36,11.1666666666667,1,1,1,"60+","0"
"1254083","2021-04-30",2021,"Narendra Modi Stadium, Ahmedabad","Ahmedabad","Punjab Kings","Royal Challengers Bengaluru",1,1,"Royal Challengers Bengaluru","field","Punjab Kings","Royal Challengers Bengaluru",49,1,36,8.16666666666667,0,1,1,"40-49","1"
"1254083","2021-04-30",2021,"Narendra Modi Stadium, Ahmedabad","Ahmedabad","Royal Challengers Bengaluru","Punjab Kings",2,0,"Royal Challengers Bengaluru","field","Punjab Kings","Royal Challengers Bengaluru",36,1,36,6,1,0,1,"Under 40","1"
"1254084","2021-05-01",2021,"Arun Jaitley Stadium, Delhi","Delhi","Chennai Super Kings","Mumbai Indians",1,1,"Mumbai Indians","field","Mumbai Indians","Chennai Super Kings",49,1,36,8.16666666666667,0,0,1,"40-49","1"
"1254084","2021-05-01",2021,"Arun Jaitley Stadium, Delhi","Delhi","Mumbai Indians","Chennai Super Kings",2,0,"Mumbai Indians","field","Mumbai Indians","Chennai Super Kings",58,0,36,9.66666666666667,1,1,1,"50-59","0"
"1254085","2021-05-02",2021,"Arun Jaitley Stadium, Delhi","Delhi","Rajasthan Royals","Sunrisers Hyderabad",1,1,"Sunrisers Hyderabad","field","Rajasthan Royals","Sunrisers Hyderabad",42,1,36,7,0,1,1,"40-49","1"
"1254085","2021-05-02",2021,"Arun Jaitley Stadium, Delhi","Delhi","Sunrisers Hyderabad","Rajasthan Royals",2,0,"Sunrisers Hyderabad","field","Rajasthan Royals","Sunrisers Hyderabad",57,0,36,9.5,1,0,1,"50-59","0"
"1254086","2021-05-02",2021,"Narendra Modi Stadium, Ahmedabad","Ahmedabad","Punjab Kings","Delhi Capitals",1,1,"Delhi Capitals","field","Delhi Capitals","Punjab Kings",39,2,36,6.5,0,0,1,"Under 40","2"
"1254086","2021-05-02",2021,"Narendra Modi Stadium, Ahmedabad","Ahmedabad","Delhi Capitals","Punjab Kings",2,0,"Delhi Capitals","field","Delhi Capitals","Punjab Kings",63,0,36,10.5,1,1,1,"60+","0"
"1254104","2021-09-19",2021,"Dubai International Cricket Stadium","Dubai","Chennai Super Kings","Mumbai Indians",1,1,"Chennai Super Kings","bat","Chennai Super Kings","Mumbai Indians",24,4,36,4,1,1,0,"Under 40","3+"
"1254104","2021-09-19",2021,"Dubai International Cricket Stadium","Dubai","Mumbai Indians","Chennai Super Kings",2,0,"Chennai Super Kings","bat","Chennai Super Kings","Mumbai Indians",41,3,36,6.83333333333333,0,0,0,"40-49","3+"
"1254087","2021-09-20",2021,"Zayed Cricket Stadium, Abu Dhabi","Abu Dhabi","Royal Challengers Bengaluru","Kolkata Knight Riders",1,1,"Royal Challengers Bengaluru","bat","Kolkata Knight Riders","Royal Challengers Bengaluru",41,2,36,6.83333333333333,1,0,0,"40-49","2"
"1254087","2021-09-20",2021,"Zayed Cricket Stadium, Abu Dhabi","Abu Dhabi","Kolkata Knight Riders","Royal Challengers Bengaluru",2,0,"Royal Challengers Bengaluru","bat","Kolkata Knight Riders","Royal Challengers Bengaluru",56,0,36,9.33333333333333,0,1,0,"50-59","0"
"1254111","2021-09-21",2021,"Dubai International Cricket Stadium","Dubai","Rajasthan Royals","Punjab Kings",1,1,"Punjab Kings","field","Rajasthan Royals","Punjab Kings",57,1,36,9.5,0,1,1,"50-59","1"
"1254111","2021-09-21",2021,"Dubai International Cricket Stadium","Dubai","Punjab Kings","Rajasthan Royals",2,0,"Punjab Kings","field","Rajasthan Royals","Punjab Kings",49,0,36,8.16666666666667,1,0,1,"40-49","0"
"1254105","2021-09-22",2021,"Dubai International Cricket Stadium","Dubai","Sunrisers Hyderabad","Delhi Capitals",1,1,"Sunrisers Hyderabad","bat","Delhi Capitals","Sunrisers Hyderabad",32,2,36,5.33333333333333,1,0,0,"Under 40","2"
"1254105","2021-09-22",2021,"Dubai International Cricket Stadium","Dubai","Delhi Capitals","Sunrisers Hyderabad",2,0,"Sunrisers Hyderabad","bat","Delhi Capitals","Sunrisers Hyderabad",39,1,36,6.5,0,1,0,"Under 40","1"
"1254096","2021-09-23",2021,"Zayed Cricket Stadium, Abu Dhabi","Abu Dhabi","Mumbai Indians","Kolkata Knight Riders",1,1,"Kolkata Knight Riders","field","Kolkata Knight Riders","Mumbai Indians",56,0,36,9.33333333333333,0,0,1,"50-59","0"
"1254096","2021-09-23",2021,"Zayed Cricket Stadium, Abu Dhabi","Abu Dhabi","Kolkata Knight Riders","Mumbai Indians",2,0,"Kolkata Knight Riders","field","Kolkata Knight Riders","Mumbai Indians",63,1,36,10.5,1,1,1,"60+","1"
"1254113","2021-09-24",2021,"Sharjah Cricket Stadium","Sharjah","Royal Challengers Bengaluru","Chennai Super Kings",1,1,"Chennai Super Kings","field","Chennai Super Kings","Royal Challengers Bengaluru",55,0,36,9.16666666666667,0,0,1,"50-59","0"
"1254113","2021-09-24",2021,"Sharjah Cricket Stadium","Sharjah","Chennai Super Kings","Royal Challengers Bengaluru",2,0,"Chennai Super Kings","field","Chennai Super Kings","Royal Challengers Bengaluru",59,0,36,9.83333333333333,1,1,1,"50-59","0"
"1254097","2021-09-25",2021,"Zayed Cricket Stadium, Abu Dhabi","Abu Dhabi","Delhi Capitals","Rajasthan Royals",1,1,"Rajasthan Royals","field","Delhi Capitals","Rajasthan Royals",36,2,36,6,0,1,1,"Under 40","2"
"1254097","2021-09-25",2021,"Zayed Cricket Stadium, Abu Dhabi","Abu Dhabi","Rajasthan Royals","Delhi Capitals",2,0,"Rajasthan Royals","field","Delhi Capitals","Rajasthan Royals",21,3,36,3.5,1,0,1,"Under 40","3+"
"1254107","2021-09-25",2021,"Sharjah Cricket Stadium","Sharjah","Punjab Kings","Sunrisers Hyderabad",1,1,"Sunrisers Hyderabad","field","Punjab Kings","Sunrisers Hyderabad",29,2,36,4.83333333333333,0,1,1,"Under 40","2"
"1254107","2021-09-25",2021,"Sharjah Cricket Stadium","Sharjah","Sunrisers Hyderabad","Punjab Kings",2,0,"Sunrisers Hyderabad","field","Punjab Kings","Sunrisers Hyderabad",20,2,36,3.33333333333333,1,0,1,"Under 40","2"
"1254098","2021-09-26",2021,"Zayed Cricket Stadium, Abu Dhabi","Abu Dhabi","Kolkata Knight Riders","Chennai Super Kings",1,1,"Kolkata Knight Riders","bat","Chennai Super Kings","Kolkata Knight Riders",50,2,36,8.33333333333333,1,0,0,"50-59","2"
"1254098","2021-09-26",2021,"Zayed Cricket Stadium, Abu Dhabi","Abu Dhabi","Chennai Super Kings","Kolkata Knight Riders",2,0,"Kolkata Knight Riders","bat","Chennai Super Kings","Kolkata Knight Riders",52,0,36,8.66666666666667,0,1,0,"50-59","0"
"1254108","2021-09-26",2021,"Dubai International Cricket Stadium","Dubai","Royal Challengers Bengaluru","Mumbai Indians",1,1,"Mumbai Indians","field","Royal Challengers Bengaluru","Mumbai Indians",48,1,36,8,0,1,1,"40-49","1"
"1254108","2021-09-26",2021,"Dubai International Cricket Stadium","Dubai","Mumbai Indians","Royal Challengers Bengaluru",2,0,"Mumbai Indians","field","Royal Challengers Bengaluru","Mumbai Indians",56,0,36,9.33333333333333,1,0,1,"50-59","0"
"1254100","2021-09-27",2021,"Dubai International Cricket Stadium","Dubai","Rajasthan Royals","Sunrisers Hyderabad",1,1,"Rajasthan Royals","bat","Sunrisers Hyderabad","Rajasthan Royals",49,1,36,8.16666666666667,1,0,0,"40-49","1"
"1254100","2021-09-27",2021,"Dubai International Cricket Stadium","Dubai","Sunrisers Hyderabad","Rajasthan Royals",2,0,"Rajasthan Royals","bat","Sunrisers Hyderabad","Rajasthan Royals",63,1,36,10.5,0,1,0,"60+","1"
"1254092","2021-09-28",2021,"Sharjah Cricket Stadium","Sharjah","Delhi Capitals","Kolkata Knight Riders",1,1,"Kolkata Knight Riders","field","Kolkata Knight Riders","Delhi Capitals",39,1,36,6.5,0,0,1,"Under 40","1"
"1254092","2021-09-28",2021,"Sharjah Cricket Stadium","Sharjah","Kolkata Knight Riders","Delhi Capitals",2,0,"Kolkata Knight Riders","field","Kolkata Knight Riders","Delhi Capitals",44,2,36,7.33333333333333,1,1,1,"40-49","2"
"1254099","2021-09-28",2021,"Zayed Cricket Stadium, Abu Dhabi","Abu Dhabi","Punjab Kings","Mumbai Indians",1,1,"Mumbai Indians","field","Mumbai Indians","Punjab Kings",38,1,36,6.33333333333333,0,0,1,"Under 40","1"
"1254099","2021-09-28",2021,"Zayed Cricket Stadium, Abu Dhabi","Abu Dhabi","Mumbai Indians","Punjab Kings",2,0,"Mumbai Indians","field","Mumbai Indians","Punjab Kings",30,2,36,5,1,1,1,"Under 40","2"
"1254103","2021-09-29",2021,"Dubai International Cricket Stadium","Dubai","Rajasthan Royals","Royal Challengers Bengaluru",1,1,"Royal Challengers Bengaluru","field","Royal Challengers Bengaluru","Rajasthan Royals",56,0,36,9.33333333333333,0,0,1,"50-59","0"
"1254103","2021-09-29",2021,"Dubai International Cricket Stadium","Dubai","Royal Challengers Bengaluru","Rajasthan Royals",2,0,"Royal Challengers Bengaluru","field","Royal Challengers Bengaluru","Rajasthan Royals",54,1,36,9,1,1,1,"50-59","1"
"1254091","2021-09-30",2021,"Sharjah Cricket Stadium","Sharjah","Sunrisers Hyderabad","Chennai Super Kings",1,1,"Chennai Super Kings","field","Chennai Super Kings","Sunrisers Hyderabad",41,1,36,6.83333333333333,0,0,1,"40-49","1"
"1254091","2021-09-30",2021,"Sharjah Cricket Stadium","Sharjah","Chennai Super Kings","Sunrisers Hyderabad",2,0,"Chennai Super Kings","field","Chennai Super Kings","Sunrisers Hyderabad",47,0,36,7.83333333333333,1,1,1,"40-49","0"
"1254102","2021-10-01",2021,"Dubai International Cricket Stadium","Dubai","Kolkata Knight Riders","Punjab Kings",1,1,"Punjab Kings","field","Punjab Kings","Kolkata Knight Riders",48,1,36,8,0,0,1,"40-49","1"
"1254102","2021-10-01",2021,"Dubai International Cricket Stadium","Dubai","Punjab Kings","Kolkata Knight Riders",2,0,"Punjab Kings","field","Punjab Kings","Kolkata Knight Riders",46,0,36,7.66666666666667,1,1,1,"40-49","0"
"1254089","2021-10-02",2021,"Zayed Cricket Stadium, Abu Dhabi","Abu Dhabi","Chennai Super Kings","Rajasthan Royals",1,1,"Rajasthan Royals","field","Rajasthan Royals","Chennai Super Kings",44,0,36,7.33333333333333,0,0,1,"40-49","0"
"1254089","2021-10-02",2021,"Zayed Cricket Stadium, Abu Dhabi","Abu Dhabi","Rajasthan Royals","Chennai Super Kings",2,0,"Rajasthan Royals","field","Rajasthan Royals","Chennai Super Kings",81,1,36,13.5,1,1,1,"60+","1"
"1254112","2021-10-02",2021,"Sharjah Cricket Stadium","Sharjah","Mumbai Indians","Delhi Capitals",1,1,"Delhi Capitals","field","Delhi Capitals","Mumbai Indians",35,1,36,5.83333333333333,0,0,1,"Under 40","1"
"1254112","2021-10-02",2021,"Sharjah Cricket Stadium","Sharjah","Delhi Capitals","Mumbai Indians",2,0,"Delhi Capitals","field","Delhi Capitals","Mumbai Indians",46,3,36,7.66666666666667,1,1,1,"40-49","3+"
"1254090","2021-10-03",2021,"Sharjah Cricket Stadium","Sharjah","Royal Challengers Bengaluru","Punjab Kings",1,1,"Royal Challengers Bengaluru","bat","Royal Challengers Bengaluru","Punjab Kings",55,0,36,9.16666666666667,1,1,0,"50-59","0"
"1254090","2021-10-03",2021,"Sharjah Cricket Stadium","Sharjah","Punjab Kings","Royal Challengers Bengaluru",2,0,"Royal Challengers Bengaluru","bat","Royal Challengers Bengaluru","Punjab Kings",49,0,36,8.16666666666667,0,0,0,"40-49","0"
"1254109","2021-10-03",2021,"Dubai International Cricket Stadium","Dubai","Sunrisers Hyderabad","Kolkata Knight Riders",1,1,"Sunrisers Hyderabad","bat","Kolkata Knight Riders","Sunrisers Hyderabad",35,2,36,5.83333333333333,1,0,0,"Under 40","2"
"1254109","2021-10-03",2021,"Dubai International Cricket Stadium","Dubai","Kolkata Knight Riders","Sunrisers Hyderabad",2,0,"Sunrisers Hyderabad","bat","Kolkata Knight Riders","Sunrisers Hyderabad",36,1,36,6,0,1,0,"Under 40","1"
"1254110","2021-10-04",2021,"Dubai International Cricket Stadium","Dubai","Chennai Super Kings","Delhi Capitals",1,1,"Delhi Capitals","field","Delhi Capitals","Chennai Super Kings",48,2,36,8,0,0,1,"40-49","2"
"1254110","2021-10-04",2021,"Dubai International Cricket Stadium","Dubai","Delhi Capitals","Chennai Super Kings",2,0,"Delhi Capitals","field","Delhi Capitals","Chennai Super Kings",51,2,36,8.5,1,1,1,"50-59","2"
"1254093","2021-10-05",2021,"Sharjah Cricket Stadium","Sharjah","Rajasthan Royals","Mumbai Indians",1,1,"Mumbai Indians","field","Mumbai Indians","Rajasthan Royals",41,2,36,6.83333333333333,0,0,1,"40-49","2"
"1254093","2021-10-05",2021,"Sharjah Cricket Stadium","Sharjah","Mumbai Indians","Rajasthan Royals",2,0,"Mumbai Indians","field","Mumbai Indians","Rajasthan Royals",56,2,36,9.33333333333333,1,1,1,"50-59","2"
"1254095","2021-10-06",2021,"Zayed Cricket Stadium, Abu Dhabi","Abu Dhabi","Sunrisers Hyderabad","Royal Challengers Bengaluru",1,1,"Royal Challengers Bengaluru","field","Sunrisers Hyderabad","Royal Challengers Bengaluru",50,1,36,8.33333333333333,0,1,1,"50-59","1"
"1254095","2021-10-06",2021,"Zayed Cricket Stadium, Abu Dhabi","Abu Dhabi","Royal Challengers Bengaluru","Sunrisers Hyderabad",2,0,"Royal Challengers Bengaluru","field","Sunrisers Hyderabad","Royal Challengers Bengaluru",37,2,36,6.16666666666667,1,0,1,"Under 40","2"
"1254094","2021-10-07",2021,"Dubai International Cricket Stadium","Dubai","Chennai Super Kings","Punjab Kings",1,1,"Punjab Kings","field","Punjab Kings","Chennai Super Kings",30,2,36,5,0,0,1,"Under 40","2"
"1254094","2021-10-07",2021,"Dubai International Cricket Stadium","Dubai","Punjab Kings","Chennai Super Kings",2,0,"Punjab Kings","field","Punjab Kings","Chennai Super Kings",51,2,36,8.5,1,1,1,"50-59","2"
"1254106","2021-10-07",2021,"Sharjah Cricket Stadium","Sharjah","Kolkata Knight Riders","Rajasthan Royals",1,1,"Rajasthan Royals","field","Kolkata Knight Riders","Rajasthan Royals",34,0,36,5.66666666666667,0,1,1,"Under 40","0"
"1254106","2021-10-07",2021,"Sharjah Cricket Stadium","Sharjah","Rajasthan Royals","Kolkata Knight Riders",2,0,"Rajasthan Royals","field","Kolkata Knight Riders","Rajasthan Royals",17,4,36,2.83333333333333,1,0,1,"Under 40","3+"
"1254088","2021-10-08",2021,"Zayed Cricket Stadium, Abu Dhabi","Abu Dhabi","Mumbai Indians","Sunrisers Hyderabad",1,1,"Mumbai Indians","bat","Mumbai Indians","Sunrisers Hyderabad",83,1,36,13.8333333333333,1,1,0,"60+","1"
"1254088","2021-10-08",2021,"Zayed Cricket Stadium, Abu Dhabi","Abu Dhabi","Sunrisers Hyderabad","Mumbai Indians",2,0,"Mumbai Indians","bat","Mumbai Indians","Sunrisers Hyderabad",70,1,36,11.6666666666667,0,0,0,"60+","1"
"1254101","2021-10-08",2021,"Dubai International Cricket Stadium","Dubai","Delhi Capitals","Royal Challengers Bengaluru",1,1,"Royal Challengers Bengaluru","field","Royal Challengers Bengaluru","Delhi Capitals",55,0,36,9.16666666666667,0,0,1,"50-59","0"
"1254101","2021-10-08",2021,"Dubai International Cricket Stadium","Dubai","Royal Challengers Bengaluru","Delhi Capitals",2,0,"Royal Challengers Bengaluru","field","Royal Challengers Bengaluru","Delhi Capitals",29,2,36,4.83333333333333,1,1,1,"Under 40","2"
"1254114","2021-10-10",2021,"Dubai International Cricket Stadium","Dubai","Delhi Capitals","Chennai Super Kings",1,1,"Chennai Super Kings","field","Chennai Super Kings","Delhi Capitals",51,2,36,8.5,0,0,1,"50-59","2"
"1254114","2021-10-10",2021,"Dubai International Cricket Stadium","Dubai","Chennai Super Kings","Delhi Capitals",2,0,"Chennai Super Kings","field","Chennai Super Kings","Delhi Capitals",59,1,36,9.83333333333333,1,1,1,"50-59","1"
"1254115","2021-10-11",2021,"Sharjah Cricket Stadium","Sharjah","Royal Challengers Bengaluru","Kolkata Knight Riders",1,1,"Royal Challengers Bengaluru","bat","Kolkata Knight Riders","Royal Challengers Bengaluru",53,1,36,8.83333333333333,1,0,0,"50-59","1"
"1254115","2021-10-11",2021,"Sharjah Cricket Stadium","Sharjah","Kolkata Knight Riders","Royal Challengers Bengaluru",2,0,"Royal Challengers Bengaluru","bat","Kolkata Knight Riders","Royal Challengers Bengaluru",48,1,36,8,0,1,0,"40-49","1"
"1254116","2021-10-13",2021,"Sharjah Cricket Stadium","Sharjah","Delhi Capitals","Kolkata Knight Riders",1,1,"Kolkata Knight Riders","field","Kolkata Knight Riders","Delhi Capitals",38,1,36,6.33333333333333,0,0,1,"Under 40","1"
"1254116","2021-10-13",2021,"Sharjah Cricket Stadium","Sharjah","Kolkata Knight Riders","Delhi Capitals",2,0,"Kolkata Knight Riders","field","Kolkata Knight Riders","Delhi Capitals",51,0,36,8.5,1,1,1,"50-59","0"
"1254117","2021-10-15",2021,"Dubai International Cricket Stadium","Dubai","Chennai Super Kings","Kolkata Knight Riders",1,1,"Kolkata Knight Riders","field","Chennai Super Kings","Kolkata Knight Riders",50,0,36,8.33333333333333,0,1,1,"50-59","0"
"1254117","2021-10-15",2021,"Dubai International Cricket Stadium","Dubai","Kolkata Knight Riders","Chennai Super Kings",2,0,"Kolkata Knight Riders","field","Chennai Super Kings","Kolkata Knight Riders",55,0,36,9.16666666666667,1,0,1,"50-59","0"
"1304047","2022-03-26",2022,"Wankhede Stadium, Mumbai","Mumbai","Chennai Super Kings","Kolkata Knight Riders",1,1,"Kolkata Knight Riders","field","Kolkata Knight Riders","Chennai Super Kings",35,2,36,5.83333333333333,0,0,1,"Under 40","2"
"1304047","2022-03-26",2022,"Wankhede Stadium, Mumbai","Mumbai","Kolkata Knight Riders","Chennai Super Kings",2,0,"Kolkata Knight Riders","field","Kolkata Knight Riders","Chennai Super Kings",43,0,36,7.16666666666667,1,1,1,"40-49","0"
"1304048","2022-03-27",2022,"Brabourne Stadium, Mumbai","Mumbai","Mumbai Indians","Delhi Capitals",1,1,"Delhi Capitals","field","Delhi Capitals","Mumbai Indians",53,0,36,8.83333333333333,0,0,1,"50-59","0"
"1304048","2022-03-27",2022,"Brabourne Stadium, Mumbai","Mumbai","Delhi Capitals","Mumbai Indians",2,0,"Delhi Capitals","field","Delhi Capitals","Mumbai Indians",46,3,36,7.66666666666667,1,1,1,"40-49","3+"
"1304049","2022-03-27",2022,"Dr DY Patil Sports Academy, Mumbai","Mumbai","Royal Challengers Bengaluru","Punjab Kings",1,1,"Punjab Kings","field","Punjab Kings","Royal Challengers Bengaluru",41,0,36,6.83333333333333,0,0,1,"40-49","0"
"1304049","2022-03-27",2022,"Dr DY Patil Sports Academy, Mumbai","Mumbai","Punjab Kings","Royal Challengers Bengaluru",2,0,"Punjab Kings","field","Punjab Kings","Royal Challengers Bengaluru",63,0,36,10.5,1,1,1,"60+","0"
"1304050","2022-03-28",2022,"Wankhede Stadium, Mumbai","Mumbai","Lucknow Super Giants","Gujarat Titans",1,1,"Gujarat Titans","field","Gujarat Titans","Lucknow Super Giants",32,4,36,5.33333333333333,0,0,1,"Under 40","3+"
"1304050","2022-03-28",2022,"Wankhede Stadium, Mumbai","Mumbai","Gujarat Titans","Lucknow Super Giants",2,0,"Gujarat Titans","field","Gujarat Titans","Lucknow Super Giants",44,2,36,7.33333333333333,1,1,1,"40-49","2"
"1304051","2022-03-29",2022,"Maharashtra Cricket Association Stadium, Pune","Pune","Rajasthan Royals","Sunrisers Hyderabad",1,1,"Sunrisers Hyderabad","field","Rajasthan Royals","Sunrisers Hyderabad",58,0,36,9.66666666666667,0,1,1,"50-59","0"
"1304051","2022-03-29",2022,"Maharashtra Cricket Association Stadium, Pune","Pune","Sunrisers Hyderabad","Rajasthan Royals",2,0,"Sunrisers Hyderabad","field","Rajasthan Royals","Sunrisers Hyderabad",14,3,36,2.33333333333333,1,0,1,"Under 40","3+"
"1304052","2022-03-30",2022,"Dr DY Patil Sports Academy, Mumbai","Mumbai","Kolkata Knight Riders","Royal Challengers Bengaluru",1,1,"Royal Challengers Bengaluru","field","Royal Challengers Bengaluru","Kolkata Knight Riders",44,3,36,7.33333333333333,0,0,1,"40-49","3+"
"1304052","2022-03-30",2022,"Dr DY Patil Sports Academy, Mumbai","Mumbai","Royal Challengers Bengaluru","Kolkata Knight Riders",2,0,"Royal Challengers Bengaluru","field","Royal Challengers Bengaluru","Kolkata Knight Riders",36,3,36,6,1,1,1,"Under 40","3+"
"1304053","2022-03-31",2022,"Brabourne Stadium, Mumbai","Mumbai","Chennai Super Kings","Lucknow Super Giants",1,1,"Lucknow Super Giants","field","Lucknow Super Giants","Chennai Super Kings",73,1,36,12.1666666666667,0,0,1,"60+","1"
"1304053","2022-03-31",2022,"Brabourne Stadium, Mumbai","Mumbai","Lucknow Super Giants","Chennai Super Kings",2,0,"Lucknow Super Giants","field","Lucknow Super Giants","Chennai Super Kings",55,0,36,9.16666666666667,1,1,1,"50-59","0"
"1304054","2022-04-01",2022,"Wankhede Stadium, Mumbai","Mumbai","Punjab Kings","Kolkata Knight Riders",1,1,"Kolkata Knight Riders","field","Kolkata Knight Riders","Punjab Kings",62,3,36,10.3333333333333,0,0,1,"60+","3+"
"1304054","2022-04-01",2022,"Wankhede Stadium, Mumbai","Mumbai","Kolkata Knight Riders","Punjab Kings",2,0,"Kolkata Knight Riders","field","Kolkata Knight Riders","Punjab Kings",51,2,36,8.5,1,1,1,"50-59","2"
"1304055","2022-04-02",2022,"Dr DY Patil Sports Academy, Mumbai","Mumbai","Rajasthan Royals","Mumbai Indians",1,1,"Mumbai Indians","field","Rajasthan Royals","Mumbai Indians",48,2,36,8,0,1,1,"40-49","2"
"1304055","2022-04-02",2022,"Dr DY Patil Sports Academy, Mumbai","Mumbai","Mumbai Indians","Rajasthan Royals",2,0,"Mumbai Indians","field","Rajasthan Royals","Mumbai Indians",50,2,36,8.33333333333333,1,0,1,"50-59","2"
"1304056","2022-04-02",2022,"Maharashtra Cricket Association Stadium, Pune","Pune","Gujarat Titans","Delhi Capitals",1,1,"Delhi Capitals","field","Gujarat Titans","Delhi Capitals",44,1,36,7.33333333333333,0,1,1,"40-49","1"
"1304056","2022-04-02",2022,"Maharashtra Cricket Association Stadium, Pune","Pune","Delhi Capitals","Gujarat Titans",2,0,"Delhi Capitals","field","Gujarat Titans","Delhi Capitals",43,3,36,7.16666666666667,1,0,1,"40-49","3+"
"1304057","2022-04-03",2022,"Brabourne Stadium, Mumbai","Mumbai","Punjab Kings","Chennai Super Kings",1,1,"Chennai Super Kings","field","Punjab Kings","Chennai Super Kings",72,2,36,12,0,1,1,"60+","2"
"1304057","2022-04-03",2022,"Brabourne Stadium, Mumbai","Mumbai","Chennai Super Kings","Punjab Kings",2,0,"Chennai Super Kings","field","Punjab Kings","Chennai Super Kings",27,4,36,4.5,1,0,1,"Under 40","3+"
"1304058","2022-04-04",2022,"Dr DY Patil Sports Academy, Mumbai","Mumbai","Lucknow Super Giants","Sunrisers Hyderabad",1,1,"Sunrisers Hyderabad","field","Lucknow Super Giants","Sunrisers Hyderabad",32,3,36,5.33333333333333,0,1,1,"Under 40","3+"
"1304058","2022-04-04",2022,"Dr DY Patil Sports Academy, Mumbai","Mumbai","Sunrisers Hyderabad","Lucknow Super Giants",2,0,"Sunrisers Hyderabad","field","Lucknow Super Giants","Sunrisers Hyderabad",40,2,36,6.66666666666667,1,0,1,"40-49","2"
"1304059","2022-04-05",2022,"Wankhede Stadium, Mumbai","Mumbai","Rajasthan Royals","Royal Challengers Bengaluru",1,1,"Royal Challengers Bengaluru","field","Royal Challengers Bengaluru","Rajasthan Royals",35,1,36,5.83333333333333,0,0,1,"Under 40","1"
"1304059","2022-04-05",2022,"Wankhede Stadium, Mumbai","Mumbai","Royal Challengers Bengaluru","Rajasthan Royals",2,0,"Royal Challengers Bengaluru","field","Royal Challengers Bengaluru","Rajasthan Royals",48,0,36,8,1,1,1,"40-49","0"
"1304060","2022-04-06",2022,"Maharashtra Cricket Association Stadium, Pune","Pune","Mumbai Indians","Kolkata Knight Riders",1,1,"Kolkata Knight Riders","field","Kolkata Knight Riders","Mumbai Indians",35,1,36,5.83333333333333,0,0,1,"Under 40","1"
"1304060","2022-04-06",2022,"Maharashtra Cricket Association Stadium, Pune","Pune","Kolkata Knight Riders","Mumbai Indians",2,0,"Kolkata Knight Riders","field","Kolkata Knight Riders","Mumbai Indians",35,2,36,5.83333333333333,1,1,1,"Under 40","2"
"1304061","2022-04-07",2022,"Dr DY Patil Sports Academy, Mumbai","Mumbai","Delhi Capitals","Lucknow Super Giants",1,1,"Lucknow Super Giants","field","Lucknow Super Giants","Delhi Capitals",52,0,36,8.66666666666667,0,0,1,"50-59","0"
"1304061","2022-04-07",2022,"Dr DY Patil Sports Academy, Mumbai","Mumbai","Lucknow Super Giants","Delhi Capitals",2,0,"Lucknow Super Giants","field","Lucknow Super Giants","Delhi Capitals",48,0,36,8,1,1,1,"40-49","0"
"1304062","2022-04-08",2022,"Brabourne Stadium, Mumbai","Mumbai","Punjab Kings","Gujarat Titans",1,1,"Gujarat Titans","field","Gujarat Titans","Punjab Kings",43,2,36,7.16666666666667,0,0,1,"40-49","2"
"1304062","2022-04-08",2022,"Brabourne Stadium, Mumbai","Mumbai","Gujarat Titans","Punjab Kings",2,0,"Gujarat Titans","field","Gujarat Titans","Punjab Kings",53,1,36,8.83333333333333,1,1,1,"50-59","1"
"1304063","2022-04-09",2022,"Dr DY Patil Sports Academy, Mumbai","Mumbai","Chennai Super Kings","Sunrisers Hyderabad",1,1,"Sunrisers Hyderabad","field","Sunrisers Hyderabad","Chennai Super Kings",41,2,36,6.83333333333333,0,0,1,"40-49","2"
"1304063","2022-04-09",2022,"Dr DY Patil Sports Academy, Mumbai","Mumbai","Sunrisers Hyderabad","Chennai Super Kings",2,0,"Sunrisers Hyderabad","field","Sunrisers Hyderabad","Chennai Super Kings",37,0,36,6.16666666666667,1,1,1,"Under 40","0"
"1304064","2022-04-09",2022,"Maharashtra Cricket Association Stadium, Pune","Pune","Mumbai Indians","Royal Challengers Bengaluru",1,1,"Royal Challengers Bengaluru","field","Royal Challengers Bengaluru","Mumbai Indians",49,0,36,8.16666666666667,0,0,1,"40-49","0"
"1304064","2022-04-09",2022,"Maharashtra Cricket Association Stadium, Pune","Pune","Royal Challengers Bengaluru","Mumbai Indians",2,0,"Royal Challengers Bengaluru","field","Royal Challengers Bengaluru","Mumbai Indians",30,0,36,5,1,1,1,"Under 40","0"
"1304065","2022-04-10",2022,"Brabourne Stadium, Mumbai","Mumbai","Delhi Capitals","Kolkata Knight Riders",1,1,"Kolkata Knight Riders","field","Delhi Capitals","Kolkata Knight Riders",68,0,36,11.3333333333333,0,1,1,"60+","0"
"1304065","2022-04-10",2022,"Brabourne Stadium, Mumbai","Mumbai","Kolkata Knight Riders","Delhi Capitals",2,0,"Kolkata Knight Riders","field","Delhi Capitals","Kolkata Knight Riders",43,2,36,7.16666666666667,1,0,1,"40-49","2"
"1304066","2022-04-10",2022,"Wankhede Stadium, Mumbai","Mumbai","Rajasthan Royals","Lucknow Super Giants",1,1,"Lucknow Super Giants","field","Rajasthan Royals","Lucknow Super Giants",44,1,36,7.33333333333333,0,1,1,"40-49","1"
"1304066","2022-04-10",2022,"Wankhede Stadium, Mumbai","Mumbai","Lucknow Super Giants","Rajasthan Royals",2,0,"Lucknow Super Giants","field","Rajasthan Royals","Lucknow Super Giants",31,3,36,5.16666666666667,1,0,1,"Under 40","3+"
"1304067","2022-04-11",2022,"Dr DY Patil Sports Academy, Mumbai","Mumbai","Gujarat Titans","Sunrisers Hyderabad",1,1,"Sunrisers Hyderabad","field","Sunrisers Hyderabad","Gujarat Titans",51,2,36,8.5,0,0,1,"50-59","2"
"1304067","2022-04-11",2022,"Dr DY Patil Sports Academy, Mumbai","Mumbai","Sunrisers Hyderabad","Gujarat Titans",2,0,"Sunrisers Hyderabad","field","Sunrisers Hyderabad","Gujarat Titans",42,0,36,7,1,1,1,"40-49","0"
"1304068","2022-04-12",2022,"Dr DY Patil Sports Academy, Mumbai","Mumbai","Chennai Super Kings","Royal Challengers Bengaluru",1,1,"Royal Challengers Bengaluru","field","Chennai Super Kings","Royal Challengers Bengaluru",35,1,36,5.83333333333333,0,1,1,"Under 40","1"
"1304068","2022-04-12",2022,"Dr DY Patil Sports Academy, Mumbai","Mumbai","Royal Challengers Bengaluru","Chennai Super Kings",2,0,"Royal Challengers Bengaluru","field","Chennai Super Kings","Royal Challengers Bengaluru",42,3,36,7,1,0,1,"40-49","3+"
"1304069","2022-04-13",2022,"Maharashtra Cricket Association Stadium, Pune","Pune","Punjab Kings","Mumbai Indians",1,1,"Mumbai Indians","field","Punjab Kings","Mumbai Indians",65,0,36,10.8333333333333,0,1,1,"60+","0"
"1304069","2022-04-13",2022,"Maharashtra Cricket Association Stadium, Pune","Pune","Mumbai Indians","Punjab Kings",2,0,"Mumbai Indians","field","Punjab Kings","Mumbai Indians",42,2,36,7,1,0,1,"40-49","2"
"1304070","2022-04-14",2022,"Dr DY Patil Sports Academy, Mumbai","Mumbai","Gujarat Titans","Rajasthan Royals",1,1,"Rajasthan Royals","field","Gujarat Titans","Rajasthan Royals",42,2,36,7,0,1,1,"40-49","2"
"1304070","2022-04-14",2022,"Dr DY Patil Sports Academy, Mumbai","Mumbai","Rajasthan Royals","Gujarat Titans",2,0,"Rajasthan Royals","field","Gujarat Titans","Rajasthan Royals",65,3,36,10.8333333333333,1,0,1,"60+","3+"
"1304071","2022-04-15",2022,"Brabourne Stadium, Mumbai","Mumbai","Kolkata Knight Riders","Sunrisers Hyderabad",1,1,"Sunrisers Hyderabad","field","Sunrisers Hyderabad","Kolkata Knight Riders",38,3,36,6.33333333333333,0,0,1,"Under 40","3+"
"1304071","2022-04-15",2022,"Brabourne Stadium, Mumbai","Mumbai","Sunrisers Hyderabad","Kolkata Knight Riders",2,0,"Sunrisers Hyderabad","field","Sunrisers Hyderabad","Kolkata Knight Riders",46,2,36,7.66666666666667,1,1,1,"40-49","2"
"1304072","2022-04-16",2022,"Brabourne Stadium, Mumbai","Mumbai","Lucknow Super Giants","Mumbai Indians",1,1,"Mumbai Indians","field","Lucknow Super Giants","Mumbai Indians",57,1,36,9.5,0,1,1,"50-59","1"
"1304072","2022-04-16",2022,"Brabourne Stadium, Mumbai","Mumbai","Mumbai Indians","Lucknow Super Giants",2,0,"Mumbai Indians","field","Lucknow Super Giants","Mumbai Indians",57,2,36,9.5,1,0,1,"50-59","2"
"1304073","2022-04-16",2022,"Wankhede Stadium, Mumbai","Mumbai","Royal Challengers Bengaluru","Delhi Capitals",1,1,"Delhi Capitals","field","Royal Challengers Bengaluru","Delhi Capitals",40,2,36,6.66666666666667,0,1,1,"40-49","2"
"1304073","2022-04-16",2022,"Wankhede Stadium, Mumbai","Mumbai","Delhi Capitals","Royal Challengers Bengaluru",2,0,"Delhi Capitals","field","Royal Challengers Bengaluru","Delhi Capitals",57,1,36,9.5,1,0,1,"50-59","1"
"1304074","2022-04-17",2022,"Dr DY Patil Sports Academy, Mumbai","Mumbai","Punjab Kings","Sunrisers Hyderabad",1,1,"Sunrisers Hyderabad","field","Sunrisers Hyderabad","Punjab Kings",48,2,36,8,0,0,1,"40-49","2"
"1304074","2022-04-17",2022,"Dr DY Patil Sports Academy, Mumbai","Mumbai","Sunrisers Hyderabad","Punjab Kings",2,0,"Sunrisers Hyderabad","field","Sunrisers Hyderabad","Punjab Kings",39,1,36,6.5,1,1,1,"Under 40","1"
"1304075","2022-04-17",2022,"Maharashtra Cricket Association Stadium, Pune","Pune","Chennai Super Kings","Gujarat Titans",1,1,"Gujarat Titans","field","Gujarat Titans","Chennai Super Kings",39,2,36,6.5,0,0,1,"Under 40","2"
"1304075","2022-04-17",2022,"Maharashtra Cricket Association Stadium, Pune","Pune","Gujarat Titans","Chennai Super Kings",2,0,"Gujarat Titans","field","Gujarat Titans","Chennai Super Kings",37,3,36,6.16666666666667,1,1,1,"Under 40","3+"
"1304076","2022-04-18",2022,"Brabourne Stadium, Mumbai","Mumbai","Rajasthan Royals","Kolkata Knight Riders",1,1,"Kolkata Knight Riders","field","Rajasthan Royals","Kolkata Knight Riders",60,0,36,10,0,1,1,"60+","0"
"1304076","2022-04-18",2022,"Brabourne Stadium, Mumbai","Mumbai","Kolkata Knight Riders","Rajasthan Royals",2,0,"Kolkata Knight Riders","field","Rajasthan Royals","Kolkata Knight Riders",57,1,36,9.5,1,0,1,"50-59","1"
"1304077","2022-04-19",2022,"Dr DY Patil Sports Academy, Mumbai","Mumbai","Royal Challengers Bengaluru","Lucknow Super Giants",1,1,"Lucknow Super Giants","field","Royal Challengers Bengaluru","Lucknow Super Giants",47,3,36,7.83333333333333,0,1,1,"40-49","3+"
"1304077","2022-04-19",2022,"Dr DY Patil Sports Academy, Mumbai","Mumbai","Lucknow Super Giants","Royal Challengers Bengaluru",2,0,"Lucknow Super Giants","field","Royal Challengers Bengaluru","Lucknow Super Giants",44,2,36,7.33333333333333,1,0,1,"40-49","2"
"1304078","2022-04-20",2022,"Brabourne Stadium, Mumbai","Mumbai","Punjab Kings","Delhi Capitals",1,1,"Delhi Capitals","field","Delhi Capitals","Punjab Kings",47,3,36,7.83333333333333,0,0,1,"40-49","3+"
"1304078","2022-04-20",2022,"Brabourne Stadium, Mumbai","Mumbai","Delhi Capitals","Punjab Kings",2,0,"Delhi Capitals","field","Delhi Capitals","Punjab Kings",81,0,36,13.5,1,1,1,"60+","0"
"1304079","2022-04-21",2022,"Dr DY Patil Sports Academy, Mumbai","Navi Mumbai","Mumbai Indians","Chennai Super Kings",1,1,"Chennai Super Kings","field","Chennai Super Kings","Mumbai Indians",42,3,36,7,0,0,1,"40-49","3+"
"1304079","2022-04-21",2022,"Dr DY Patil Sports Academy, Mumbai","Navi Mumbai","Chennai Super Kings","Mumbai Indians",2,0,"Chennai Super Kings","field","Chennai Super Kings","Mumbai Indians",46,2,36,7.66666666666667,1,1,1,"40-49","2"
"1304080","2022-04-22",2022,"Wankhede Stadium, Mumbai","Mumbai","Rajasthan Royals","Delhi Capitals",1,1,"Delhi Capitals","field","Rajasthan Royals","Delhi Capitals",44,0,36,7.33333333333333,0,1,1,"40-49","0"
"1304080","2022-04-22",2022,"Wankhede Stadium, Mumbai","Mumbai","Delhi Capitals","Rajasthan Royals",2,0,"Delhi Capitals","field","Rajasthan Royals","Delhi Capitals",55,2,36,9.16666666666667,1,0,1,"50-59","2"
"1304081","2022-04-23",2022,"Dr DY Patil Sports Academy, Mumbai","Navi Mumbai","Gujarat Titans","Kolkata Knight Riders",1,1,"Gujarat Titans","bat","Gujarat Titans","Kolkata Knight Riders",47,1,36,7.83333333333333,1,1,0,"40-49","1"
"1304081","2022-04-23",2022,"Dr DY Patil Sports Academy, Mumbai","Navi Mumbai","Kolkata Knight Riders","Gujarat Titans",2,0,"Gujarat Titans","bat","Gujarat Titans","Kolkata Knight Riders",34,3,36,5.66666666666667,0,0,0,"Under 40","3+"
"1304082","2022-04-23",2022,"Brabourne Stadium, Mumbai","Mumbai","Royal Challengers Bengaluru","Sunrisers Hyderabad",1,1,"Sunrisers Hyderabad","field","Sunrisers Hyderabad","Royal Challengers Bengaluru",31,4,36,5.16666666666667,0,0,1,"Under 40","3+"
"1304082","2022-04-23",2022,"Brabourne Stadium, Mumbai","Mumbai","Sunrisers Hyderabad","Royal Challengers Bengaluru",2,0,"Sunrisers Hyderabad","field","Sunrisers Hyderabad","Royal Challengers Bengaluru",56,0,36,9.33333333333333,1,1,1,"50-59","0"
"1304083","2022-04-24",2022,"Wankhede Stadium, Mumbai","Mumbai","Lucknow Super Giants","Mumbai Indians",1,1,"Mumbai Indians","field","Lucknow Super Giants","Mumbai Indians",32,1,36,5.33333333333333,0,1,1,"Under 40","1"
"1304083","2022-04-24",2022,"Wankhede Stadium, Mumbai","Mumbai","Mumbai Indians","Lucknow Super Giants",2,0,"Mumbai Indians","field","Lucknow Super Giants","Mumbai Indians",43,0,36,7.16666666666667,1,0,1,"40-49","0"
"1304084","2022-04-25",2022,"Wankhede Stadium, Mumbai","Mumbai","Punjab Kings","Chennai Super Kings",1,1,"Chennai Super Kings","field","Punjab Kings","Chennai Super Kings",37,1,36,6.16666666666667,0,1,1,"Under 40","1"
"1304084","2022-04-25",2022,"Wankhede Stadium, Mumbai","Mumbai","Chennai Super Kings","Punjab Kings",2,0,"Chennai Super Kings","field","Punjab Kings","Chennai Super Kings",32,2,36,5.33333333333333,1,0,1,"Under 40","2"
"1304085","2022-04-26",2022,"Maharashtra Cricket Association Stadium, Pune","Pune","Rajasthan Royals","Royal Challengers Bengaluru",1,1,"Royal Challengers Bengaluru","field","Rajasthan Royals","Royal Challengers Bengaluru",43,3,36,7.16666666666667,0,1,1,"40-49","3+"
"1304085","2022-04-26",2022,"Maharashtra Cricket Association Stadium, Pune","Pune","Royal Challengers Bengaluru","Rajasthan Royals",2,0,"Royal Challengers Bengaluru","field","Rajasthan Royals","Royal Challengers Bengaluru",37,1,36,6.16666666666667,1,0,1,"Under 40","1"
"1304086","2022-04-27",2022,"Wankhede Stadium, Mumbai","Mumbai","Sunrisers Hyderabad","Gujarat Titans",1,1,"Gujarat Titans","field","Gujarat Titans","Sunrisers Hyderabad",53,2,36,8.83333333333333,0,0,1,"50-59","2"
"1304086","2022-04-27",2022,"Wankhede Stadium, Mumbai","Mumbai","Gujarat Titans","Sunrisers Hyderabad",2,0,"Gujarat Titans","field","Gujarat Titans","Sunrisers Hyderabad",59,0,36,9.83333333333333,1,1,1,"50-59","0"
"1304087","2022-04-28",2022,"Wankhede Stadium, Mumbai","Mumbai","Kolkata Knight Riders","Delhi Capitals",1,1,"Delhi Capitals","field","Delhi Capitals","Kolkata Knight Riders",29,2,36,4.83333333333333,0,0,1,"Under 40","2"
"1304087","2022-04-28",2022,"Wankhede Stadium, Mumbai","Mumbai","Delhi Capitals","Kolkata Knight Riders",2,0,"Delhi Capitals","field","Delhi Capitals","Kolkata Knight Riders",47,2,36,7.83333333333333,1,1,1,"40-49","2"
"1304088","2022-04-29",2022,"Maharashtra Cricket Association Stadium, Pune","Pune","Lucknow Super Giants","Punjab Kings",1,1,"Punjab Kings","field","Lucknow Super Giants","Punjab Kings",39,1,36,6.5,0,1,1,"Under 40","1"
"1304088","2022-04-29",2022,"Maharashtra Cricket Association Stadium, Pune","Pune","Punjab Kings","Lucknow Super Giants",2,0,"Punjab Kings","field","Lucknow Super Giants","Punjab Kings",46,1,36,7.66666666666667,1,0,1,"40-49","1"
"1304089","2022-04-30",2022,"Brabourne Stadium, Mumbai","Mumbai","Royal Challengers Bengaluru","Gujarat Titans",1,1,"Royal Challengers Bengaluru","bat","Gujarat Titans","Royal Challengers Bengaluru",43,1,36,7.16666666666667,1,0,0,"40-49","1"
"1304089","2022-04-30",2022,"Brabourne Stadium, Mumbai","Mumbai","Gujarat Titans","Royal Challengers Bengaluru",2,0,"Royal Challengers Bengaluru","bat","Gujarat Titans","Royal Challengers Bengaluru",46,0,36,7.66666666666667,0,1,0,"40-49","0"
"1304090","2022-04-30",2022,"Dr DY Patil Sports Academy, Mumbai","Navi Mumbai","Rajasthan Royals","Mumbai Indians",1,1,"Mumbai Indians","field","Mumbai Indians","Rajasthan Royals",40,1,36,6.66666666666667,0,0,1,"40-49","1"
"1304090","2022-04-30",2022,"Dr DY Patil Sports Academy, Mumbai","Navi Mumbai","Mumbai Indians","Rajasthan Royals",2,0,"Mumbai Indians","field","Mumbai Indians","Rajasthan Royals",41,2,36,6.83333333333333,1,1,1,"40-49","2"
"1304091","2022-05-01",2022,"Wankhede Stadium, Mumbai","Mumbai","Lucknow Super Giants","Delhi Capitals",1,1,"Lucknow Super Giants","bat","Lucknow Super Giants","Delhi Capitals",57,1,36,9.5,1,1,0,"50-59","1"
"1304091","2022-05-01",2022,"Wankhede Stadium, Mumbai","Mumbai","Delhi Capitals","Lucknow Super Giants",2,0,"Lucknow Super Giants","bat","Lucknow Super Giants","Delhi Capitals",66,2,36,11,0,0,0,"60+","2"
"1304092","2022-05-01",2022,"Maharashtra Cricket Association Stadium, Pune","Pune","Chennai Super Kings","Sunrisers Hyderabad",1,1,"Sunrisers Hyderabad","field","Chennai Super Kings","Sunrisers Hyderabad",40,0,36,6.66666666666667,0,1,1,"40-49","0"
"1304092","2022-05-01",2022,"Maharashtra Cricket Association Stadium, Pune","Pune","Sunrisers Hyderabad","Chennai Super Kings",2,0,"Sunrisers Hyderabad","field","Chennai Super Kings","Sunrisers Hyderabad",58,2,36,9.66666666666667,1,0,1,"50-59","2"
"1304093","2022-05-02",2022,"Wankhede Stadium, Mumbai","Mumbai","Rajasthan Royals","Kolkata Knight Riders",1,1,"Kolkata Knight Riders","field","Kolkata Knight Riders","Rajasthan Royals",38,1,36,6.33333333333333,0,0,1,"Under 40","1"
"1304093","2022-05-02",2022,"Wankhede Stadium, Mumbai","Mumbai","Kolkata Knight Riders","Rajasthan Royals",2,0,"Kolkata Knight Riders","field","Kolkata Knight Riders","Rajasthan Royals",32,2,36,5.33333333333333,1,1,1,"Under 40","2"
"1304094","2022-05-03",2022,"Dr DY Patil Sports Academy, Mumbai","Navi Mumbai","Gujarat Titans","Punjab Kings",1,1,"Gujarat Titans","bat","Punjab Kings","Gujarat Titans",42,2,36,7,1,0,0,"40-49","2"
"1304094","2022-05-03",2022,"Dr DY Patil Sports Academy, Mumbai","Navi Mumbai","Punjab Kings","Gujarat Titans",2,0,"Gujarat Titans","bat","Punjab Kings","Gujarat Titans",43,1,36,7.16666666666667,0,1,0,"40-49","1"
"1304095","2022-05-04",2022,"Maharashtra Cricket Association Stadium, Pune","Pune","Royal Challengers Bengaluru","Chennai Super Kings",1,1,"Chennai Super Kings","field","Royal Challengers Bengaluru","Chennai Super Kings",57,0,36,9.5,0,1,1,"50-59","0"
"1304095","2022-05-04",2022,"Maharashtra Cricket Association Stadium, Pune","Pune","Chennai Super Kings","Royal Challengers Bengaluru",2,0,"Chennai Super Kings","field","Royal Challengers Bengaluru","Chennai Super Kings",51,0,36,8.5,1,0,1,"50-59","0"
"1304096","2022-05-05",2022,"Brabourne Stadium, Mumbai","Mumbai","Delhi Capitals","Sunrisers Hyderabad",1,1,"Sunrisers Hyderabad","field","Delhi Capitals","Sunrisers Hyderabad",50,2,36,8.33333333333333,0,1,1,"50-59","2"
"1304096","2022-05-05",2022,"Brabourne Stadium, Mumbai","Mumbai","Sunrisers Hyderabad","Delhi Capitals",2,0,"Sunrisers Hyderabad","field","Delhi Capitals","Sunrisers Hyderabad",35,2,36,5.83333333333333,1,0,1,"Under 40","2"
"1304097","2022-05-06",2022,"Brabourne Stadium, Mumbai","Mumbai","Mumbai Indians","Gujarat Titans",1,1,"Gujarat Titans","field","Mumbai Indians","Gujarat Titans",63,0,36,10.5,0,1,1,"60+","0"
"1304097","2022-05-06",2022,"Brabourne Stadium, Mumbai","Mumbai","Gujarat Titans","Mumbai Indians",2,0,"Gujarat Titans","field","Mumbai Indians","Gujarat Titans",54,0,36,9,1,0,1,"50-59","0"
"1304098","2022-05-07",2022,"Wankhede Stadium, Mumbai","Mumbai","Punjab Kings","Rajasthan Royals",1,1,"Punjab Kings","bat","Rajasthan Royals","Punjab Kings",48,1,36,8,1,0,0,"40-49","1"
"1304098","2022-05-07",2022,"Wankhede Stadium, Mumbai","Mumbai","Rajasthan Royals","Punjab Kings",2,0,"Punjab Kings","bat","Rajasthan Royals","Punjab Kings",67,1,36,11.1666666666667,0,1,0,"60+","1"
"1304099","2022-05-07",2022,"Maharashtra Cricket Association Stadium, Pune","Pune","Lucknow Super Giants","Kolkata Knight Riders",1,1,"Kolkata Knight Riders","field","Lucknow Super Giants","Kolkata Knight Riders",66,1,36,11,0,1,1,"60+","1"
"1304099","2022-05-07",2022,"Maharashtra Cricket Association Stadium, Pune","Pune","Kolkata Knight Riders","Lucknow Super Giants",2,0,"Kolkata Knight Riders","field","Lucknow Super Giants","Kolkata Knight Riders",25,3,36,4.16666666666667,1,0,1,"Under 40","3+"
"1304100","2022-05-08",2022,"Wankhede Stadium, Mumbai","Mumbai","Royal Challengers Bengaluru","Sunrisers Hyderabad",1,1,"Royal Challengers Bengaluru","bat","Royal Challengers Bengaluru","Sunrisers Hyderabad",47,1,36,7.83333333333333,1,1,0,"40-49","1"
"1304100","2022-05-08",2022,"Wankhede Stadium, Mumbai","Mumbai","Sunrisers Hyderabad","Royal Challengers Bengaluru",2,0,"Royal Challengers Bengaluru","bat","Royal Challengers Bengaluru","Sunrisers Hyderabad",39,2,36,6.5,0,0,0,"Under 40","2"
"1304101","2022-05-08",2022,"Dr DY Patil Sports Academy, Mumbai","Navi Mumbai","Chennai Super Kings","Delhi Capitals",1,1,"Delhi Capitals","field","Chennai Super Kings","Delhi Capitals",57,0,36,9.5,0,1,1,"50-59","0"
"1304101","2022-05-08",2022,"Dr DY Patil Sports Academy, Mumbai","Navi Mumbai","Delhi Capitals","Chennai Super Kings",2,0,"Delhi Capitals","field","Chennai Super Kings","Delhi Capitals",59,2,36,9.83333333333333,1,0,1,"50-59","2"
"1304102","2022-05-09",2022,"Dr DY Patil Sports Academy, Mumbai","Navi Mumbai","Kolkata Knight Riders","Mumbai Indians",1,1,"Mumbai Indians","field","Kolkata Knight Riders","Mumbai Indians",64,1,36,10.6666666666667,0,1,1,"60+","1"
"1304102","2022-05-09",2022,"Dr DY Patil Sports Academy, Mumbai","Navi Mumbai","Mumbai Indians","Kolkata Knight Riders",2,0,"Mumbai Indians","field","Kolkata Knight Riders","Mumbai Indians",37,2,36,6.16666666666667,1,0,1,"Under 40","2"
"1304103","2022-05-10",2022,"Maharashtra Cricket Association Stadium, Pune","Pune","Gujarat Titans","Lucknow Super Giants",1,1,"Gujarat Titans","bat","Gujarat Titans","Lucknow Super Giants",35,2,36,5.83333333333333,1,1,0,"Under 40","2"
"1304103","2022-05-10",2022,"Maharashtra Cricket Association Stadium, Pune","Pune","Lucknow Super Giants","Gujarat Titans",2,0,"Gujarat Titans","bat","Gujarat Titans","Lucknow Super Giants",37,3,36,6.16666666666667,0,0,0,"Under 40","3+"
"1304104","2022-05-11",2022,"Dr DY Patil Sports Academy, Mumbai","Navi Mumbai","Rajasthan Royals","Delhi Capitals",1,1,"Delhi Capitals","field","Delhi Capitals","Rajasthan Royals",43,1,36,7.16666666666667,0,0,1,"40-49","1"
"1304104","2022-05-11",2022,"Dr DY Patil Sports Academy, Mumbai","Navi Mumbai","Delhi Capitals","Rajasthan Royals",2,0,"Delhi Capitals","field","Delhi Capitals","Rajasthan Royals",38,1,36,6.33333333333333,1,1,1,"Under 40","1"
"1304105","2022-05-12",2022,"Wankhede Stadium, Mumbai","Mumbai","Chennai Super Kings","Mumbai Indians",1,1,"Mumbai Indians","field","Mumbai Indians","Chennai Super Kings",32,5,36,5.33333333333333,0,0,1,"Under 40","3+"
"1304105","2022-05-12",2022,"Wankhede Stadium, Mumbai","Mumbai","Mumbai Indians","Chennai Super Kings",2,0,"Mumbai Indians","field","Mumbai Indians","Chennai Super Kings",36,4,36,6,1,1,1,"Under 40","3+"
"1304106","2022-05-13",2022,"Brabourne Stadium, Mumbai","Mumbai","Punjab Kings","Royal Challengers Bengaluru",1,1,"Royal Challengers Bengaluru","field","Punjab Kings","Royal Challengers Bengaluru",83,1,36,13.8333333333333,0,1,1,"60+","1"
"1304106","2022-05-13",2022,"Brabourne Stadium, Mumbai","Mumbai","Royal Challengers Bengaluru","Punjab Kings",2,0,"Royal Challengers Bengaluru","field","Punjab Kings","Royal Challengers Bengaluru",44,3,36,7.33333333333333,1,0,1,"40-49","3+"
"1304107","2022-05-14",2022,"Maharashtra Cricket Association Stadium, Pune","Pune","Kolkata Knight Riders","Sunrisers Hyderabad",1,1,"Kolkata Knight Riders","bat","Kolkata Knight Riders","Sunrisers Hyderabad",55,1,36,9.16666666666667,1,1,0,"50-59","1"
"1304107","2022-05-14",2022,"Maharashtra Cricket Association Stadium, Pune","Pune","Sunrisers Hyderabad","Kolkata Knight Riders",2,0,"Kolkata Knight Riders","bat","Kolkata Knight Riders","Sunrisers Hyderabad",31,1,36,5.16666666666667,0,0,0,"Under 40","1"
"1304108","2022-05-15",2022,"Wankhede Stadium, Mumbai","Mumbai","Chennai Super Kings","Gujarat Titans",1,1,"Chennai Super Kings","bat","Gujarat Titans","Chennai Super Kings",47,1,36,7.83333333333333,1,0,0,"40-49","1"
"1304108","2022-05-15",2022,"Wankhede Stadium, Mumbai","Mumbai","Gujarat Titans","Chennai Super Kings",2,0,"Chennai Super Kings","bat","Gujarat Titans","Chennai Super Kings",53,0,36,8.83333333333333,0,1,0,"50-59","0"
"1304109","2022-05-15",2022,"Brabourne Stadium, Mumbai","Mumbai","Rajasthan Royals","Lucknow Super Giants",1,1,"Rajasthan Royals","bat","Rajasthan Royals","Lucknow Super Giants",51,1,36,8.5,1,1,0,"50-59","1"
"1304109","2022-05-15",2022,"Brabourne Stadium, Mumbai","Mumbai","Lucknow Super Giants","Rajasthan Royals",2,0,"Rajasthan Royals","bat","Rajasthan Royals","Lucknow Super Giants",34,3,36,5.66666666666667,0,0,0,"Under 40","3+"
"1304110","2022-05-16",2022,"Dr DY Patil Sports Academy, Mumbai","Navi Mumbai","Delhi Capitals","Punjab Kings",1,1,"Punjab Kings","field","Delhi Capitals","Punjab Kings",59,2,36,9.83333333333333,0,1,1,"50-59","2"
"1304110","2022-05-16",2022,"Dr DY Patil Sports Academy, Mumbai","Navi Mumbai","Punjab Kings","Delhi Capitals",2,0,"Punjab Kings","field","Delhi Capitals","Punjab Kings",54,3,36,9,1,0,1,"50-59","3+"
"1304111","2022-05-17",2022,"Wankhede Stadium, Mumbai","Mumbai","Sunrisers Hyderabad","Mumbai Indians",1,1,"Mumbai Indians","field","Sunrisers Hyderabad","Mumbai Indians",57,1,36,9.5,0,1,1,"50-59","1"
"1304111","2022-05-17",2022,"Wankhede Stadium, Mumbai","Mumbai","Mumbai Indians","Sunrisers Hyderabad",2,0,"Mumbai Indians","field","Sunrisers Hyderabad","Mumbai Indians",51,0,36,8.5,1,0,1,"50-59","0"
"1304112","2022-05-18",2022,"Dr DY Patil Sports Academy, Mumbai","Navi Mumbai","Lucknow Super Giants","Kolkata Knight Riders",1,1,"Lucknow Super Giants","bat","Lucknow Super Giants","Kolkata Knight Riders",44,0,36,7.33333333333333,1,1,0,"40-49","0"
"1304112","2022-05-18",2022,"Dr DY Patil Sports Academy, Mumbai","Navi Mumbai","Kolkata Knight Riders","Lucknow Super Giants",2,0,"Lucknow Super Giants","bat","Lucknow Super Giants","Kolkata Knight Riders",60,2,36,10,0,0,0,"60+","2"
"1304113","2022-05-19",2022,"Wankhede Stadium, Mumbai","Mumbai","Gujarat Titans","Royal Challengers Bengaluru",1,1,"Gujarat Titans","bat","Royal Challengers Bengaluru","Gujarat Titans",38,2,36,6.33333333333333,1,0,0,"Under 40","2"
"1304113","2022-05-19",2022,"Wankhede Stadium, Mumbai","Mumbai","Royal Challengers Bengaluru","Gujarat Titans",2,0,"Gujarat Titans","bat","Royal Challengers Bengaluru","Gujarat Titans",55,0,36,9.16666666666667,0,1,0,"50-59","0"
"1304114","2022-05-20",2022,"Brabourne Stadium, Mumbai","Mumbai","Chennai Super Kings","Rajasthan Royals",1,1,"Chennai Super Kings","bat","Rajasthan Royals","Chennai Super Kings",75,1,36,12.5,1,0,0,"60+","1"
"1304114","2022-05-20",2022,"Brabourne Stadium, Mumbai","Mumbai","Rajasthan Royals","Chennai Super Kings",2,0,"Chennai Super Kings","bat","Rajasthan Royals","Chennai Super Kings",52,1,36,8.66666666666667,0,1,0,"50-59","1"
"1304115","2022-05-21",2022,"Wankhede Stadium, Mumbai","Mumbai","Delhi Capitals","Mumbai Indians",1,1,"Mumbai Indians","field","Mumbai Indians","Delhi Capitals",37,3,36,6.16666666666667,0,0,1,"Under 40","3+"
"1304115","2022-05-21",2022,"Wankhede Stadium, Mumbai","Mumbai","Mumbai Indians","Delhi Capitals",2,0,"Mumbai Indians","field","Mumbai Indians","Delhi Capitals",27,1,36,4.5,1,1,1,"Under 40","1"
"1304116","2022-05-22",2022,"Wankhede Stadium, Mumbai","Mumbai","Sunrisers Hyderabad","Punjab Kings",1,1,"Sunrisers Hyderabad","bat","Punjab Kings","Sunrisers Hyderabad",43,1,36,7.16666666666667,1,0,0,"40-49","1"
"1304116","2022-05-22",2022,"Wankhede Stadium, Mumbai","Mumbai","Punjab Kings","Sunrisers Hyderabad",2,0,"Sunrisers Hyderabad","bat","Punjab Kings","Sunrisers Hyderabad",62,1,36,10.3333333333333,0,1,0,"60+","1"
"1312197","2022-05-24",2022,"Eden Gardens, Kolkata","Kolkata","Rajasthan Royals","Gujarat Titans",1,1,"Gujarat Titans","field","Gujarat Titans","Rajasthan Royals",55,1,36,9.16666666666667,0,0,1,"50-59","1"
"1312197","2022-05-24",2022,"Eden Gardens, Kolkata","Kolkata","Gujarat Titans","Rajasthan Royals",2,0,"Gujarat Titans","field","Gujarat Titans","Rajasthan Royals",64,1,36,10.6666666666667,1,1,1,"60+","1"
"1312198","2022-05-25",2022,"Eden Gardens, Kolkata","Kolkata","Royal Challengers Bengaluru","Lucknow Super Giants",1,1,"Lucknow Super Giants","field","Royal Challengers Bengaluru","Lucknow Super Giants",52,1,36,8.66666666666667,0,1,1,"50-59","1"
"1312198","2022-05-25",2022,"Eden Gardens, Kolkata","Kolkata","Lucknow Super Giants","Royal Challengers Bengaluru",2,0,"Lucknow Super Giants","field","Royal Challengers Bengaluru","Lucknow Super Giants",62,2,36,10.3333333333333,1,0,1,"60+","2"
"1312199","2022-05-27",2022,"Narendra Modi Stadium, Ahmedabad","Ahmedabad","Royal Challengers Bengaluru","Rajasthan Royals",1,1,"Rajasthan Royals","field","Rajasthan Royals","Royal Challengers Bengaluru",46,1,36,7.66666666666667,0,0,1,"40-49","1"
"1312199","2022-05-27",2022,"Narendra Modi Stadium, Ahmedabad","Ahmedabad","Rajasthan Royals","Royal Challengers Bengaluru",2,0,"Rajasthan Royals","field","Rajasthan Royals","Royal Challengers Bengaluru",67,1,36,11.1666666666667,1,1,1,"60+","1"
"1312200","2022-05-29",2022,"Narendra Modi Stadium, Ahmedabad","Ahmedabad","Rajasthan Royals","Gujarat Titans",1,1,"Rajasthan Royals","bat","Gujarat Titans","Rajasthan Royals",44,1,36,7.33333333333333,1,0,0,"40-49","1"
"1312200","2022-05-29",2022,"Narendra Modi Stadium, Ahmedabad","Ahmedabad","Gujarat Titans","Rajasthan Royals",2,0,"Rajasthan Royals","bat","Gujarat Titans","Rajasthan Royals",31,2,36,5.16666666666667,0,1,0,"Under 40","2"
"1359475","2023-03-31",2023,"Narendra Modi Stadium, Ahmedabad","Ahmedabad","Chennai Super Kings","Gujarat Titans",1,1,"Gujarat Titans","field","Gujarat Titans","Chennai Super Kings",51,2,36,8.5,0,0,1,"50-59","2"
"1359475","2023-03-31",2023,"Narendra Modi Stadium, Ahmedabad","Ahmedabad","Gujarat Titans","Chennai Super Kings",2,0,"Gujarat Titans","field","Gujarat Titans","Chennai Super Kings",65,1,36,10.8333333333333,1,1,1,"60+","1"
"1359476","2023-04-01",2023,"Punjab Cricket Association IS Bindra Stadium, Mohali, Chandigarh","Chandigarh","Punjab Kings","Kolkata Knight Riders",1,1,"Kolkata Knight Riders","field","Punjab Kings","Kolkata Knight Riders",56,1,36,9.33333333333333,0,1,1,"50-59","1"
"1359476","2023-04-01",2023,"Punjab Cricket Association IS Bindra Stadium, Mohali, Chandigarh","Chandigarh","Kolkata Knight Riders","Punjab Kings",2,0,"Kolkata Knight Riders","field","Punjab Kings","Kolkata Knight Riders",46,3,36,7.66666666666667,1,0,1,"40-49","3+"
"1359477","2023-04-01",2023,"Bharat Ratna Shri Atal Bihari Vajpayee Ekana Cricket Stadium, Lucknow","Lucknow","Lucknow Super Giants","Delhi Capitals",1,1,"Delhi Capitals","field","Lucknow Super Giants","Delhi Capitals",30,1,36,5,0,1,1,"Under 40","1"
"1359477","2023-04-01",2023,"Bharat Ratna Shri Atal Bihari Vajpayee Ekana Cricket Stadium, Lucknow","Lucknow","Delhi Capitals","Lucknow Super Giants",2,0,"Delhi Capitals","field","Lucknow Super Giants","Delhi Capitals",47,2,36,7.83333333333333,1,0,1,"40-49","2"
"1359478","2023-04-02",2023,"Rajiv Gandhi International Stadium, Uppal, Hyderabad","Hyderabad","Rajasthan Royals","Sunrisers Hyderabad",1,1,"Sunrisers Hyderabad","field","Rajasthan Royals","Sunrisers Hyderabad",85,1,36,14.1666666666667,0,1,1,"60+","1"
"1359478","2023-04-02",2023,"Rajiv Gandhi International Stadium, Uppal, Hyderabad","Hyderabad","Sunrisers Hyderabad","Rajasthan Royals",2,0,"Sunrisers Hyderabad","field","Rajasthan Royals","Sunrisers Hyderabad",30,2,36,5,1,0,1,"Under 40","2"
"1359479","2023-04-02",2023,"M Chinnaswamy Stadium, Bengaluru","Bengaluru","Mumbai Indians","Royal Challengers Bengaluru",1,1,"Royal Challengers Bengaluru","field","Royal Challengers Bengaluru","Mumbai Indians",29,3,36,4.83333333333333,0,0,1,"Under 40","3+"
"1359479","2023-04-02",2023,"M Chinnaswamy Stadium, Bengaluru","Bengaluru","Royal Challengers Bengaluru","Mumbai Indians",2,0,"Royal Challengers Bengaluru","field","Royal Challengers Bengaluru","Mumbai Indians",53,0,36,8.83333333333333,1,1,1,"50-59","0"
"1359480","2023-04-03",2023,"MA Chidambaram Stadium, Chepauk, Chennai","Chennai","Chennai Super Kings","Lucknow Super Giants",1,1,"Lucknow Super Giants","field","Chennai Super Kings","Lucknow Super Giants",79,0,36,13.1666666666667,0,1,1,"60+","0"
"1359480","2023-04-03",2023,"MA Chidambaram Stadium, Chepauk, Chennai","Chennai","Lucknow Super Giants","Chennai Super Kings",2,0,"Lucknow Super Giants","field","Chennai Super Kings","Lucknow Super Giants",80,1,36,13.3333333333333,1,0,1,"60+","1"
"1359481","2023-04-04",2023,"Arun Jaitley Stadium, Delhi","Delhi","Delhi Capitals","Gujarat Titans",1,1,"Gujarat Titans","field","Gujarat Titans","Delhi Capitals",52,2,36,8.66666666666667,0,0,1,"50-59","2"
"1359481","2023-04-04",2023,"Arun Jaitley Stadium, Delhi","Delhi","Gujarat Titans","Delhi Capitals",2,0,"Gujarat Titans","field","Gujarat Titans","Delhi Capitals",54,3,36,9,1,1,1,"50-59","3+"
"1359482","2023-04-05",2023,"Barsapara Cricket Stadium, Guwahati","Guwahati","Punjab Kings","Rajasthan Royals",1,1,"Rajasthan Royals","field","Punjab Kings","Rajasthan Royals",63,0,36,10.5,0,1,1,"60+","0"
"1359482","2023-04-05",2023,"Barsapara Cricket Stadium, Guwahati","Guwahati","Rajasthan Royals","Punjab Kings",2,0,"Rajasthan Royals","field","Punjab Kings","Rajasthan Royals",57,3,36,9.5,1,0,1,"50-59","3+"
"1359483","2023-04-06",2023,"Eden Gardens, Kolkata","Kolkata","Kolkata Knight Riders","Royal Challengers Bengaluru",1,1,"Royal Challengers Bengaluru","field","Kolkata Knight Riders","Royal Challengers Bengaluru",47,2,36,7.83333333333333,0,1,1,"40-49","2"
"1359483","2023-04-06",2023,"Eden Gardens, Kolkata","Kolkata","Royal Challengers Bengaluru","Kolkata Knight Riders",2,0,"Royal Challengers Bengaluru","field","Kolkata Knight Riders","Royal Challengers Bengaluru",50,2,36,8.33333333333333,1,0,1,"50-59","2"
"1359484","2023-04-07",2023,"Bharat Ratna Shri Atal Bihari Vajpayee Ekana Cricket Stadium, Lucknow","Lucknow","Sunrisers Hyderabad","Lucknow Super Giants",1,1,"Sunrisers Hyderabad","bat","Lucknow Super Giants","Sunrisers Hyderabad",43,1,36,7.16666666666667,1,0,0,"40-49","1"
"1359484","2023-04-07",2023,"Bharat Ratna Shri Atal Bihari Vajpayee Ekana Cricket Stadium, Lucknow","Lucknow","Lucknow Super Giants","Sunrisers Hyderabad",2,0,"Sunrisers Hyderabad","bat","Lucknow Super Giants","Sunrisers Hyderabad",45,2,36,7.5,0,1,0,"40-49","2"
"1359485","2023-04-08",2023,"Barsapara Cricket Stadium, Guwahati","Guwahati","Rajasthan Royals","Delhi Capitals",1,1,"Delhi Capitals","field","Rajasthan Royals","Delhi Capitals",68,0,36,11.3333333333333,0,1,1,"60+","0"
"1359485","2023-04-08",2023,"Barsapara Cricket Stadium, Guwahati","Guwahati","Delhi Capitals","Rajasthan Royals",2,0,"Delhi Capitals","field","Rajasthan Royals","Delhi Capitals",38,3,36,6.33333333333333,1,0,1,"Under 40","3+"
"1359486","2023-04-08",2023,"Wankhede Stadium, Mumbai","Mumbai","Mumbai Indians","Chennai Super Kings",1,1,"Chennai Super Kings","field","Chennai Super Kings","Mumbai Indians",61,1,36,10.1666666666667,0,0,1,"60+","1"
"1359486","2023-04-08",2023,"Wankhede Stadium, Mumbai","Mumbai","Chennai Super Kings","Mumbai Indians",2,0,"Chennai Super Kings","field","Chennai Super Kings","Mumbai Indians",68,1,36,11.3333333333333,1,1,1,"60+","1"
"1359487","2023-04-09",2023,"Narendra Modi Stadium, Ahmedabad","Ahmedabad","Gujarat Titans","Kolkata Knight Riders",1,1,"Gujarat Titans","bat","Kolkata Knight Riders","Gujarat Titans",54,1,36,9,1,0,0,"50-59","1"
"1359487","2023-04-09",2023,"Narendra Modi Stadium, Ahmedabad","Ahmedabad","Kolkata Knight Riders","Gujarat Titans",2,0,"Gujarat Titans","bat","Kolkata Knight Riders","Gujarat Titans",43,2,36,7.16666666666667,0,1,0,"40-49","2"
"1359488","2023-04-09",2023,"Rajiv Gandhi International Stadium, Uppal, Hyderabad","Hyderabad","Punjab Kings","Sunrisers Hyderabad",1,1,"Sunrisers Hyderabad","field","Sunrisers Hyderabad","Punjab Kings",41,3,36,6.83333333333333,0,0,1,"40-49","3+"
"1359488","2023-04-09",2023,"Rajiv Gandhi International Stadium, Uppal, Hyderabad","Hyderabad","Sunrisers Hyderabad","Punjab Kings",2,0,"Sunrisers Hyderabad","field","Sunrisers Hyderabad","Punjab Kings",34,1,36,5.66666666666667,1,1,1,"Under 40","1"
"1359489","2023-04-10",2023,"M Chinnaswamy Stadium, Bengaluru","Bengaluru","Royal Challengers Bengaluru","Lucknow Super Giants",1,1,"Lucknow Super Giants","field","Lucknow Super Giants","Royal Challengers Bengaluru",56,0,36,9.33333333333333,0,0,1,"50-59","0"
"1359489","2023-04-10",2023,"M Chinnaswamy Stadium, Bengaluru","Bengaluru","Lucknow Super Giants","Royal Challengers Bengaluru",2,0,"Lucknow Super Giants","field","Lucknow Super Giants","Royal Challengers Bengaluru",37,3,36,6.16666666666667,1,1,1,"Under 40","3+"
"1359490","2023-04-11",2023,"Arun Jaitley Stadium, Delhi","Delhi","Delhi Capitals","Mumbai Indians",1,1,"Mumbai Indians","field","Mumbai Indians","Delhi Capitals",51,1,36,8.5,0,0,1,"50-59","1"
"1359490","2023-04-11",2023,"Arun Jaitley Stadium, Delhi","Delhi","Mumbai Indians","Delhi Capitals",2,0,"Mumbai Indians","field","Mumbai Indians","Delhi Capitals",68,0,36,11.3333333333333,1,1,1,"60+","0"
"1359491","2023-04-12",2023,"MA Chidambaram Stadium, Chepauk, Chennai","Chennai","Rajasthan Royals","Chennai Super Kings",1,1,"Chennai Super Kings","field","Rajasthan Royals","Chennai Super Kings",57,1,36,9.5,0,1,1,"50-59","1"
"1359491","2023-04-12",2023,"MA Chidambaram Stadium, Chepauk, Chennai","Chennai","Chennai Super Kings","Rajasthan Royals",2,0,"Chennai Super Kings","field","Rajasthan Royals","Chennai Super Kings",45,1,36,7.5,1,0,1,"40-49","1"
"1359492","2023-04-13",2023,"Punjab Cricket Association IS Bindra Stadium, Mohali, Chandigarh","Chandigarh","Punjab Kings","Gujarat Titans",1,1,"Gujarat Titans","field","Gujarat Titans","Punjab Kings",52,2,36,8.66666666666667,0,0,1,"50-59","2"
"1359492","2023-04-13",2023,"Punjab Cricket Association IS Bindra Stadium, Mohali, Chandigarh","Chandigarh","Gujarat Titans","Punjab Kings",2,0,"Gujarat Titans","field","Gujarat Titans","Punjab Kings",56,1,36,9.33333333333333,1,1,1,"50-59","1"
"1359493","2023-04-14",2023,"Eden Gardens, Kolkata","Kolkata","Sunrisers Hyderabad","Kolkata Knight Riders",1,1,"Kolkata Knight Riders","field","Sunrisers Hyderabad","Kolkata Knight Riders",65,2,36,10.8333333333333,0,1,1,"60+","2"
"1359493","2023-04-14",2023,"Eden Gardens, Kolkata","Kolkata","Kolkata Knight Riders","Sunrisers Hyderabad",2,0,"Kolkata Knight Riders","field","Sunrisers Hyderabad","Kolkata Knight Riders",62,3,36,10.3333333333333,1,0,1,"60+","3+"
"1359494","2023-04-15",2023,"M Chinnaswamy Stadium, Bengaluru","Bengaluru","Royal Challengers Bengaluru","Delhi Capitals",1,1,"Delhi Capitals","field","Royal Challengers Bengaluru","Delhi Capitals",47,1,36,7.83333333333333,0,1,1,"40-49","1"
"1359494","2023-04-15",2023,"M Chinnaswamy Stadium, Bengaluru","Bengaluru","Delhi Capitals","Royal Challengers Bengaluru",2,0,"Delhi Capitals","field","Royal Challengers Bengaluru","Delhi Capitals",32,4,36,5.33333333333333,1,0,1,"Under 40","3+"
"1359495","2023-04-15",2023,"Bharat Ratna Shri Atal Bihari Vajpayee Ekana Cricket Stadium, Lucknow","Lucknow","Lucknow Super Giants","Punjab Kings",1,1,"Punjab Kings","field","Punjab Kings","Lucknow Super Giants",49,0,36,8.16666666666667,0,0,1,"40-49","0"
"1359495","2023-04-15",2023,"Bharat Ratna Shri Atal Bihari Vajpayee Ekana Cricket Stadium, Lucknow","Lucknow","Punjab Kings","Lucknow Super Giants",2,0,"Punjab Kings","field","Punjab Kings","Lucknow Super Giants",45,3,36,7.5,1,1,1,"40-49","3+"
"1359496","2023-04-16",2023,"Wankhede Stadium, Mumbai","Mumbai","Kolkata Knight Riders","Mumbai Indians",1,1,"Mumbai Indians","field","Mumbai Indians","Kolkata Knight Riders",57,2,36,9.5,0,0,1,"50-59","2"
"1359496","2023-04-16",2023,"Wankhede Stadium, Mumbai","Mumbai","Mumbai Indians","Kolkata Knight Riders",2,0,"Mumbai Indians","field","Mumbai Indians","Kolkata Knight Riders",72,1,36,12,1,1,1,"60+","1"
"1359497","2023-04-16",2023,"Narendra Modi Stadium, Ahmedabad","Ahmedabad","Gujarat Titans","Rajasthan Royals",1,1,"Rajasthan Royals","field","Rajasthan Royals","Gujarat Titans",42,2,36,7,0,0,1,"40-49","2"
"1359497","2023-04-16",2023,"Narendra Modi Stadium, Ahmedabad","Ahmedabad","Rajasthan Royals","Gujarat Titans",2,0,"Rajasthan Royals","field","Rajasthan Royals","Gujarat Titans",26,2,36,4.33333333333333,1,1,1,"Under 40","2"
"1359498","2023-04-17",2023,"M Chinnaswamy Stadium, Bengaluru","Bengaluru","Chennai Super Kings","Royal Challengers Bengaluru",1,1,"Royal Challengers Bengaluru","field","Chennai Super Kings","Royal Challengers Bengaluru",53,1,36,8.83333333333333,0,1,1,"50-59","1"
"1359498","2023-04-17",2023,"M Chinnaswamy Stadium, Bengaluru","Bengaluru","Royal Challengers Bengaluru","Chennai Super Kings",2,0,"Royal Challengers Bengaluru","field","Chennai Super Kings","Royal Challengers Bengaluru",75,2,36,12.5,1,0,1,"60+","2"
"1359499","2023-04-18",2023,"Rajiv Gandhi International Stadium, Uppal, Hyderabad","Hyderabad","Mumbai Indians","Sunrisers Hyderabad",1,1,"Sunrisers Hyderabad","field","Mumbai Indians","Sunrisers Hyderabad",53,1,36,8.83333333333333,0,1,1,"50-59","1"
"1359499","2023-04-18",2023,"Rajiv Gandhi International Stadium, Uppal, Hyderabad","Hyderabad","Sunrisers Hyderabad","Mumbai Indians",2,0,"Sunrisers Hyderabad","field","Mumbai Indians","Sunrisers Hyderabad",42,2,36,7,1,0,1,"40-49","2"
"1359500","2023-04-19",2023,"Sawai Mansingh Stadium, Jaipur","Jaipur","Lucknow Super Giants","Rajasthan Royals",1,1,"Rajasthan Royals","field","Lucknow Super Giants","Rajasthan Royals",37,0,36,6.16666666666667,0,1,1,"Under 40","0"
"1359500","2023-04-19",2023,"Sawai Mansingh Stadium, Jaipur","Jaipur","Rajasthan Royals","Lucknow Super Giants",2,0,"Rajasthan Royals","field","Lucknow Super Giants","Rajasthan Royals",47,0,36,7.83333333333333,1,0,1,"40-49","0"
"1359501","2023-04-20",2023,"Punjab Cricket Association IS Bindra Stadium, Mohali, Chandigarh","Chandigarh","Royal Challengers Bengaluru","Punjab Kings",1,1,"Punjab Kings","field","Royal Challengers Bengaluru","Punjab Kings",59,0,36,9.83333333333333,0,1,1,"50-59","0"
"1359501","2023-04-20",2023,"Punjab Cricket Association IS Bindra Stadium, Mohali, Chandigarh","Chandigarh","Punjab Kings","Royal Challengers Bengaluru",2,0,"Punjab Kings","field","Royal Challengers Bengaluru","Punjab Kings",49,4,36,8.16666666666667,1,0,1,"40-49","3+"
"1359502","2023-04-20",2023,"Arun Jaitley Stadium, Delhi","Delhi","Kolkata Knight Riders","Delhi Capitals",1,1,"Delhi Capitals","field","Delhi Capitals","Kolkata Knight Riders",35,3,36,5.83333333333333,0,0,1,"Under 40","3+"
"1359502","2023-04-20",2023,"Arun Jaitley Stadium, Delhi","Delhi","Delhi Capitals","Kolkata Knight Riders",2,0,"Delhi Capitals","field","Delhi Capitals","Kolkata Knight Riders",61,1,36,10.1666666666667,1,1,1,"60+","1"
"1359503","2023-04-21",2023,"MA Chidambaram Stadium, Chepauk, Chennai","Chennai","Sunrisers Hyderabad","Chennai Super Kings",1,1,"Chennai Super Kings","field","Chennai Super Kings","Sunrisers Hyderabad",45,1,36,7.5,0,0,1,"40-49","1"
"1359503","2023-04-21",2023,"MA Chidambaram Stadium, Chepauk, Chennai","Chennai","Chennai Super Kings","Sunrisers Hyderabad",2,0,"Chennai Super Kings","field","Chennai Super Kings","Sunrisers Hyderabad",60,0,36,10,1,1,1,"60+","0"
"1359504","2023-04-22",2023,"Bharat Ratna Shri Atal Bihari Vajpayee Ekana Cricket Stadium, Lucknow","Lucknow","Gujarat Titans","Lucknow Super Giants",1,1,"Gujarat Titans","bat","Gujarat Titans","Lucknow Super Giants",40,1,36,6.66666666666667,1,1,0,"40-49","1"
"1359504","2023-04-22",2023,"Bharat Ratna Shri Atal Bihari Vajpayee Ekana Cricket Stadium, Lucknow","Lucknow","Lucknow Super Giants","Gujarat Titans",2,0,"Gujarat Titans","bat","Gujarat Titans","Lucknow Super Giants",53,0,36,8.83333333333333,0,0,0,"50-59","0"
"1359505","2023-04-22",2023,"Wankhede Stadium, Mumbai","Mumbai","Punjab Kings","Mumbai Indians",1,1,"Mumbai Indians","field","Punjab Kings","Mumbai Indians",58,1,36,9.66666666666667,0,1,1,"50-59","1"
"1359505","2023-04-22",2023,"Wankhede Stadium, Mumbai","Mumbai","Mumbai Indians","Punjab Kings",2,0,"Mumbai Indians","field","Punjab Kings","Mumbai Indians",54,1,36,9,1,0,1,"50-59","1"
"1359506","2023-04-23",2023,"M Chinnaswamy Stadium, Bengaluru","Bengaluru","Royal Challengers Bengaluru","Rajasthan Royals",1,1,"Rajasthan Royals","field","Royal Challengers Bengaluru","Rajasthan Royals",62,2,36,10.3333333333333,0,1,1,"60+","2"
"1359506","2023-04-23",2023,"M Chinnaswamy Stadium, Bengaluru","Bengaluru","Rajasthan Royals","Royal Challengers Bengaluru",2,0,"Rajasthan Royals","field","Royal Challengers Bengaluru","Rajasthan Royals",47,1,36,7.83333333333333,1,0,1,"40-49","1"
"1359507","2023-04-23",2023,"Eden Gardens, Kolkata","Kolkata","Chennai Super Kings","Kolkata Knight Riders",1,1,"Kolkata Knight Riders","field","Chennai Super Kings","Kolkata Knight Riders",59,0,36,9.83333333333333,0,1,1,"50-59","0"
"1359507","2023-04-23",2023,"Eden Gardens, Kolkata","Kolkata","Kolkata Knight Riders","Chennai Super Kings",2,0,"Kolkata Knight Riders","field","Chennai Super Kings","Kolkata Knight Riders",38,2,36,6.33333333333333,1,0,1,"Under 40","2"
"1359508","2023-04-24",2023,"Rajiv Gandhi International Stadium, Uppal, Hyderabad","Hyderabad","Delhi Capitals","Sunrisers Hyderabad",1,1,"Delhi Capitals","bat","Delhi Capitals","Sunrisers Hyderabad",49,2,36,8.16666666666667,1,1,0,"40-49","2"
"1359508","2023-04-24",2023,"Rajiv Gandhi International Stadium, Uppal, Hyderabad","Hyderabad","Sunrisers Hyderabad","Delhi Capitals",2,0,"Delhi Capitals","bat","Delhi Capitals","Sunrisers Hyderabad",36,1,36,6,0,0,0,"Under 40","1"
"1359509","2023-04-25",2023,"Narendra Modi Stadium, Ahmedabad","Ahmedabad","Gujarat Titans","Mumbai Indians",1,1,"Mumbai Indians","field","Gujarat Titans","Mumbai Indians",50,1,36,8.33333333333333,0,1,1,"50-59","1"
"1359509","2023-04-25",2023,"Narendra Modi Stadium, Ahmedabad","Ahmedabad","Mumbai Indians","Gujarat Titans",2,0,"Mumbai Indians","field","Gujarat Titans","Mumbai Indians",29,1,36,4.83333333333333,1,0,1,"Under 40","1"
"1359510","2023-04-26",2023,"M Chinnaswamy Stadium, Bengaluru","Bengaluru","Kolkata Knight Riders","Royal Challengers Bengaluru",1,1,"Royal Challengers Bengaluru","field","Kolkata Knight Riders","Royal Challengers Bengaluru",66,0,36,11,0,1,1,"60+","0"
"1359510","2023-04-26",2023,"M Chinnaswamy Stadium, Bengaluru","Bengaluru","Royal Challengers Bengaluru","Kolkata Knight Riders",2,0,"Royal Challengers Bengaluru","field","Kolkata Knight Riders","Royal Challengers Bengaluru",58,3,36,9.66666666666667,1,0,1,"50-59","3+"
"1359511","2023-04-27",2023,"Sawai Mansingh Stadium, Jaipur","Jaipur","Rajasthan Royals","Chennai Super Kings",1,1,"Rajasthan Royals","bat","Rajasthan Royals","Chennai Super Kings",64,0,36,10.6666666666667,1,1,0,"60+","0"
"1359511","2023-04-27",2023,"Sawai Mansingh Stadium, Jaipur","Jaipur","Chennai Super Kings","Rajasthan Royals",2,0,"Rajasthan Royals","bat","Rajasthan Royals","Chennai Super Kings",42,1,36,7,0,0,0,"40-49","1"
"1359512","2023-04-28",2023,"Punjab Cricket Association IS Bindra Stadium, Mohali, Chandigarh","Chandigarh","Lucknow Super Giants","Punjab Kings",1,1,"Punjab Kings","field","Lucknow Super Giants","Punjab Kings",74,2,36,12.3333333333333,0,1,1,"60+","2"
"1359512","2023-04-28",2023,"Punjab Cricket Association IS Bindra Stadium, Mohali, Chandigarh","Chandigarh","Punjab Kings","Lucknow Super Giants",2,0,"Punjab Kings","field","Lucknow Super Giants","Punjab Kings",55,2,36,9.16666666666667,1,0,1,"50-59","2"
"1359513","2023-04-29",2023,"Eden Gardens, Kolkata","Kolkata","Kolkata Knight Riders","Gujarat Titans",1,1,"Gujarat Titans","field","Gujarat Titans","Kolkata Knight Riders",61,2,36,10.1666666666667,0,0,1,"60+","2"
"1359513","2023-04-29",2023,"Eden Gardens, Kolkata","Kolkata","Gujarat Titans","Kolkata Knight Riders",2,0,"Gujarat Titans","field","Gujarat Titans","Kolkata Knight Riders",52,1,36,8.66666666666667,1,1,1,"50-59","1"
"1359514","2023-04-29",2023,"Arun Jaitley Stadium, Delhi","Delhi","Sunrisers Hyderabad","Delhi Capitals",1,1,"Sunrisers Hyderabad","bat","Sunrisers Hyderabad","Delhi Capitals",62,2,36,10.3333333333333,1,1,0,"60+","2"
"1359514","2023-04-29",2023,"Arun Jaitley Stadium, Delhi","Delhi","Delhi Capitals","Sunrisers Hyderabad",2,0,"Sunrisers Hyderabad","bat","Sunrisers Hyderabad","Delhi Capitals",57,1,36,9.5,0,0,0,"50-59","1"
"1359515","2023-04-30",2023,"MA Chidambaram Stadium, Chepauk, Chennai","Chennai","Chennai Super Kings","Punjab Kings",1,1,"Chennai Super Kings","bat","Punjab Kings","Chennai Super Kings",57,0,36,9.5,1,0,0,"50-59","0"
"1359515","2023-04-30",2023,"MA Chidambaram Stadium, Chepauk, Chennai","Chennai","Punjab Kings","Chennai Super Kings",2,0,"Chennai Super Kings","bat","Punjab Kings","Chennai Super Kings",62,1,36,10.3333333333333,0,1,0,"60+","1"
"1359516","2023-04-30",2023,"Wankhede Stadium, Mumbai","Mumbai","Rajasthan Royals","Mumbai Indians",1,1,"Rajasthan Royals","bat","Mumbai Indians","Rajasthan Royals",65,0,36,10.8333333333333,1,0,0,"60+","0"
"1359516","2023-04-30",2023,"Wankhede Stadium, Mumbai","Mumbai","Mumbai Indians","Rajasthan Royals",2,0,"Rajasthan Royals","bat","Mumbai Indians","Rajasthan Royals",58,1,36,9.66666666666667,0,1,0,"50-59","1"
"1359517","2023-05-01",2023,"Bharat Ratna Shri Atal Bihari Vajpayee Ekana Cricket Stadium, Lucknow","Lucknow","Royal Challengers Bengaluru","Lucknow Super Giants",1,1,"Royal Challengers Bengaluru","bat","Royal Challengers Bengaluru","Lucknow Super Giants",42,0,36,7,1,1,0,"40-49","0"
"1359517","2023-05-01",2023,"Bharat Ratna Shri Atal Bihari Vajpayee Ekana Cricket Stadium, Lucknow","Lucknow","Lucknow Super Giants","Royal Challengers Bengaluru",2,0,"Royal Challengers Bengaluru","bat","Royal Challengers Bengaluru","Lucknow Super Giants",34,4,36,5.66666666666667,0,0,0,"Under 40","3+"
"1359518","2023-05-02",2023,"Narendra Modi Stadium, Ahmedabad","Ahmedabad","Delhi Capitals","Gujarat Titans",1,1,"Delhi Capitals","bat","Delhi Capitals","Gujarat Titans",28,5,36,4.66666666666667,1,1,0,"Under 40","3+"
"1359518","2023-05-02",2023,"Narendra Modi Stadium, Ahmedabad","Ahmedabad","Gujarat Titans","Delhi Capitals",2,0,"Delhi Capitals","bat","Delhi Capitals","Gujarat Titans",31,3,36,5.16666666666667,0,0,0,"Under 40","3+"
"1359520","2023-05-03",2023,"Punjab Cricket Association IS Bindra Stadium, Mohali, Chandigarh","Chandigarh","Punjab Kings","Mumbai Indians",1,1,"Mumbai Indians","field","Mumbai Indians","Punjab Kings",50,1,36,8.33333333333333,0,0,1,"50-59","1"
"1359520","2023-05-03",2023,"Punjab Cricket Association IS Bindra Stadium, Mohali, Chandigarh","Chandigarh","Mumbai Indians","Punjab Kings",2,0,"Mumbai Indians","field","Mumbai Indians","Punjab Kings",54,2,36,9,1,1,1,"50-59","2"
"1359521","2023-05-04",2023,"Rajiv Gandhi International Stadium, Uppal, Hyderabad","Hyderabad","Kolkata Knight Riders","Sunrisers Hyderabad",1,1,"Kolkata Knight Riders","bat","Kolkata Knight Riders","Sunrisers Hyderabad",49,3,36,8.16666666666667,1,1,0,"40-49","3+"
"1359521","2023-05-04",2023,"Rajiv Gandhi International Stadium, Uppal, Hyderabad","Hyderabad","Sunrisers Hyderabad","Kolkata Knight Riders",2,0,"Kolkata Knight Riders","bat","Kolkata Knight Riders","Sunrisers Hyderabad",53,3,36,8.83333333333333,0,0,0,"50-59","3+"
"1359522","2023-05-05",2023,"Sawai Mansingh Stadium, Jaipur","Jaipur","Rajasthan Royals","Gujarat Titans",1,1,"Rajasthan Royals","bat","Gujarat Titans","Rajasthan Royals",50,2,36,8.33333333333333,1,0,0,"50-59","2"
"1359522","2023-05-05",2023,"Sawai Mansingh Stadium, Jaipur","Jaipur","Gujarat Titans","Rajasthan Royals",2,0,"Rajasthan Royals","bat","Gujarat Titans","Rajasthan Royals",49,0,36,8.16666666666667,0,1,0,"40-49","0"
"1359523","2023-05-06",2023,"MA Chidambaram Stadium, Chepauk, Chennai","Chennai","Mumbai Indians","Chennai Super Kings",1,1,"Chennai Super Kings","field","Chennai Super Kings","Mumbai Indians",34,3,36,5.66666666666667,0,0,1,"Under 40","3+"
"1359523","2023-05-06",2023,"MA Chidambaram Stadium, Chepauk, Chennai","Chennai","Chennai Super Kings","Mumbai Indians",2,0,"Chennai Super Kings","field","Chennai Super Kings","Mumbai Indians",55,1,36,9.16666666666667,1,1,1,"50-59","1"
"1359524","2023-05-06",2023,"Arun Jaitley Stadium, Delhi","Delhi","Royal Challengers Bengaluru","Delhi Capitals",1,1,"Royal Challengers Bengaluru","bat","Delhi Capitals","Royal Challengers Bengaluru",51,0,36,8.5,1,0,0,"50-59","0"
"1359524","2023-05-06",2023,"Arun Jaitley Stadium, Delhi","Delhi","Delhi Capitals","Royal Challengers Bengaluru",2,0,"Royal Challengers Bengaluru","bat","Delhi Capitals","Royal Challengers Bengaluru",70,1,36,11.6666666666667,0,1,0,"60+","1"
"1359525","2023-05-07",2023,"Narendra Modi Stadium, Ahmedabad","Ahmedabad","Gujarat Titans","Lucknow Super Giants",1,1,"Lucknow Super Giants","field","Gujarat Titans","Lucknow Super Giants",78,0,36,13,0,1,1,"60+","0"
"1359525","2023-05-07",2023,"Narendra Modi Stadium, Ahmedabad","Ahmedabad","Lucknow Super Giants","Gujarat Titans",2,0,"Lucknow Super Giants","field","Gujarat Titans","Lucknow Super Giants",72,0,36,12,1,0,1,"60+","0"
"1359526","2023-05-07",2023,"Sawai Mansingh Stadium, Jaipur","Jaipur","Rajasthan Royals","Sunrisers Hyderabad",1,1,"Rajasthan Royals","bat","Sunrisers Hyderabad","Rajasthan Royals",61,1,36,10.1666666666667,1,0,0,"60+","1"
"1359526","2023-05-07",2023,"Sawai Mansingh Stadium, Jaipur","Jaipur","Sunrisers Hyderabad","Rajasthan Royals",2,0,"Rajasthan Royals","bat","Sunrisers Hyderabad","Rajasthan Royals",52,1,36,8.66666666666667,0,1,0,"50-59","1"
"1359527","2023-05-08",2023,"Eden Gardens, Kolkata","Kolkata","Punjab Kings","Kolkata Knight Riders",1,1,"Punjab Kings","bat","Kolkata Knight Riders","Punjab Kings",58,3,36,9.66666666666667,1,0,0,"50-59","3+"
"1359527","2023-05-08",2023,"Eden Gardens, Kolkata","Kolkata","Kolkata Knight Riders","Punjab Kings",2,0,"Punjab Kings","bat","Kolkata Knight Riders","Punjab Kings",52,1,36,8.66666666666667,0,1,0,"50-59","1"
"1359528","2023-05-09",2023,"Wankhede Stadium, Mumbai","Mumbai","Royal Challengers Bengaluru","Mumbai Indians",1,1,"Mumbai Indians","field","Mumbai Indians","Royal Challengers Bengaluru",56,2,36,9.33333333333333,0,0,1,"50-59","2"
"1359528","2023-05-09",2023,"Wankhede Stadium, Mumbai","Mumbai","Mumbai Indians","Royal Challengers Bengaluru",2,0,"Mumbai Indians","field","Mumbai Indians","Royal Challengers Bengaluru",62,2,36,10.3333333333333,1,1,1,"60+","2"
"1359529","2023-05-10",2023,"MA Chidambaram Stadium, Chepauk, Chennai","Chennai","Chennai Super Kings","Delhi Capitals",1,1,"Chennai Super Kings","bat","Chennai Super Kings","Delhi Capitals",49,1,36,8.16666666666667,1,1,0,"40-49","1"
"1359529","2023-05-10",2023,"MA Chidambaram Stadium, Chepauk, Chennai","Chennai","Delhi Capitals","Chennai Super Kings",2,0,"Chennai Super Kings","bat","Chennai Super Kings","Delhi Capitals",47,3,36,7.83333333333333,0,0,0,"40-49","3+"
"1359530","2023-05-11",2023,"Eden Gardens, Kolkata","Kolkata","Kolkata Knight Riders","Rajasthan Royals",1,1,"Rajasthan Royals","field","Rajasthan Royals","Kolkata Knight Riders",37,2,36,6.16666666666667,0,0,1,"Under 40","2"
"1359530","2023-05-11",2023,"Eden Gardens, Kolkata","Kolkata","Rajasthan Royals","Kolkata Knight Riders",2,0,"Rajasthan Royals","field","Rajasthan Royals","Kolkata Knight Riders",78,1,36,13,1,1,1,"60+","1"
"1359531","2023-05-12",2023,"Wankhede Stadium, Mumbai","Mumbai","Mumbai Indians","Gujarat Titans",1,1,"Gujarat Titans","field","Mumbai Indians","Gujarat Titans",61,0,36,10.1666666666667,0,1,1,"60+","0"
"1359531","2023-05-12",2023,"Wankhede Stadium, Mumbai","Mumbai","Gujarat Titans","Mumbai Indians",2,0,"Gujarat Titans","field","Mumbai Indians","Gujarat Titans",48,3,36,8,1,0,1,"40-49","3+"
"1359532","2023-05-13",2023,"Rajiv Gandhi International Stadium, Uppal, Hyderabad","Hyderabad","Sunrisers Hyderabad","Lucknow Super Giants",1,1,"Sunrisers Hyderabad","bat","Lucknow Super Giants","Sunrisers Hyderabad",56,2,36,9.33333333333333,1,0,0,"50-59","2"
"1359532","2023-05-13",2023,"Rajiv Gandhi International Stadium, Uppal, Hyderabad","Hyderabad","Lucknow Super Giants","Sunrisers Hyderabad",2,0,"Sunrisers Hyderabad","bat","Lucknow Super Giants","Sunrisers Hyderabad",30,1,36,5,0,1,0,"Under 40","1"
"1359533","2023-05-13",2023,"Arun Jaitley Stadium, Delhi","Delhi","Punjab Kings","Delhi Capitals",1,1,"Delhi Capitals","field","Punjab Kings","Delhi Capitals",46,3,36,7.66666666666667,0,1,1,"40-49","3+"
"1359533","2023-05-13",2023,"Arun Jaitley Stadium, Delhi","Delhi","Delhi Capitals","Punjab Kings",2,0,"Delhi Capitals","field","Punjab Kings","Delhi Capitals",65,0,36,10.8333333333333,1,0,1,"60+","0"
"1359534","2023-05-14",2023,"Sawai Mansingh Stadium, Jaipur","Jaipur","Royal Challengers Bengaluru","Rajasthan Royals",1,1,"Royal Challengers Bengaluru","bat","Royal Challengers Bengaluru","Rajasthan Royals",42,0,36,7,1,1,0,"40-49","0"
"1359534","2023-05-14",2023,"Sawai Mansingh Stadium, Jaipur","Jaipur","Rajasthan Royals","Royal Challengers Bengaluru",2,0,"Royal Challengers Bengaluru","bat","Royal Challengers Bengaluru","Rajasthan Royals",28,5,36,4.66666666666667,0,0,0,"Under 40","3+"
"1359535","2023-05-14",2023,"MA Chidambaram Stadium, Chepauk, Chennai","Chennai","Chennai Super Kings","Kolkata Knight Riders",1,1,"Chennai Super Kings","bat","Kolkata Knight Riders","Chennai Super Kings",52,1,36,8.66666666666667,1,0,0,"50-59","1"
"1359535","2023-05-14",2023,"MA Chidambaram Stadium, Chepauk, Chennai","Chennai","Kolkata Knight Riders","Chennai Super Kings",2,0,"Chennai Super Kings","bat","Kolkata Knight Riders","Chennai Super Kings",46,3,36,7.66666666666667,0,1,0,"40-49","3+"
"1359536","2023-05-15",2023,"Narendra Modi Stadium, Ahmedabad","Ahmedabad","Gujarat Titans","Sunrisers Hyderabad",1,1,"Sunrisers Hyderabad","field","Gujarat Titans","Sunrisers Hyderabad",65,1,36,10.8333333333333,0,1,1,"60+","1"
"1359536","2023-05-15",2023,"Narendra Modi Stadium, Ahmedabad","Ahmedabad","Sunrisers Hyderabad","Gujarat Titans",2,0,"Sunrisers Hyderabad","field","Gujarat Titans","Sunrisers Hyderabad",45,4,36,7.5,1,0,1,"40-49","3+"
"1359537","2023-05-16",2023,"Bharat Ratna Shri Atal Bihari Vajpayee Ekana Cricket Stadium, Lucknow","Lucknow","Lucknow Super Giants","Mumbai Indians",1,1,"Mumbai Indians","field","Lucknow Super Giants","Mumbai Indians",35,2,36,5.83333333333333,0,1,1,"Under 40","2"
"1359537","2023-05-16",2023,"Bharat Ratna Shri Atal Bihari Vajpayee Ekana Cricket Stadium, Lucknow","Lucknow","Mumbai Indians","Lucknow Super Giants",2,0,"Mumbai Indians","field","Lucknow Super Giants","Mumbai Indians",58,0,36,9.66666666666667,1,0,1,"50-59","0"
"1359538","2023-05-17",2023,"Himachal Pradesh Cricket Association Stadium, Dharamsala","Dharamsala","Delhi Capitals","Punjab Kings",1,1,"Punjab Kings","field","Delhi Capitals","Punjab Kings",61,0,36,10.1666666666667,0,1,1,"60+","0"
"1359538","2023-05-17",2023,"Himachal Pradesh Cricket Association Stadium, Dharamsala","Dharamsala","Punjab Kings","Delhi Capitals",2,0,"Punjab Kings","field","Delhi Capitals","Punjab Kings",47,1,36,7.83333333333333,1,0,1,"40-49","1"
"1359539","2023-05-18",2023,"Rajiv Gandhi International Stadium, Uppal, Hyderabad","Hyderabad","Sunrisers Hyderabad","Royal Challengers Bengaluru",1,1,"Royal Challengers Bengaluru","field","Royal Challengers Bengaluru","Sunrisers Hyderabad",49,2,36,8.16666666666667,0,0,1,"40-49","2"
"1359539","2023-05-18",2023,"Rajiv Gandhi International Stadium, Uppal, Hyderabad","Hyderabad","Royal Challengers Bengaluru","Sunrisers Hyderabad",2,0,"Royal Challengers Bengaluru","field","Royal Challengers Bengaluru","Sunrisers Hyderabad",64,0,36,10.6666666666667,1,1,1,"60+","0"
"1359540","2023-05-19",2023,"Himachal Pradesh Cricket Association Stadium, Dharamsala","Dharamsala","Punjab Kings","Rajasthan Royals",1,1,"Rajasthan Royals","field","Rajasthan Royals","Punjab Kings",48,3,36,8,0,0,1,"40-49","3+"
"1359540","2023-05-19",2023,"Himachal Pradesh Cricket Association Stadium, Dharamsala","Dharamsala","Rajasthan Royals","Punjab Kings",2,0,"Rajasthan Royals","field","Rajasthan Royals","Punjab Kings",57,1,36,9.5,1,1,1,"50-59","1"
"1359541","2023-05-20",2023,"Arun Jaitley Stadium, Delhi","Delhi","Chennai Super Kings","Delhi Capitals",1,1,"Chennai Super Kings","bat","Chennai Super Kings","Delhi Capitals",52,0,36,8.66666666666667,1,1,0,"50-59","0"
"1359541","2023-05-20",2023,"Arun Jaitley Stadium, Delhi","Delhi","Delhi Capitals","Chennai Super Kings",2,0,"Chennai Super Kings","bat","Chennai Super Kings","Delhi Capitals",34,3,36,5.66666666666667,0,0,0,"Under 40","3+"
"1359542","2023-05-20",2023,"Eden Gardens, Kolkata","Kolkata","Lucknow Super Giants","Kolkata Knight Riders",1,1,"Kolkata Knight Riders","field","Lucknow Super Giants","Kolkata Knight Riders",54,1,36,9,0,1,1,"50-59","1"
"1359542","2023-05-20",2023,"Eden Gardens, Kolkata","Kolkata","Kolkata Knight Riders","Lucknow Super Giants",2,0,"Kolkata Knight Riders","field","Lucknow Super Giants","Kolkata Knight Riders",61,1,36,10.1666666666667,1,0,1,"60+","1"
"1359543","2023-05-21",2023,"Wankhede Stadium, Mumbai","Mumbai","Sunrisers Hyderabad","Mumbai Indians",1,1,"Mumbai Indians","field","Mumbai Indians","Sunrisers Hyderabad",53,0,36,8.83333333333333,0,0,1,"50-59","0"
"1359543","2023-05-21",2023,"Wankhede Stadium, Mumbai","Mumbai","Mumbai Indians","Sunrisers Hyderabad",2,0,"Mumbai Indians","field","Mumbai Indians","Sunrisers Hyderabad",60,1,36,10,1,1,1,"60+","1"
"1359544","2023-05-21",2023,"M Chinnaswamy Stadium, Bengaluru","Bengaluru","Royal Challengers Bengaluru","Gujarat Titans",1,1,"Gujarat Titans","field","Gujarat Titans","Royal Challengers Bengaluru",62,0,36,10.3333333333333,0,0,1,"60+","0"
"1359544","2023-05-21",2023,"M Chinnaswamy Stadium, Bengaluru","Bengaluru","Gujarat Titans","Royal Challengers Bengaluru",2,0,"Gujarat Titans","field","Gujarat Titans","Royal Challengers Bengaluru",51,1,36,8.5,1,1,1,"50-59","1"
"1370350","2023-05-23",2023,"MA Chidambaram Stadium, Chepauk, Chennai","Chennai","Chennai Super Kings","Gujarat Titans",1,1,"Gujarat Titans","field","Chennai Super Kings","Gujarat Titans",49,0,36,8.16666666666667,0,1,1,"40-49","0"
"1370350","2023-05-23",2023,"MA Chidambaram Stadium, Chepauk, Chennai","Chennai","Gujarat Titans","Chennai Super Kings",2,0,"Gujarat Titans","field","Chennai Super Kings","Gujarat Titans",41,2,36,6.83333333333333,1,0,1,"40-49","2"
"1370351","2023-05-24",2023,"MA Chidambaram Stadium, Chepauk, Chennai","Chennai","Mumbai Indians","Lucknow Super Giants",1,1,"Mumbai Indians","bat","Mumbai Indians","Lucknow Super Giants",62,2,36,10.3333333333333,1,1,0,"60+","2"
"1370351","2023-05-24",2023,"MA Chidambaram Stadium, Chepauk, Chennai","Chennai","Lucknow Super Giants","Mumbai Indians",2,0,"Mumbai Indians","bat","Mumbai Indians","Lucknow Super Giants",54,2,36,9,0,0,0,"50-59","2"
"1370352","2023-05-26",2023,"Narendra Modi Stadium, Ahmedabad","Ahmedabad","Gujarat Titans","Mumbai Indians",1,1,"Mumbai Indians","field","Gujarat Titans","Mumbai Indians",50,0,36,8.33333333333333,0,1,1,"50-59","0"
"1370352","2023-05-26",2023,"Narendra Modi Stadium, Ahmedabad","Ahmedabad","Mumbai Indians","Gujarat Titans",2,0,"Mumbai Indians","field","Gujarat Titans","Mumbai Indians",72,3,36,12,1,0,1,"60+","3+"
"1370353","2023-05-29",2023,"Narendra Modi Stadium, Ahmedabad","Ahmedabad","Gujarat Titans","Chennai Super Kings",1,1,"Chennai Super Kings","field","Chennai Super Kings","Gujarat Titans",62,0,36,10.3333333333333,0,0,1,"60+","0"
"1370353","2023-05-29",2023,"Narendra Modi Stadium, Ahmedabad","Ahmedabad","Chennai Super Kings","Gujarat Titans",2,0,"Chennai Super Kings","field","Chennai Super Kings","Gujarat Titans",72,0,36,12,1,1,1,"60+","0"
"1422119","2024-03-22",2024,"MA Chidambaram Stadium, Chepauk, Chennai","Chennai","Royal Challengers Bengaluru","Chennai Super Kings",1,1,"Royal Challengers Bengaluru","bat","Chennai Super Kings","Royal Challengers Bengaluru",42,3,36,7,1,0,0,"40-49","3+"
"1422119","2024-03-22",2024,"MA Chidambaram Stadium, Chepauk, Chennai","Chennai","Chennai Super Kings","Royal Challengers Bengaluru",2,0,"Royal Challengers Bengaluru","bat","Chennai Super Kings","Royal Challengers Bengaluru",62,1,36,10.3333333333333,0,1,0,"60+","1"
"1422120","2024-03-23",2024,"Maharaja Yadavindra Singh International Cricket Stadium, Mullanpur","Mohali","Delhi Capitals","Punjab Kings",1,1,"Punjab Kings","field","Punjab Kings","Delhi Capitals",54,1,36,9,0,0,1,"50-59","1"
"1422120","2024-03-23",2024,"Maharaja Yadavindra Singh International Cricket Stadium, Mullanpur","Mohali","Punjab Kings","Delhi Capitals",2,0,"Punjab Kings","field","Punjab Kings","Delhi Capitals",60,2,36,10,1,1,1,"60+","2"
"1422121","2024-03-23",2024,"Eden Gardens, Kolkata","Kolkata","Kolkata Knight Riders","Sunrisers Hyderabad",1,1,"Sunrisers Hyderabad","field","Kolkata Knight Riders","Sunrisers Hyderabad",43,3,36,7.16666666666667,0,1,1,"40-49","3+"
"1422121","2024-03-23",2024,"Eden Gardens, Kolkata","Kolkata","Sunrisers Hyderabad","Kolkata Knight Riders",2,0,"Sunrisers Hyderabad","field","Kolkata Knight Riders","Sunrisers Hyderabad",65,1,36,10.8333333333333,1,0,1,"60+","1"
"1422122","2024-03-24",2024,"Sawai Mansingh Stadium, Jaipur","Jaipur","Rajasthan Royals","Lucknow Super Giants",1,1,"Rajasthan Royals","bat","Rajasthan Royals","Lucknow Super Giants",54,2,36,9,1,1,0,"50-59","2"
"1422122","2024-03-24",2024,"Sawai Mansingh Stadium, Jaipur","Jaipur","Lucknow Super Giants","Rajasthan Royals",2,0,"Rajasthan Royals","bat","Rajasthan Royals","Lucknow Super Giants",47,3,36,7.83333333333333,0,0,0,"40-49","3+"
"1422123","2024-03-24",2024,"Narendra Modi Stadium, Ahmedabad","Ahmedabad","Gujarat Titans","Mumbai Indians",1,1,"Mumbai Indians","field","Gujarat Titans","Mumbai Indians",47,1,36,7.83333333333333,0,1,1,"40-49","1"
"1422123","2024-03-24",2024,"Narendra Modi Stadium, Ahmedabad","Ahmedabad","Mumbai Indians","Gujarat Titans",2,0,"Mumbai Indians","field","Gujarat Titans","Mumbai Indians",52,2,36,8.66666666666667,1,0,1,"50-59","2"
"1422124","2024-03-25",2024,"M Chinnaswamy Stadium, Bengaluru","Bengaluru","Punjab Kings","Royal Challengers Bengaluru",1,1,"Royal Challengers Bengaluru","field","Royal Challengers Bengaluru","Punjab Kings",40,1,36,6.66666666666667,0,0,1,"40-49","1"
"1422124","2024-03-25",2024,"M Chinnaswamy Stadium, Bengaluru","Bengaluru","Royal Challengers Bengaluru","Punjab Kings",2,0,"Royal Challengers Bengaluru","field","Royal Challengers Bengaluru","Punjab Kings",50,2,36,8.33333333333333,1,1,1,"50-59","2"
"1422125","2024-03-26",2024,"MA Chidambaram Stadium, Chepauk, Chennai","Chennai","Chennai Super Kings","Gujarat Titans",1,1,"Gujarat Titans","field","Chennai Super Kings","Gujarat Titans",69,1,36,11.5,0,1,1,"60+","1"
"1422125","2024-03-26",2024,"MA Chidambaram Stadium, Chepauk, Chennai","Chennai","Gujarat Titans","Chennai Super Kings",2,0,"Gujarat Titans","field","Chennai Super Kings","Gujarat Titans",43,2,36,7.16666666666667,1,0,1,"40-49","2"
"1422126","2024-03-27",2024,"Rajiv Gandhi International Stadium, Uppal, Hyderabad","Hyderabad","Sunrisers Hyderabad","Mumbai Indians",1,1,"Mumbai Indians","field","Sunrisers Hyderabad","Mumbai Indians",81,1,36,13.5,0,1,1,"60+","1"
"1422126","2024-03-27",2024,"Rajiv Gandhi International Stadium, Uppal, Hyderabad","Hyderabad","Mumbai Indians","Sunrisers Hyderabad",2,0,"Mumbai Indians","field","Sunrisers Hyderabad","Mumbai Indians",76,2,36,12.6666666666667,1,0,1,"60+","2"
"1422127","2024-03-28",2024,"Sawai Mansingh Stadium, Jaipur","Jaipur","Rajasthan Royals","Delhi Capitals",1,1,"Delhi Capitals","field","Rajasthan Royals","Delhi Capitals",31,2,36,5.16666666666667,0,1,1,"Under 40","2"
"1422127","2024-03-28",2024,"Sawai Mansingh Stadium, Jaipur","Jaipur","Delhi Capitals","Rajasthan Royals",2,0,"Delhi Capitals","field","Rajasthan Royals","Delhi Capitals",59,2,36,9.83333333333333,1,0,1,"50-59","2"
"1422128","2024-03-29",2024,"M Chinnaswamy Stadium, Bengaluru","Bengaluru","Royal Challengers Bengaluru","Kolkata Knight Riders",1,1,"Kolkata Knight Riders","field","Kolkata Knight Riders","Royal Challengers Bengaluru",61,1,36,10.1666666666667,0,0,1,"60+","1"
"1422128","2024-03-29",2024,"M Chinnaswamy Stadium, Bengaluru","Bengaluru","Kolkata Knight Riders","Royal Challengers Bengaluru",2,0,"Kolkata Knight Riders","field","Kolkata Knight Riders","Royal Challengers Bengaluru",85,0,36,14.1666666666667,1,1,1,"60+","0"
"1422129","2024-03-30",2024,"Bharat Ratna Shri Atal Bihari Vajpayee Ekana Cricket Stadium, Lucknow","Lucknow","Lucknow Super Giants","Punjab Kings",1,1,"Lucknow Super Giants","bat","Lucknow Super Giants","Punjab Kings",54,2,36,9,1,1,0,"50-59","2"
"1422129","2024-03-30",2024,"Bharat Ratna Shri Atal Bihari Vajpayee Ekana Cricket Stadium, Lucknow","Lucknow","Punjab Kings","Lucknow Super Giants",2,0,"Lucknow Super Giants","bat","Lucknow Super Giants","Punjab Kings",61,0,36,10.1666666666667,0,0,0,"60+","0"
"1422130","2024-03-31",2024,"Narendra Modi Stadium, Ahmedabad","Ahmedabad","Sunrisers Hyderabad","Gujarat Titans",1,1,"Sunrisers Hyderabad","bat","Gujarat Titans","Sunrisers Hyderabad",56,1,36,9.33333333333333,1,0,0,"50-59","1"
"1422130","2024-03-31",2024,"Narendra Modi Stadium, Ahmedabad","Ahmedabad","Gujarat Titans","Sunrisers Hyderabad",2,0,"Sunrisers Hyderabad","bat","Gujarat Titans","Sunrisers Hyderabad",52,1,36,8.66666666666667,0,1,0,"50-59","1"
"1422131","2024-03-31",2024,"Dr. Y.S. Rajasekhara Reddy ACA-VDCA Cricket Stadium, Visakhapatnam","Visakhapatnam","Delhi Capitals","Chennai Super Kings",1,1,"Delhi Capitals","bat","Delhi Capitals","Chennai Super Kings",62,0,36,10.3333333333333,1,1,0,"60+","0"
"1422131","2024-03-31",2024,"Dr. Y.S. Rajasekhara Reddy ACA-VDCA Cricket Stadium, Visakhapatnam","Visakhapatnam","Chennai Super Kings","Delhi Capitals",2,0,"Delhi Capitals","bat","Delhi Capitals","Chennai Super Kings",32,2,36,5.33333333333333,0,0,0,"Under 40","2"
"1422132","2024-04-01",2024,"Wankhede Stadium, Mumbai","Mumbai","Mumbai Indians","Rajasthan Royals",1,1,"Rajasthan Royals","field","Rajasthan Royals","Mumbai Indians",46,4,36,7.66666666666667,0,0,1,"40-49","3+"
"1422132","2024-04-01",2024,"Wankhede Stadium, Mumbai","Mumbai","Rajasthan Royals","Mumbai Indians",2,0,"Rajasthan Royals","field","Rajasthan Royals","Mumbai Indians",46,2,36,7.66666666666667,1,1,1,"40-49","2"
"1422133","2024-04-02",2024,"M Chinnaswamy Stadium, Bengaluru","Bengaluru","Lucknow Super Giants","Royal Challengers Bengaluru",1,1,"Royal Challengers Bengaluru","field","Lucknow Super Giants","Royal Challengers Bengaluru",54,1,36,9,0,1,1,"50-59","1"
"1422133","2024-04-02",2024,"M Chinnaswamy Stadium, Bengaluru","Bengaluru","Royal Challengers Bengaluru","Lucknow Super Giants",2,0,"Royal Challengers Bengaluru","field","Lucknow Super Giants","Royal Challengers Bengaluru",48,3,36,8,1,0,1,"40-49","3+"
"1422134","2024-04-03",2024,"Dr. Y.S. Rajasekhara Reddy ACA-VDCA Cricket Stadium, Visakhapatnam","Visakhapatnam","Kolkata Knight Riders","Delhi Capitals",1,1,"Kolkata Knight Riders","bat","Kolkata Knight Riders","Delhi Capitals",88,1,36,14.6666666666667,1,1,0,"60+","1"
"1422134","2024-04-03",2024,"Dr. Y.S. Rajasekhara Reddy ACA-VDCA Cricket Stadium, Visakhapatnam","Visakhapatnam","Delhi Capitals","Kolkata Knight Riders",2,0,"Kolkata Knight Riders","bat","Kolkata Knight Riders","Delhi Capitals",51,4,36,8.5,0,0,0,"50-59","3+"
"1422135","2024-04-04",2024,"Narendra Modi Stadium, Ahmedabad","Ahmedabad","Gujarat Titans","Punjab Kings",1,1,"Punjab Kings","field","Punjab Kings","Gujarat Titans",52,1,36,8.66666666666667,0,0,1,"50-59","1"
"1422135","2024-04-04",2024,"Narendra Modi Stadium, Ahmedabad","Ahmedabad","Punjab Kings","Gujarat Titans",2,0,"Punjab Kings","field","Punjab Kings","Gujarat Titans",54,2,36,9,1,1,1,"50-59","2"
"1422136","2024-04-05",2024,"Rajiv Gandhi International Stadium, Uppal, Hyderabad","Hyderabad","Chennai Super Kings","Sunrisers Hyderabad",1,1,"Sunrisers Hyderabad","field","Sunrisers Hyderabad","Chennai Super Kings",48,1,36,8,0,0,1,"40-49","1"
"1422136","2024-04-05",2024,"Rajiv Gandhi International Stadium, Uppal, Hyderabad","Hyderabad","Sunrisers Hyderabad","Chennai Super Kings",2,0,"Sunrisers Hyderabad","field","Sunrisers Hyderabad","Chennai Super Kings",78,1,36,13,1,1,1,"60+","1"
"1422137","2024-04-06",2024,"Sawai Mansingh Stadium, Jaipur","Jaipur","Royal Challengers Bengaluru","Rajasthan Royals",1,1,"Rajasthan Royals","field","Rajasthan Royals","Royal Challengers Bengaluru",53,0,36,8.83333333333333,0,0,1,"50-59","0"
"1422137","2024-04-06",2024,"Sawai Mansingh Stadium, Jaipur","Jaipur","Rajasthan Royals","Royal Challengers Bengaluru",2,0,"Rajasthan Royals","field","Rajasthan Royals","Royal Challengers Bengaluru",54,1,36,9,1,1,1,"50-59","1"
"1422138","2024-04-07",2024,"Wankhede Stadium, Mumbai","Mumbai","Mumbai Indians","Delhi Capitals",1,1,"Delhi Capitals","field","Mumbai Indians","Delhi Capitals",75,0,36,12.5,0,1,1,"60+","0"
"1422138","2024-04-07",2024,"Wankhede Stadium, Mumbai","Mumbai","Delhi Capitals","Mumbai Indians",2,0,"Delhi Capitals","field","Mumbai Indians","Delhi Capitals",46,1,36,7.66666666666667,1,0,1,"40-49","1"
"1422139","2024-04-07",2024,"Bharat Ratna Shri Atal Bihari Vajpayee Ekana Cricket Stadium, Lucknow","Lucknow","Lucknow Super Giants","Gujarat Titans",1,1,"Lucknow Super Giants","bat","Lucknow Super Giants","Gujarat Titans",47,2,36,7.83333333333333,1,1,0,"40-49","2"
"1422139","2024-04-07",2024,"Bharat Ratna Shri Atal Bihari Vajpayee Ekana Cricket Stadium, Lucknow","Lucknow","Gujarat Titans","Lucknow Super Giants",2,0,"Lucknow Super Giants","bat","Lucknow Super Giants","Gujarat Titans",54,1,36,9,0,0,0,"50-59","1"
"1426260","2024-04-08",2024,"MA Chidambaram Stadium, Chepauk, Chennai","Chennai","Kolkata Knight Riders","Chennai Super Kings",1,1,"Chennai Super Kings","field","Chennai Super Kings","Kolkata Knight Riders",56,1,36,9.33333333333333,0,0,1,"50-59","1"
"1426260","2024-04-08",2024,"MA Chidambaram Stadium, Chepauk, Chennai","Chennai","Chennai Super Kings","Kolkata Knight Riders",2,0,"Chennai Super Kings","field","Chennai Super Kings","Kolkata Knight Riders",52,1,36,8.66666666666667,1,1,1,"50-59","1"
"1426261","2024-04-09",2024,"Maharaja Yadavindra Singh International Cricket Stadium, Mullanpur","Mohali","Sunrisers Hyderabad","Punjab Kings",1,1,"Punjab Kings","field","Sunrisers Hyderabad","Punjab Kings",40,3,36,6.66666666666667,0,1,1,"40-49","3+"
"1426261","2024-04-09",2024,"Maharaja Yadavindra Singh International Cricket Stadium, Mullanpur","Mohali","Punjab Kings","Sunrisers Hyderabad",2,0,"Punjab Kings","field","Sunrisers Hyderabad","Punjab Kings",27,3,36,4.5,1,0,1,"Under 40","3+"
"1426262","2024-04-10",2024,"Sawai Mansingh Stadium, Jaipur","Jaipur","Rajasthan Royals","Gujarat Titans",1,1,"Gujarat Titans","field","Gujarat Titans","Rajasthan Royals",43,2,36,7.16666666666667,0,0,1,"40-49","2"
"1426262","2024-04-10",2024,"Sawai Mansingh Stadium, Jaipur","Jaipur","Gujarat Titans","Rajasthan Royals",2,0,"Gujarat Titans","field","Gujarat Titans","Rajasthan Royals",44,0,36,7.33333333333333,1,1,1,"40-49","0"
"1426263","2024-04-11",2024,"Wankhede Stadium, Mumbai","Mumbai","Royal Challengers Bengaluru","Mumbai Indians",1,1,"Mumbai Indians","field","Mumbai Indians","Royal Challengers Bengaluru",44,2,36,7.33333333333333,0,0,1,"40-49","2"
"1426263","2024-04-11",2024,"Wankhede Stadium, Mumbai","Mumbai","Mumbai Indians","Royal Challengers Bengaluru",2,0,"Mumbai Indians","field","Mumbai Indians","Royal Challengers Bengaluru",72,0,36,12,1,1,1,"60+","0"
"1426264","2024-04-12",2024,"Bharat Ratna Shri Atal Bihari Vajpayee Ekana Cricket Stadium, Lucknow","Lucknow","Lucknow Super Giants","Delhi Capitals",1,1,"Lucknow Super Giants","bat","Delhi Capitals","Lucknow Super Giants",57,2,36,9.5,1,0,0,"50-59","2"
"1426264","2024-04-12",2024,"Bharat Ratna Shri Atal Bihari Vajpayee Ekana Cricket Stadium, Lucknow","Lucknow","Delhi Capitals","Lucknow Super Giants",2,0,"Lucknow Super Giants","bat","Delhi Capitals","Lucknow Super Giants",62,1,36,10.3333333333333,0,1,0,"60+","1"
"1426265","2024-04-13",2024,"Maharaja Yadavindra Singh International Cricket Stadium, Mullanpur","Mohali","Punjab Kings","Rajasthan Royals",1,1,"Rajasthan Royals","field","Rajasthan Royals","Punjab Kings",38,1,36,6.33333333333333,0,0,1,"Under 40","1"
"1426265","2024-04-13",2024,"Maharaja Yadavindra Singh International Cricket Stadium, Mullanpur","Mohali","Rajasthan Royals","Punjab Kings",2,0,"Rajasthan Royals","field","Rajasthan Royals","Punjab Kings",43,0,36,7.16666666666667,1,1,1,"40-49","0"
"1426266","2024-04-14",2024,"Eden Gardens, Kolkata","Kolkata","Lucknow Super Giants","Kolkata Knight Riders",1,1,"Kolkata Knight Riders","field","Kolkata Knight Riders","Lucknow Super Giants",49,2,36,8.16666666666667,0,0,1,"40-49","2"
"1426266","2024-04-14",2024,"Eden Gardens, Kolkata","Kolkata","Kolkata Knight Riders","Lucknow Super Giants",2,0,"Kolkata Knight Riders","field","Kolkata Knight Riders","Lucknow Super Giants",58,2,36,9.66666666666667,1,1,1,"50-59","2"
"1426267","2024-04-14",2024,"Wankhede Stadium, Mumbai","Mumbai","Chennai Super Kings","Mumbai Indians",1,1,"Mumbai Indians","field","Chennai Super Kings","Mumbai Indians",48,1,36,8,0,1,1,"40-49","1"
"1426267","2024-04-14",2024,"Wankhede Stadium, Mumbai","Mumbai","Mumbai Indians","Chennai Super Kings",2,0,"Mumbai Indians","field","Chennai Super Kings","Mumbai Indians",63,0,36,10.5,1,0,1,"60+","0"
"1426268","2024-04-15",2024,"M Chinnaswamy Stadium, Bengaluru","Bengaluru","Sunrisers Hyderabad","Royal Challengers Bengaluru",1,1,"Royal Challengers Bengaluru","field","Sunrisers Hyderabad","Royal Challengers Bengaluru",76,0,36,12.6666666666667,0,1,1,"60+","0"
"1426268","2024-04-15",2024,"M Chinnaswamy Stadium, Bengaluru","Bengaluru","Royal Challengers Bengaluru","Sunrisers Hyderabad",2,0,"Royal Challengers Bengaluru","field","Sunrisers Hyderabad","Royal Challengers Bengaluru",79,0,36,13.1666666666667,1,0,1,"60+","0"
"1426269","2024-04-16",2024,"Eden Gardens, Kolkata","Kolkata","Kolkata Knight Riders","Rajasthan Royals",1,1,"Rajasthan Royals","field","Rajasthan Royals","Kolkata Knight Riders",56,1,36,9.33333333333333,0,0,1,"50-59","1"
"1426269","2024-04-16",2024,"Eden Gardens, Kolkata","Kolkata","Rajasthan Royals","Kolkata Knight Riders",2,0,"Rajasthan Royals","field","Rajasthan Royals","Kolkata Knight Riders",76,2,36,12.6666666666667,1,1,1,"60+","2"
"1426270","2024-04-17",2024,"Narendra Modi Stadium, Ahmedabad","Ahmedabad","Gujarat Titans","Delhi Capitals",1,1,"Delhi Capitals","field","Delhi Capitals","Gujarat Titans",30,4,36,5,0,0,1,"Under 40","3+"
"1426270","2024-04-17",2024,"Narendra Modi Stadium, Ahmedabad","Ahmedabad","Delhi Capitals","Gujarat Titans",2,0,"Delhi Capitals","field","Delhi Capitals","Gujarat Titans",67,4,36,11.1666666666667,1,1,1,"60+","3+"
"1426271","2024-04-18",2024,"Maharaja Yadavindra Singh International Cricket Stadium, Mullanpur","Mohali","Mumbai Indians","Punjab Kings",1,1,"Punjab Kings","field","Mumbai Indians","Punjab Kings",54,1,36,9,0,1,1,"50-59","1"
"1426271","2024-04-18",2024,"Maharaja Yadavindra Singh International Cricket Stadium, Mullanpur","Mohali","Punjab Kings","Mumbai Indians",2,0,"Punjab Kings","field","Mumbai Indians","Punjab Kings",40,4,36,6.66666666666667,1,0,1,"40-49","3+"
"1426272","2024-04-19",2024,"Bharat Ratna Shri Atal Bihari Vajpayee Ekana Cricket Stadium, Lucknow","Lucknow","Chennai Super Kings","Lucknow Super Giants",1,1,"Lucknow Super Giants","field","Lucknow Super Giants","Chennai Super Kings",51,2,36,8.5,0,0,1,"50-59","2"
"1426272","2024-04-19",2024,"Bharat Ratna Shri Atal Bihari Vajpayee Ekana Cricket Stadium, Lucknow","Lucknow","Lucknow Super Giants","Chennai Super Kings",2,0,"Lucknow Super Giants","field","Lucknow Super Giants","Chennai Super Kings",54,0,36,9,1,1,1,"50-59","0"
"1426273","2024-04-20",2024,"Arun Jaitley Stadium, Delhi","Delhi","Sunrisers Hyderabad","Delhi Capitals",1,1,"Delhi Capitals","field","Sunrisers Hyderabad","Delhi Capitals",125,0,36,20.8333333333333,0,1,1,"60+","0"
"1426273","2024-04-20",2024,"Arun Jaitley Stadium, Delhi","Delhi","Delhi Capitals","Sunrisers Hyderabad",2,0,"Delhi Capitals","field","Sunrisers Hyderabad","Delhi Capitals",88,2,36,14.6666666666667,1,0,1,"60+","2"
"1426274","2024-04-21",2024,"Eden Gardens, Kolkata","Kolkata","Kolkata Knight Riders","Royal Challengers Bengaluru",1,1,"Royal Challengers Bengaluru","field","Kolkata Knight Riders","Royal Challengers Bengaluru",75,3,36,12.5,0,1,1,"60+","3+"
"1426274","2024-04-21",2024,"Eden Gardens, Kolkata","Kolkata","Royal Challengers Bengaluru","Kolkata Knight Riders",2,0,"Royal Challengers Bengaluru","field","Kolkata Knight Riders","Royal Challengers Bengaluru",74,2,36,12.3333333333333,1,0,1,"60+","2"
"1426275","2024-04-21",2024,"Maharaja Yadavindra Singh International Cricket Stadium, Mullanpur","Mohali","Punjab Kings","Gujarat Titans",1,1,"Punjab Kings","bat","Gujarat Titans","Punjab Kings",56,1,36,9.33333333333333,1,0,0,"50-59","1"
"1426275","2024-04-21",2024,"Maharaja Yadavindra Singh International Cricket Stadium, Mullanpur","Mohali","Gujarat Titans","Punjab Kings",2,0,"Punjab Kings","bat","Gujarat Titans","Punjab Kings",44,1,36,7.33333333333333,0,1,0,"40-49","1"
"1426276","2024-04-22",2024,"Sawai Mansingh Stadium, Jaipur","Jaipur","Mumbai Indians","Rajasthan Royals",1,1,"Mumbai Indians","bat","Rajasthan Royals","Mumbai Indians",45,3,36,7.5,1,0,0,"40-49","3+"
"1426276","2024-04-22",2024,"Sawai Mansingh Stadium, Jaipur","Jaipur","Rajasthan Royals","Mumbai Indians",2,0,"Mumbai Indians","bat","Rajasthan Royals","Mumbai Indians",61,0,36,10.1666666666667,0,1,0,"60+","0"
"1426277","2024-04-23",2024,"MA Chidambaram Stadium, Chepauk, Chennai","Chennai","Chennai Super Kings","Lucknow Super Giants",1,1,"Lucknow Super Giants","field","Lucknow Super Giants","Chennai Super Kings",49,2,36,8.16666666666667,0,0,1,"40-49","2"
"1426277","2024-04-23",2024,"MA Chidambaram Stadium, Chepauk, Chennai","Chennai","Lucknow Super Giants","Chennai Super Kings",2,0,"Lucknow Super Giants","field","Lucknow Super Giants","Chennai Super Kings",45,2,36,7.5,1,1,1,"40-49","2"
"1426278","2024-04-24",2024,"Arun Jaitley Stadium, Delhi","Delhi","Delhi Capitals","Gujarat Titans",1,1,"Gujarat Titans","field","Delhi Capitals","Gujarat Titans",44,3,36,7.33333333333333,0,1,1,"40-49","3+"
"1426278","2024-04-24",2024,"Arun Jaitley Stadium, Delhi","Delhi","Gujarat Titans","Delhi Capitals",2,0,"Gujarat Titans","field","Delhi Capitals","Gujarat Titans",67,1,36,11.1666666666667,1,0,1,"60+","1"
"1426279","2024-04-25",2024,"Rajiv Gandhi International Stadium, Uppal, Hyderabad","Hyderabad","Royal Challengers Bengaluru","Sunrisers Hyderabad",1,1,"Royal Challengers Bengaluru","bat","Royal Challengers Bengaluru","Sunrisers Hyderabad",61,1,36,10.1666666666667,1,1,0,"60+","1"
"1426279","2024-04-25",2024,"Rajiv Gandhi International Stadium, Uppal, Hyderabad","Hyderabad","Sunrisers Hyderabad","Royal Challengers Bengaluru",2,0,"Royal Challengers Bengaluru","bat","Royal Challengers Bengaluru","Sunrisers Hyderabad",62,4,36,10.3333333333333,0,0,0,"60+","3+"
"1426280","2024-04-26",2024,"Eden Gardens, Kolkata","Kolkata","Kolkata Knight Riders","Punjab Kings",1,1,"Punjab Kings","field","Punjab Kings","Kolkata Knight Riders",76,0,36,12.6666666666667,0,0,1,"60+","0"
"1426280","2024-04-26",2024,"Eden Gardens, Kolkata","Kolkata","Punjab Kings","Kolkata Knight Riders",2,0,"Punjab Kings","field","Punjab Kings","Kolkata Knight Riders",93,1,36,15.5,1,1,1,"60+","1"
"1426281","2024-04-27",2024,"Arun Jaitley Stadium, Delhi","Delhi","Delhi Capitals","Mumbai Indians",1,1,"Mumbai Indians","field","Delhi Capitals","Mumbai Indians",92,0,36,15.3333333333333,0,1,1,"60+","0"
"1426281","2024-04-27",2024,"Arun Jaitley Stadium, Delhi","Delhi","Mumbai Indians","Delhi Capitals",2,0,"Mumbai Indians","field","Delhi Capitals","Mumbai Indians",65,3,36,10.8333333333333,1,0,1,"60+","3+"
"1426282","2024-04-27",2024,"Bharat Ratna Shri Atal Bihari Vajpayee Ekana Cricket Stadium, Lucknow","Lucknow","Lucknow Super Giants","Rajasthan Royals",1,1,"Rajasthan Royals","field","Rajasthan Royals","Lucknow Super Giants",46,2,36,7.66666666666667,0,0,1,"40-49","2"
"1426282","2024-04-27",2024,"Bharat Ratna Shri Atal Bihari Vajpayee Ekana Cricket Stadium, Lucknow","Lucknow","Rajasthan Royals","Lucknow Super Giants",2,0,"Rajasthan Royals","field","Rajasthan Royals","Lucknow Super Giants",60,1,36,10,1,1,1,"60+","1"
"1426283","2024-04-28",2024,"Narendra Modi Stadium, Ahmedabad","Ahmedabad","Gujarat Titans","Royal Challengers Bengaluru",1,1,"Royal Challengers Bengaluru","field","Royal Challengers Bengaluru","Gujarat Titans",42,1,36,7,0,0,1,"40-49","1"
"1426283","2024-04-28",2024,"Narendra Modi Stadium, Ahmedabad","Ahmedabad","Royal Challengers Bengaluru","Gujarat Titans",2,0,"Royal Challengers Bengaluru","field","Royal Challengers Bengaluru","Gujarat Titans",63,1,36,10.5,1,1,1,"60+","1"
"1426284","2024-04-28",2024,"MA Chidambaram Stadium, Chepauk, Chennai","Chennai","Chennai Super Kings","Sunrisers Hyderabad",1,1,"Sunrisers Hyderabad","field","Chennai Super Kings","Sunrisers Hyderabad",50,1,36,8.33333333333333,0,1,1,"50-59","1"
"1426284","2024-04-28",2024,"MA Chidambaram Stadium, Chepauk, Chennai","Chennai","Sunrisers Hyderabad","Chennai Super Kings",2,0,"Sunrisers Hyderabad","field","Chennai Super Kings","Sunrisers Hyderabad",53,3,36,8.83333333333333,1,0,1,"50-59","3+"
"1426285","2024-04-29",2024,"Eden Gardens, Kolkata","Kolkata","Delhi Capitals","Kolkata Knight Riders",1,1,"Delhi Capitals","bat","Kolkata Knight Riders","Delhi Capitals",67,3,36,11.1666666666667,1,0,0,"60+","3+"
"1426285","2024-04-29",2024,"Eden Gardens, Kolkata","Kolkata","Kolkata Knight Riders","Delhi Capitals",2,0,"Delhi Capitals","bat","Kolkata Knight Riders","Delhi Capitals",79,0,36,13.1666666666667,0,1,0,"60+","0"
"1426286","2024-04-30",2024,"Bharat Ratna Shri Atal Bihari Vajpayee Ekana Cricket Stadium, Lucknow","Lucknow","Mumbai Indians","Lucknow Super Giants",1,1,"Lucknow Super Giants","field","Lucknow Super Giants","Mumbai Indians",28,4,36,4.66666666666667,0,0,1,"Under 40","3+"
"1426286","2024-04-30",2024,"Bharat Ratna Shri Atal Bihari Vajpayee Ekana Cricket Stadium, Lucknow","Lucknow","Lucknow Super Giants","Mumbai Indians",2,0,"Lucknow Super Giants","field","Lucknow Super Giants","Mumbai Indians",52,1,36,8.66666666666667,1,1,1,"50-59","1"
"1426287","2024-05-01",2024,"MA Chidambaram Stadium, Chepauk, Chennai","Chennai","Chennai Super Kings","Punjab Kings",1,1,"Punjab Kings","field","Punjab Kings","Chennai Super Kings",55,0,36,9.16666666666667,0,0,1,"50-59","0"
"1426287","2024-05-01",2024,"MA Chidambaram Stadium, Chepauk, Chennai","Chennai","Punjab Kings","Chennai Super Kings",2,0,"Punjab Kings","field","Punjab Kings","Chennai Super Kings",52,1,36,8.66666666666667,1,1,1,"50-59","1"
"1426288","2024-05-02",2024,"Rajiv Gandhi International Stadium, Uppal, Hyderabad","Hyderabad","Sunrisers Hyderabad","Rajasthan Royals",1,1,"Sunrisers Hyderabad","bat","Sunrisers Hyderabad","Rajasthan Royals",37,2,36,6.16666666666667,1,1,0,"Under 40","2"
"1426288","2024-05-02",2024,"Rajiv Gandhi International Stadium, Uppal, Hyderabad","Hyderabad","Rajasthan Royals","Sunrisers Hyderabad",2,0,"Sunrisers Hyderabad","bat","Sunrisers Hyderabad","Rajasthan Royals",60,2,36,10,0,0,0,"60+","2"
"1426289","2024-05-03",2024,"Wankhede Stadium, Mumbai","Mumbai","Kolkata Knight Riders","Mumbai Indians",1,1,"Mumbai Indians","field","Kolkata Knight Riders","Mumbai Indians",57,4,36,9.5,0,1,1,"50-59","3+"
"1426289","2024-05-03",2024,"Wankhede Stadium, Mumbai","Mumbai","Mumbai Indians","Kolkata Knight Riders",2,0,"Mumbai Indians","field","Kolkata Knight Riders","Mumbai Indians",46,3,36,7.66666666666667,1,0,1,"40-49","3+"
"1426290","2024-05-04",2024,"M Chinnaswamy Stadium, Bengaluru","Bengaluru","Gujarat Titans","Royal Challengers Bengaluru",1,1,"Royal Challengers Bengaluru","field","Royal Challengers Bengaluru","Gujarat Titans",23,3,36,3.83333333333333,0,0,1,"Under 40","3+"
"1426290","2024-05-04",2024,"M Chinnaswamy Stadium, Bengaluru","Bengaluru","Royal Challengers Bengaluru","Gujarat Titans",2,0,"Royal Challengers Bengaluru","field","Royal Challengers Bengaluru","Gujarat Titans",92,1,36,15.3333333333333,1,1,1,"60+","1"
"1426291","2024-05-05",2024,"Himachal Pradesh Cricket Association Stadium, Dharamsala","Dharamsala","Chennai Super Kings","Punjab Kings",1,1,"Punjab Kings","field","Chennai Super Kings","Punjab Kings",60,1,36,10,0,1,1,"60+","1"
"1426291","2024-05-05",2024,"Himachal Pradesh Cricket Association Stadium, Dharamsala","Dharamsala","Punjab Kings","Chennai Super Kings",2,0,"Punjab Kings","field","Chennai Super Kings","Punjab Kings",47,2,36,7.83333333333333,1,0,1,"40-49","2"
"1426292","2024-05-05",2024,"Bharat Ratna Shri Atal Bihari Vajpayee Ekana Cricket Stadium, Lucknow","Lucknow","Kolkata Knight Riders","Lucknow Super Giants",1,1,"Lucknow Super Giants","field","Kolkata Knight Riders","Lucknow Super Giants",70,1,36,11.6666666666667,0,1,1,"60+","1"
"1426292","2024-05-05",2024,"Bharat Ratna Shri Atal Bihari Vajpayee Ekana Cricket Stadium, Lucknow","Lucknow","Lucknow Super Giants","Kolkata Knight Riders",2,0,"Lucknow Super Giants","field","Kolkata Knight Riders","Lucknow Super Giants",55,1,36,9.16666666666667,1,0,1,"50-59","1"
"1426293","2024-05-06",2024,"Wankhede Stadium, Mumbai","Mumbai","Sunrisers Hyderabad","Mumbai Indians",1,1,"Mumbai Indians","field","Mumbai Indians","Sunrisers Hyderabad",56,1,36,9.33333333333333,0,0,1,"50-59","1"
"1426293","2024-05-06",2024,"Wankhede Stadium, Mumbai","Mumbai","Mumbai Indians","Sunrisers Hyderabad",2,0,"Mumbai Indians","field","Mumbai Indians","Sunrisers Hyderabad",52,3,36,8.66666666666667,1,1,1,"50-59","3+"
"1426294","2024-05-07",2024,"Arun Jaitley Stadium, Delhi","Delhi","Delhi Capitals","Rajasthan Royals",1,1,"Rajasthan Royals","field","Delhi Capitals","Rajasthan Royals",78,2,36,13,0,1,1,"60+","2"
"1426294","2024-05-07",2024,"Arun Jaitley Stadium, Delhi","Delhi","Rajasthan Royals","Delhi Capitals",2,0,"Rajasthan Royals","field","Delhi Capitals","Rajasthan Royals",67,2,36,11.1666666666667,1,0,1,"60+","2"
"1426295","2024-05-08",2024,"Rajiv Gandhi International Stadium, Uppal, Hyderabad","Hyderabad","Lucknow Super Giants","Sunrisers Hyderabad",1,1,"Lucknow Super Giants","bat","Sunrisers Hyderabad","Lucknow Super Giants",27,2,36,4.5,1,0,0,"Under 40","2"
"1426295","2024-05-08",2024,"Rajiv Gandhi International Stadium, Uppal, Hyderabad","Hyderabad","Sunrisers Hyderabad","Lucknow Super Giants",2,0,"Lucknow Super Giants","bat","Sunrisers Hyderabad","Lucknow Super Giants",107,0,36,17.8333333333333,0,1,0,"60+","0"
"1426296","2024-05-09",2024,"Himachal Pradesh Cricket Association Stadium, Dharamsala","Dharamsala","Royal Challengers Bengaluru","Punjab Kings",1,1,"Punjab Kings","field","Royal Challengers Bengaluru","Punjab Kings",56,2,36,9.33333333333333,0,1,1,"50-59","2"
"1426296","2024-05-09",2024,"Himachal Pradesh Cricket Association Stadium, Dharamsala","Dharamsala","Punjab Kings","Royal Challengers Bengaluru",2,0,"Punjab Kings","field","Royal Challengers Bengaluru","Punjab Kings",75,2,36,12.5,1,0,1,"60+","2"
"1426297","2024-05-10",2024,"Narendra Modi Stadium, Ahmedabad","Ahmedabad","Gujarat Titans","Chennai Super Kings",1,1,"Chennai Super Kings","field","Gujarat Titans","Chennai Super Kings",58,0,36,9.66666666666667,0,1,1,"50-59","0"
"1426297","2024-05-10",2024,"Narendra Modi Stadium, Ahmedabad","Ahmedabad","Chennai Super Kings","Gujarat Titans",2,0,"Chennai Super Kings","field","Gujarat Titans","Chennai Super Kings",43,3,36,7.16666666666667,1,0,1,"40-49","3+"
"1426298","2024-05-11",2024,"Eden Gardens, Kolkata","Kolkata","Kolkata Knight Riders","Mumbai Indians",1,1,"Mumbai Indians","field","Kolkata Knight Riders","Mumbai Indians",52,3,36,8.66666666666667,0,1,1,"50-59","3+"
"1426298","2024-05-11",2024,"Eden Gardens, Kolkata","Kolkata","Mumbai Indians","Kolkata Knight Riders",2,0,"Mumbai Indians","field","Kolkata Knight Riders","Mumbai Indians",62,0,36,10.3333333333333,1,0,1,"60+","0"
"1426299","2024-05-12",2024,"MA Chidambaram Stadium, Chepauk, Chennai","Chennai","Rajasthan Royals","Chennai Super Kings",1,1,"Rajasthan Royals","bat","Chennai Super Kings","Rajasthan Royals",42,0,36,7,1,0,0,"40-49","0"
"1426299","2024-05-12",2024,"MA Chidambaram Stadium, Chepauk, Chennai","Chennai","Chennai Super Kings","Rajasthan Royals",2,0,"Rajasthan Royals","bat","Chennai Super Kings","Rajasthan Royals",56,1,36,9.33333333333333,0,1,0,"50-59","1"
"1426300","2024-05-12",2024,"M Chinnaswamy Stadium, Bengaluru","Bengaluru","Royal Challengers Bengaluru","Delhi Capitals",1,1,"Delhi Capitals","field","Royal Challengers Bengaluru","Delhi Capitals",61,2,36,10.1666666666667,0,1,1,"60+","2"
"1426300","2024-05-12",2024,"M Chinnaswamy Stadium, Bengaluru","Bengaluru","Delhi Capitals","Royal Challengers Bengaluru",2,0,"Delhi Capitals","field","Royal Challengers Bengaluru","Delhi Capitals",54,4,36,9,1,0,1,"50-59","3+"
"1426302","2024-05-14",2024,"Arun Jaitley Stadium, Delhi","Delhi","Delhi Capitals","Lucknow Super Giants",1,1,"Lucknow Super Giants","field","Delhi Capitals","Lucknow Super Giants",73,1,36,12.1666666666667,0,1,1,"60+","1"
"1426302","2024-05-14",2024,"Arun Jaitley Stadium, Delhi","Delhi","Lucknow Super Giants","Delhi Capitals",2,0,"Lucknow Super Giants","field","Delhi Capitals","Lucknow Super Giants",59,4,36,9.83333333333333,1,0,1,"50-59","3+"
"1426303","2024-05-15",2024,"Barsapara Cricket Stadium, Guwahati","Guwahati","Rajasthan Royals","Punjab Kings",1,1,"Rajasthan Royals","bat","Punjab Kings","Rajasthan Royals",38,1,36,6.33333333333333,1,0,0,"Under 40","1"
"1426303","2024-05-15",2024,"Barsapara Cricket Stadium, Guwahati","Guwahati","Punjab Kings","Rajasthan Royals",2,0,"Rajasthan Royals","bat","Punjab Kings","Rajasthan Royals",39,3,36,6.5,0,1,0,"Under 40","3+"
"1426305","2024-05-17",2024,"Wankhede Stadium, Mumbai","Mumbai","Lucknow Super Giants","Mumbai Indians",1,1,"Mumbai Indians","field","Lucknow Super Giants","Mumbai Indians",49,2,36,8.16666666666667,0,1,1,"40-49","2"
"1426305","2024-05-17",2024,"Wankhede Stadium, Mumbai","Mumbai","Mumbai Indians","Lucknow Super Giants",2,0,"Mumbai Indians","field","Lucknow Super Giants","Mumbai Indians",53,0,36,8.83333333333333,1,0,1,"50-59","0"
"1426306","2024-05-18",2024,"M Chinnaswamy Stadium, Bengaluru","Bengaluru","Royal Challengers Bengaluru","Chennai Super Kings",1,1,"Chennai Super Kings","field","Royal Challengers Bengaluru","Chennai Super Kings",42,0,36,7,0,1,1,"40-49","0"
"1426306","2024-05-18",2024,"M Chinnaswamy Stadium, Bengaluru","Bengaluru","Chennai Super Kings","Royal Challengers Bengaluru",2,0,"Chennai Super Kings","field","Royal Challengers Bengaluru","Chennai Super Kings",58,2,36,9.66666666666667,1,0,1,"50-59","2"
"1426307","2024-05-19",2024,"Rajiv Gandhi International Stadium, Uppal, Hyderabad","Hyderabad","Punjab Kings","Sunrisers Hyderabad",1,1,"Punjab Kings","bat","Sunrisers Hyderabad","Punjab Kings",61,0,36,10.1666666666667,1,0,0,"60+","0"
"1426307","2024-05-19",2024,"Rajiv Gandhi International Stadium, Uppal, Hyderabad","Hyderabad","Sunrisers Hyderabad","Punjab Kings",2,0,"Punjab Kings","bat","Sunrisers Hyderabad","Punjab Kings",84,2,36,14,0,1,0,"60+","2"
"1426309","2024-05-21",2024,"Narendra Modi Stadium, Ahmedabad","Ahmedabad","Sunrisers Hyderabad","Kolkata Knight Riders",1,1,"Sunrisers Hyderabad","bat","Kolkata Knight Riders","Sunrisers Hyderabad",45,4,36,7.5,1,0,0,"40-49","3+"
"1426309","2024-05-21",2024,"Narendra Modi Stadium, Ahmedabad","Ahmedabad","Kolkata Knight Riders","Sunrisers Hyderabad",2,0,"Sunrisers Hyderabad","bat","Kolkata Knight Riders","Sunrisers Hyderabad",63,1,36,10.5,0,1,0,"60+","1"
"1426310","2024-05-22",2024,"Narendra Modi Stadium, Ahmedabad","Ahmedabad","Royal Challengers Bengaluru","Rajasthan Royals",1,1,"Rajasthan Royals","field","Rajasthan Royals","Royal Challengers Bengaluru",50,1,36,8.33333333333333,0,0,1,"50-59","1"
"1426310","2024-05-22",2024,"Narendra Modi Stadium, Ahmedabad","Ahmedabad","Rajasthan Royals","Royal Challengers Bengaluru",2,0,"Rajasthan Royals","field","Rajasthan Royals","Royal Challengers Bengaluru",47,1,36,7.83333333333333,1,1,1,"40-49","1"
"1426311","2024-05-24",2024,"MA Chidambaram Stadium, Chepauk, Chennai","Chennai","Sunrisers Hyderabad","Rajasthan Royals",1,1,"Rajasthan Royals","field","Sunrisers Hyderabad","Rajasthan Royals",68,3,36,11.3333333333333,0,1,1,"60+","3+"
"1426311","2024-05-24",2024,"MA Chidambaram Stadium, Chepauk, Chennai","Chennai","Rajasthan Royals","Sunrisers Hyderabad",2,0,"Rajasthan Royals","field","Sunrisers Hyderabad","Rajasthan Royals",51,1,36,8.5,1,0,1,"50-59","1"
"1426312","2024-05-26",2024,"MA Chidambaram Stadium, Chepauk, Chennai","Chennai","Sunrisers Hyderabad","Kolkata Knight Riders",1,1,"Sunrisers Hyderabad","bat","Kolkata Knight Riders","Sunrisers Hyderabad",40,3,36,6.66666666666667,1,0,0,"40-49","3+"
"1426312","2024-05-26",2024,"MA Chidambaram Stadium, Chepauk, Chennai","Chennai","Kolkata Knight Riders","Sunrisers Hyderabad",2,0,"Sunrisers Hyderabad","bat","Kolkata Knight Riders","Sunrisers Hyderabad",72,1,36,12,0,1,0,"60+","1"
"1473438","2025-03-22",2025,"Eden Gardens, Kolkata","Kolkata","Kolkata Knight Riders","Royal Challengers Bengaluru",1,1,"Royal Challengers Bengaluru","field","Royal Challengers Bengaluru","Kolkata Knight Riders",60,1,36,10,0,0,1,"60+","1"
"1473438","2025-03-22",2025,"Eden Gardens, Kolkata","Kolkata","Royal Challengers Bengaluru","Kolkata Knight Riders",2,0,"Royal Challengers Bengaluru","field","Royal Challengers Bengaluru","Kolkata Knight Riders",80,0,36,13.3333333333333,1,1,1,"60+","0"
"1473439","2025-03-23",2025,"Rajiv Gandhi International Stadium, Uppal, Hyderabad","Hyderabad","Sunrisers Hyderabad","Rajasthan Royals",1,1,"Rajasthan Royals","field","Sunrisers Hyderabad","Rajasthan Royals",94,1,36,15.6666666666667,0,1,1,"60+","1"
"1473439","2025-03-23",2025,"Rajiv Gandhi International Stadium, Uppal, Hyderabad","Hyderabad","Rajasthan Royals","Sunrisers Hyderabad",2,0,"Rajasthan Royals","field","Sunrisers Hyderabad","Rajasthan Royals",77,3,36,12.8333333333333,1,0,1,"60+","3+"
"1473440","2025-03-23",2025,"MA Chidambaram Stadium, Chepauk, Chennai","Chennai","Mumbai Indians","Chennai Super Kings",1,1,"Chennai Super Kings","field","Chennai Super Kings","Mumbai Indians",52,3,36,8.66666666666667,0,0,1,"50-59","3+"
"1473440","2025-03-23",2025,"MA Chidambaram Stadium, Chepauk, Chennai","Chennai","Chennai Super Kings","Mumbai Indians",2,0,"Chennai Super Kings","field","Chennai Super Kings","Mumbai Indians",62,1,36,10.3333333333333,1,1,1,"60+","1"
"1473441","2025-03-24",2025,"Dr. Y.S. Rajasekhara Reddy ACA-VDCA Cricket Stadium, Visakhapatnam","Visakhapatnam","Lucknow Super Giants","Delhi Capitals",1,1,"Delhi Capitals","field","Delhi Capitals","Lucknow Super Giants",64,1,36,10.6666666666667,0,0,1,"60+","1"
"1473441","2025-03-24",2025,"Dr. Y.S. Rajasekhara Reddy ACA-VDCA Cricket Stadium, Visakhapatnam","Visakhapatnam","Delhi Capitals","Lucknow Super Giants",2,0,"Delhi Capitals","field","Delhi Capitals","Lucknow Super Giants",58,4,36,9.66666666666667,1,1,1,"50-59","3+"
"1473442","2025-03-25",2025,"Narendra Modi Stadium, Ahmedabad","Ahmedabad","Punjab Kings","Gujarat Titans",1,1,"Gujarat Titans","field","Punjab Kings","Gujarat Titans",73,1,36,12.1666666666667,0,1,1,"60+","1"
"1473442","2025-03-25",2025,"Narendra Modi Stadium, Ahmedabad","Ahmedabad","Gujarat Titans","Punjab Kings",2,0,"Gujarat Titans","field","Punjab Kings","Gujarat Titans",61,1,36,10.1666666666667,1,0,1,"60+","1"
"1473443","2025-03-26",2025,"Barsapara Cricket Stadium, Guwahati","Guwahati","Rajasthan Royals","Kolkata Knight Riders",1,1,"Kolkata Knight Riders","field","Kolkata Knight Riders","Rajasthan Royals",54,1,36,9,0,0,1,"50-59","1"
"1473443","2025-03-26",2025,"Barsapara Cricket Stadium, Guwahati","Guwahati","Kolkata Knight Riders","Rajasthan Royals",2,0,"Kolkata Knight Riders","field","Kolkata Knight Riders","Rajasthan Royals",40,0,36,6.66666666666667,1,1,1,"40-49","0"
"1473444","2025-03-27",2025,"Rajiv Gandhi International Stadium, Uppal, Hyderabad","Hyderabad","Sunrisers Hyderabad","Lucknow Super Giants",1,1,"Lucknow Super Giants","field","Lucknow Super Giants","Sunrisers Hyderabad",62,2,36,10.3333333333333,0,0,1,"60+","2"
"1473444","2025-03-27",2025,"Rajiv Gandhi International Stadium, Uppal, Hyderabad","Hyderabad","Lucknow Super Giants","Sunrisers Hyderabad",2,0,"Lucknow Super Giants","field","Lucknow Super Giants","Sunrisers Hyderabad",77,1,36,12.8333333333333,1,1,1,"60+","1"
"1473445","2025-03-28",2025,"MA Chidambaram Stadium, Chepauk, Chennai","Chennai","Royal Challengers Bengaluru","Chennai Super Kings",1,1,"Chennai Super Kings","field","Royal Challengers Bengaluru","Chennai Super Kings",56,1,36,9.33333333333333,0,1,1,"50-59","1"
"1473445","2025-03-28",2025,"MA Chidambaram Stadium, Chepauk, Chennai","Chennai","Chennai Super Kings","Royal Challengers Bengaluru",2,0,"Chennai Super Kings","field","Royal Challengers Bengaluru","Chennai Super Kings",30,3,36,5,1,0,1,"Under 40","3+"
"1473446","2025-03-29",2025,"Narendra Modi Stadium, Ahmedabad","Ahmedabad","Gujarat Titans","Mumbai Indians",1,1,"Mumbai Indians","field","Gujarat Titans","Mumbai Indians",66,0,36,11,0,1,1,"60+","0"
"1473446","2025-03-29",2025,"Narendra Modi Stadium, Ahmedabad","Ahmedabad","Mumbai Indians","Gujarat Titans",2,0,"Mumbai Indians","field","Gujarat Titans","Mumbai Indians",48,2,36,8,1,0,1,"40-49","2"
"1473447","2025-03-30",2025,"Dr. Y.S. Rajasekhara Reddy ACA-VDCA Cricket Stadium, Visakhapatnam","Visakhapatnam","Sunrisers Hyderabad","Delhi Capitals",1,1,"Sunrisers Hyderabad","bat","Delhi Capitals","Sunrisers Hyderabad",58,4,36,9.66666666666667,1,0,0,"50-59","3+"
"1473447","2025-03-30",2025,"Dr. Y.S. Rajasekhara Reddy ACA-VDCA Cricket Stadium, Visakhapatnam","Visakhapatnam","Delhi Capitals","Sunrisers Hyderabad",2,0,"Sunrisers Hyderabad","bat","Delhi Capitals","Sunrisers Hyderabad",52,0,36,8.66666666666667,0,1,0,"50-59","0"
"1473448","2025-03-30",2025,"Barsapara Cricket Stadium, Guwahati","Guwahati","Rajasthan Royals","Chennai Super Kings",1,1,"Chennai Super Kings","field","Rajasthan Royals","Chennai Super Kings",79,1,36,13.1666666666667,0,1,1,"60+","1"
"1473448","2025-03-30",2025,"Barsapara Cricket Stadium, Guwahati","Guwahati","Chennai Super Kings","Rajasthan Royals",2,0,"Chennai Super Kings","field","Rajasthan Royals","Chennai Super Kings",42,1,36,7,1,0,1,"40-49","1"
"1473449","2025-03-31",2025,"Wankhede Stadium, Mumbai","Mumbai","Kolkata Knight Riders","Mumbai Indians",1,1,"Mumbai Indians","field","Mumbai Indians","Kolkata Knight Riders",41,4,36,6.83333333333333,0,0,1,"40-49","3+"
"1473449","2025-03-31",2025,"Wankhede Stadium, Mumbai","Mumbai","Mumbai Indians","Kolkata Knight Riders",2,0,"Mumbai Indians","field","Mumbai Indians","Kolkata Knight Riders",55,1,36,9.16666666666667,1,1,1,"50-59","1"
"1473450","2025-04-01",2025,"Bharat Ratna Shri Atal Bihari Vajpayee Ekana Cricket Stadium, Lucknow","Lucknow","Lucknow Super Giants","Punjab Kings",1,1,"Punjab Kings","field","Punjab Kings","Lucknow Super Giants",39,3,36,6.5,0,0,1,"Under 40","3+"
"1473450","2025-04-01",2025,"Bharat Ratna Shri Atal Bihari Vajpayee Ekana Cricket Stadium, Lucknow","Lucknow","Punjab Kings","Lucknow Super Giants",2,0,"Punjab Kings","field","Punjab Kings","Lucknow Super Giants",62,1,36,10.3333333333333,1,1,1,"60+","1"
"1473451","2025-04-02",2025,"M Chinnaswamy Stadium, Bengaluru","Bengaluru","Royal Challengers Bengaluru","Gujarat Titans",1,1,"Gujarat Titans","field","Gujarat Titans","Royal Challengers Bengaluru",38,3,36,6.33333333333333,0,0,1,"Under 40","3+"
"1473451","2025-04-02",2025,"M Chinnaswamy Stadium, Bengaluru","Bengaluru","Gujarat Titans","Royal Challengers Bengaluru",2,0,"Gujarat Titans","field","Gujarat Titans","Royal Challengers Bengaluru",42,1,36,7,1,1,1,"40-49","1"
"1473452","2025-04-03",2025,"Eden Gardens, Kolkata","Kolkata","Kolkata Knight Riders","Sunrisers Hyderabad",1,1,"Sunrisers Hyderabad","field","Kolkata Knight Riders","Sunrisers Hyderabad",53,2,36,8.83333333333333,0,1,1,"50-59","2"
"1473452","2025-04-03",2025,"Eden Gardens, Kolkata","Kolkata","Sunrisers Hyderabad","Kolkata Knight Riders",2,0,"Sunrisers Hyderabad","field","Kolkata Knight Riders","Sunrisers Hyderabad",33,3,36,5.5,1,0,1,"Under 40","3+"
"1473453","2025-04-04",2025,"Bharat Ratna Shri Atal Bihari Vajpayee Ekana Cricket Stadium, Lucknow","Lucknow","Lucknow Super Giants","Mumbai Indians",1,1,"Mumbai Indians","field","Lucknow Super Giants","Mumbai Indians",69,0,36,11.5,0,1,1,"60+","0"
"1473453","2025-04-04",2025,"Bharat Ratna Shri Atal Bihari Vajpayee Ekana Cricket Stadium, Lucknow","Lucknow","Mumbai Indians","Lucknow Super Giants",2,0,"Mumbai Indians","field","Lucknow Super Giants","Mumbai Indians",64,2,36,10.6666666666667,1,0,1,"60+","2"
"1473454","2025-04-05",2025,"MA Chidambaram Stadium, Chepauk, Chennai","Chennai","Delhi Capitals","Chennai Super Kings",1,1,"Delhi Capitals","bat","Delhi Capitals","Chennai Super Kings",51,1,36,8.5,1,1,0,"50-59","1"
"1473454","2025-04-05",2025,"MA Chidambaram Stadium, Chepauk, Chennai","Chennai","Chennai Super Kings","Delhi Capitals",2,0,"Delhi Capitals","bat","Delhi Capitals","Chennai Super Kings",46,3,36,7.66666666666667,0,0,0,"40-49","3+"
"1473455","2025-04-05",2025,"Maharaja Yadavindra Singh International Cricket Stadium, Mullanpur","Mohali","Rajasthan Royals","Punjab Kings",1,1,"Punjab Kings","field","Rajasthan Royals","Punjab Kings",53,0,36,8.83333333333333,0,1,1,"50-59","0"
"1473455","2025-04-05",2025,"Maharaja Yadavindra Singh International Cricket Stadium, Mullanpur","Mohali","Punjab Kings","Rajasthan Royals",2,0,"Punjab Kings","field","Rajasthan Royals","Punjab Kings",43,3,36,7.16666666666667,1,0,1,"40-49","3+"
"1473457","2025-04-06",2025,"Rajiv Gandhi International Stadium, Uppal, Hyderabad","Hyderabad","Sunrisers Hyderabad","Gujarat Titans",1,1,"Gujarat Titans","field","Gujarat Titans","Sunrisers Hyderabad",45,2,36,7.5,0,0,1,"40-49","2"
"1473457","2025-04-06",2025,"Rajiv Gandhi International Stadium, Uppal, Hyderabad","Hyderabad","Gujarat Titans","Sunrisers Hyderabad",2,0,"Gujarat Titans","field","Gujarat Titans","Sunrisers Hyderabad",48,2,36,8,1,1,1,"40-49","2"
"1473458","2025-04-07",2025,"Wankhede Stadium, Mumbai","Mumbai","Royal Challengers Bengaluru","Mumbai Indians",1,1,"Mumbai Indians","field","Royal Challengers Bengaluru","Mumbai Indians",73,1,36,12.1666666666667,0,1,1,"60+","1"
"1473458","2025-04-07",2025,"Wankhede Stadium, Mumbai","Mumbai","Mumbai Indians","Royal Challengers Bengaluru",2,0,"Mumbai Indians","field","Royal Challengers Bengaluru","Mumbai Indians",54,2,36,9,1,0,1,"50-59","2"
"1473456","2025-04-08",2025,"Eden Gardens, Kolkata","Kolkata","Lucknow Super Giants","Kolkata Knight Riders",1,1,"Kolkata Knight Riders","field","Lucknow Super Giants","Kolkata Knight Riders",59,0,36,9.83333333333333,0,1,1,"50-59","0"
"1473456","2025-04-08",2025,"Eden Gardens, Kolkata","Kolkata","Kolkata Knight Riders","Lucknow Super Giants",2,0,"Kolkata Knight Riders","field","Lucknow Super Giants","Kolkata Knight Riders",90,1,36,15,1,0,1,"60+","1"
"1473459","2025-04-08",2025,"Maharaja Yadavindra Singh International Cricket Stadium, Mullanpur","Mohali","Punjab Kings","Chennai Super Kings",1,1,"Punjab Kings","bat","Punjab Kings","Chennai Super Kings",75,3,36,12.5,1,1,0,"60+","3+"
"1473459","2025-04-08",2025,"Maharaja Yadavindra Singh International Cricket Stadium, Mullanpur","Mohali","Chennai Super Kings","Punjab Kings",2,0,"Punjab Kings","bat","Punjab Kings","Chennai Super Kings",59,0,36,9.83333333333333,0,0,0,"50-59","0"
"1473460","2025-04-09",2025,"Narendra Modi Stadium, Ahmedabad","Ahmedabad","Gujarat Titans","Rajasthan Royals",1,1,"Rajasthan Royals","field","Gujarat Titans","Rajasthan Royals",56,1,36,9.33333333333333,0,1,1,"50-59","1"
"1473460","2025-04-09",2025,"Narendra Modi Stadium, Ahmedabad","Ahmedabad","Rajasthan Royals","Gujarat Titans",2,0,"Rajasthan Royals","field","Gujarat Titans","Rajasthan Royals",57,2,36,9.5,1,0,1,"50-59","2"
"1473461","2025-04-10",2025,"M Chinnaswamy Stadium, Bengaluru","Bengaluru","Royal Challengers Bengaluru","Delhi Capitals",1,1,"Delhi Capitals","field","Delhi Capitals","Royal Challengers Bengaluru",64,2,36,10.6666666666667,0,0,1,"60+","2"
"1473461","2025-04-10",2025,"M Chinnaswamy Stadium, Bengaluru","Bengaluru","Delhi Capitals","Royal Challengers Bengaluru",2,0,"Delhi Capitals","field","Delhi Capitals","Royal Challengers Bengaluru",39,3,36,6.5,1,1,1,"Under 40","3+"
"1473462","2025-04-11",2025,"MA Chidambaram Stadium, Chepauk, Chennai","Chennai","Chennai Super Kings","Kolkata Knight Riders",1,1,"Kolkata Knight Riders","field","Kolkata Knight Riders","Chennai Super Kings",31,2,36,5.16666666666667,0,0,1,"Under 40","2"
"1473462","2025-04-11",2025,"MA Chidambaram Stadium, Chepauk, Chennai","Chennai","Kolkata Knight Riders","Chennai Super Kings",2,0,"Kolkata Knight Riders","field","Kolkata Knight Riders","Chennai Super Kings",71,1,36,11.8333333333333,1,1,1,"60+","1"
"1473463","2025-04-12",2025,"Bharat Ratna Shri Atal Bihari Vajpayee Ekana Cricket Stadium, Lucknow","Lucknow","Gujarat Titans","Lucknow Super Giants",1,1,"Lucknow Super Giants","field","Lucknow Super Giants","Gujarat Titans",54,0,36,9,0,0,1,"50-59","0"
"1473463","2025-04-12",2025,"Bharat Ratna Shri Atal Bihari Vajpayee Ekana Cricket Stadium, Lucknow","Lucknow","Lucknow Super Giants","Gujarat Titans",2,0,"Lucknow Super Giants","field","Lucknow Super Giants","Gujarat Titans",61,0,36,10.1666666666667,1,1,1,"60+","0"
"1473464","2025-04-12",2025,"Rajiv Gandhi International Stadium, Uppal, Hyderabad","Hyderabad","Punjab Kings","Sunrisers Hyderabad",1,1,"Punjab Kings","bat","Sunrisers Hyderabad","Punjab Kings",89,1,36,14.8333333333333,1,0,0,"60+","1"
"1473464","2025-04-12",2025,"Rajiv Gandhi International Stadium, Uppal, Hyderabad","Hyderabad","Sunrisers Hyderabad","Punjab Kings",2,0,"Punjab Kings","bat","Sunrisers Hyderabad","Punjab Kings",83,0,36,13.8333333333333,0,1,0,"60+","0"
"1473465","2025-04-13",2025,"Sawai Mansingh Stadium, Jaipur","Jaipur","Rajasthan Royals","Royal Challengers Bengaluru",1,1,"Royal Challengers Bengaluru","field","Royal Challengers Bengaluru","Rajasthan Royals",45,0,36,7.5,0,0,1,"40-49","0"
"1473465","2025-04-13",2025,"Sawai Mansingh Stadium, Jaipur","Jaipur","Royal Challengers Bengaluru","Rajasthan Royals",2,0,"Royal Challengers Bengaluru","field","Royal Challengers Bengaluru","Rajasthan Royals",65,0,36,10.8333333333333,1,1,1,"60+","0"
"1473466","2025-04-13",2025,"Arun Jaitley Stadium, Delhi","Delhi","Mumbai Indians","Delhi Capitals",1,1,"Delhi Capitals","field","Mumbai Indians","Delhi Capitals",59,1,36,9.83333333333333,0,1,1,"50-59","1"
"1473466","2025-04-13",2025,"Arun Jaitley Stadium, Delhi","Delhi","Delhi Capitals","Mumbai Indians",2,0,"Delhi Capitals","field","Mumbai Indians","Delhi Capitals",72,1,36,12,1,0,1,"60+","1"
"1473467","2025-04-14",2025,"Bharat Ratna Shri Atal Bihari Vajpayee Ekana Cricket Stadium, Lucknow","Lucknow","Lucknow Super Giants","Chennai Super Kings",1,1,"Chennai Super Kings","field","Chennai Super Kings","Lucknow Super Giants",42,2,36,7,0,0,1,"40-49","2"
"1473467","2025-04-14",2025,"Bharat Ratna Shri Atal Bihari Vajpayee Ekana Cricket Stadium, Lucknow","Lucknow","Chennai Super Kings","Lucknow Super Giants",2,0,"Chennai Super Kings","field","Chennai Super Kings","Lucknow Super Giants",59,1,36,9.83333333333333,1,1,1,"50-59","1"
"1473468","2025-04-15",2025,"Maharaja Yadavindra Singh International Cricket Stadium, Mullanpur","Mohali","Punjab Kings","Kolkata Knight Riders",1,1,"Punjab Kings","bat","Punjab Kings","Kolkata Knight Riders",54,4,36,9,1,1,0,"50-59","3+"
"1473468","2025-04-15",2025,"Maharaja Yadavindra Singh International Cricket Stadium, Mullanpur","Mohali","Kolkata Knight Riders","Punjab Kings",2,0,"Punjab Kings","bat","Punjab Kings","Kolkata Knight Riders",55,2,36,9.16666666666667,0,0,0,"50-59","2"
"1473469","2025-04-16",2025,"Arun Jaitley Stadium, Delhi","Delhi","Delhi Capitals","Rajasthan Royals",1,1,"Rajasthan Royals","field","Delhi Capitals","Rajasthan Royals",46,2,36,7.66666666666667,0,1,1,"40-49","2"
"1473469","2025-04-16",2025,"Arun Jaitley Stadium, Delhi","Delhi","Rajasthan Royals","Delhi Capitals",2,0,"Rajasthan Royals","field","Delhi Capitals","Rajasthan Royals",63,0,36,10.5,1,0,1,"60+","0"
"1473470","2025-04-17",2025,"Wankhede Stadium, Mumbai","Mumbai","Sunrisers Hyderabad","Mumbai Indians",1,1,"Mumbai Indians","field","Mumbai Indians","Sunrisers Hyderabad",46,0,36,7.66666666666667,0,0,1,"40-49","0"
"1473470","2025-04-17",2025,"Wankhede Stadium, Mumbai","Mumbai","Mumbai Indians","Sunrisers Hyderabad",2,0,"Mumbai Indians","field","Mumbai Indians","Sunrisers Hyderabad",55,1,36,9.16666666666667,1,1,1,"50-59","1"
"1473471","2025-04-18",2025,"M Chinnaswamy Stadium, Bengaluru","Bengaluru","Royal Challengers Bengaluru","Punjab Kings",1,1,"Punjab Kings","field","Punjab Kings","Royal Challengers Bengaluru",33,4,36,5.5,0,0,1,"Under 40","3+"
"1473471","2025-04-18",2025,"M Chinnaswamy Stadium, Bengaluru","Bengaluru","Punjab Kings","Royal Challengers Bengaluru",2,0,"Punjab Kings","field","Punjab Kings","Royal Challengers Bengaluru",46,2,36,7.66666666666667,1,1,1,"40-49","2"
"1473472","2025-04-19",2025,"Narendra Modi Stadium, Ahmedabad","Ahmedabad","Delhi Capitals","Gujarat Titans",1,1,"Gujarat Titans","field","Gujarat Titans","Delhi Capitals",73,2,36,12.1666666666667,0,0,1,"60+","2"
"1473472","2025-04-19",2025,"Narendra Modi Stadium, Ahmedabad","Ahmedabad","Gujarat Titans","Delhi Capitals",2,0,"Gujarat Titans","field","Gujarat Titans","Delhi Capitals",67,1,36,11.1666666666667,1,1,1,"60+","1"
"1473473","2025-04-19",2025,"Sawai Mansingh Stadium, Jaipur","Jaipur","Lucknow Super Giants","Rajasthan Royals",1,1,"Lucknow Super Giants","bat","Lucknow Super Giants","Rajasthan Royals",46,2,36,7.66666666666667,1,1,0,"40-49","2"
"1473473","2025-04-19",2025,"Sawai Mansingh Stadium, Jaipur","Jaipur","Rajasthan Royals","Lucknow Super Giants",2,0,"Lucknow Super Giants","bat","Lucknow Super Giants","Rajasthan Royals",61,0,36,10.1666666666667,0,0,0,"60+","0"
"1473474","2025-04-20",2025,"Maharaja Yadavindra Singh International Cricket Stadium, Mullanpur","Mohali","Punjab Kings","Royal Challengers Bengaluru",1,1,"Royal Challengers Bengaluru","field","Royal Challengers Bengaluru","Punjab Kings",62,1,36,10.3333333333333,0,0,1,"60+","1"
"1473474","2025-04-20",2025,"Maharaja Yadavindra Singh International Cricket Stadium, Mullanpur","Mohali","Royal Challengers Bengaluru","Punjab Kings",2,0,"Royal Challengers Bengaluru","field","Royal Challengers Bengaluru","Punjab Kings",54,1,36,9,1,1,1,"50-59","1"
"1473475","2025-04-20",2025,"Wankhede Stadium, Mumbai","Mumbai","Chennai Super Kings","Mumbai Indians",1,1,"Mumbai Indians","field","Mumbai Indians","Chennai Super Kings",48,1,36,8,0,0,1,"40-49","1"
"1473475","2025-04-20",2025,"Wankhede Stadium, Mumbai","Mumbai","Mumbai Indians","Chennai Super Kings",2,0,"Mumbai Indians","field","Mumbai Indians","Chennai Super Kings",62,0,36,10.3333333333333,1,1,1,"60+","0"
"1473476","2025-04-21",2025,"Eden Gardens, Kolkata","Kolkata","Gujarat Titans","Kolkata Knight Riders",1,1,"Kolkata Knight Riders","field","Gujarat Titans","Kolkata Knight Riders",45,0,36,7.5,0,1,1,"40-49","0"
"1473476","2025-04-21",2025,"Eden Gardens, Kolkata","Kolkata","Kolkata Knight Riders","Gujarat Titans",2,0,"Kolkata Knight Riders","field","Gujarat Titans","Kolkata Knight Riders",45,2,36,7.5,1,0,1,"40-49","2"
"1473477","2025-04-22",2025,"Bharat Ratna Shri Atal Bihari Vajpayee Ekana Cricket Stadium, Lucknow","Lucknow","Lucknow Super Giants","Delhi Capitals",1,1,"Delhi Capitals","field","Delhi Capitals","Lucknow Super Giants",51,0,36,8.5,0,0,1,"50-59","0"
"1473477","2025-04-22",2025,"Bharat Ratna Shri Atal Bihari Vajpayee Ekana Cricket Stadium, Lucknow","Lucknow","Delhi Capitals","Lucknow Super Giants",2,0,"Delhi Capitals","field","Delhi Capitals","Lucknow Super Giants",54,1,36,9,1,1,1,"50-59","1"
"1473478","2025-04-23",2025,"Rajiv Gandhi International Stadium, Uppal, Hyderabad","Hyderabad","Sunrisers Hyderabad","Mumbai Indians",1,1,"Mumbai Indians","field","Mumbai Indians","Sunrisers Hyderabad",24,4,36,4,0,0,1,"Under 40","3+"
"1473478","2025-04-23",2025,"Rajiv Gandhi International Stadium, Uppal, Hyderabad","Hyderabad","Mumbai Indians","Sunrisers Hyderabad",2,0,"Mumbai Indians","field","Mumbai Indians","Sunrisers Hyderabad",56,1,36,9.33333333333333,1,1,1,"50-59","1"
"1473479","2025-04-24",2025,"M Chinnaswamy Stadium, Bengaluru","Bengaluru","Royal Challengers Bengaluru","Rajasthan Royals",1,1,"Rajasthan Royals","field","Royal Challengers Bengaluru","Rajasthan Royals",59,0,36,9.83333333333333,0,1,1,"50-59","0"
"1473479","2025-04-24",2025,"M Chinnaswamy Stadium, Bengaluru","Bengaluru","Rajasthan Royals","Royal Challengers Bengaluru",2,0,"Rajasthan Royals","field","Royal Challengers Bengaluru","Rajasthan Royals",72,2,36,12,1,0,1,"60+","2"
"1473480","2025-04-25",2025,"MA Chidambaram Stadium, Chepauk, Chennai","Chennai","Chennai Super Kings","Sunrisers Hyderabad",1,1,"Sunrisers Hyderabad","field","Sunrisers Hyderabad","Chennai Super Kings",50,3,36,8.33333333333333,0,0,1,"50-59","3+"
"1473480","2025-04-25",2025,"MA Chidambaram Stadium, Chepauk, Chennai","Chennai","Sunrisers Hyderabad","Chennai Super Kings",2,0,"Sunrisers Hyderabad","field","Sunrisers Hyderabad","Chennai Super Kings",37,2,36,6.16666666666667,1,1,1,"Under 40","2"
"1473482","2025-04-27",2025,"Wankhede Stadium, Mumbai","Mumbai","Mumbai Indians","Lucknow Super Giants",1,1,"Lucknow Super Giants","field","Mumbai Indians","Lucknow Super Giants",66,1,36,11,0,1,1,"60+","1"
"1473482","2025-04-27",2025,"Wankhede Stadium, Mumbai","Mumbai","Lucknow Super Giants","Mumbai Indians",2,0,"Lucknow Super Giants","field","Mumbai Indians","Lucknow Super Giants",60,1,36,10,1,0,1,"60+","1"
"1473483","2025-04-27",2025,"Arun Jaitley Stadium, Delhi","Delhi","Delhi Capitals","Royal Challengers Bengaluru",1,1,"Royal Challengers Bengaluru","field","Royal Challengers Bengaluru","Delhi Capitals",52,2,36,8.66666666666667,0,0,1,"50-59","2"
"1473483","2025-04-27",2025,"Arun Jaitley Stadium, Delhi","Delhi","Royal Challengers Bengaluru","Delhi Capitals",2,0,"Royal Challengers Bengaluru","field","Royal Challengers Bengaluru","Delhi Capitals",35,3,36,5.83333333333333,1,1,1,"Under 40","3+"
"1473484","2025-04-28",2025,"Sawai Mansingh Stadium, Jaipur","Jaipur","Gujarat Titans","Rajasthan Royals",1,1,"Rajasthan Royals","field","Rajasthan Royals","Gujarat Titans",53,0,36,8.83333333333333,0,0,1,"50-59","0"
"1473484","2025-04-28",2025,"Sawai Mansingh Stadium, Jaipur","Jaipur","Rajasthan Royals","Gujarat Titans",2,0,"Rajasthan Royals","field","Rajasthan Royals","Gujarat Titans",87,0,36,14.5,1,1,1,"60+","0"
"1473485","2025-04-29",2025,"Arun Jaitley Stadium, Delhi","Delhi","Kolkata Knight Riders","Delhi Capitals",1,1,"Delhi Capitals","field","Kolkata Knight Riders","Delhi Capitals",79,1,36,13.1666666666667,0,1,1,"60+","1"
"1473485","2025-04-29",2025,"Arun Jaitley Stadium, Delhi","Delhi","Delhi Capitals","Kolkata Knight Riders",2,0,"Delhi Capitals","field","Kolkata Knight Riders","Delhi Capitals",58,2,36,9.66666666666667,1,0,1,"50-59","2"
"1473486","2025-04-30",2025,"MA Chidambaram Stadium, Chepauk, Chennai","Chennai","Chennai Super Kings","Punjab Kings",1,1,"Punjab Kings","field","Punjab Kings","Chennai Super Kings",48,3,36,8,0,0,1,"40-49","3+"
"1473486","2025-04-30",2025,"MA Chidambaram Stadium, Chepauk, Chennai","Chennai","Punjab Kings","Chennai Super Kings",2,0,"Punjab Kings","field","Punjab Kings","Chennai Super Kings",51,1,36,8.5,1,1,1,"50-59","1"
"1473487","2025-05-01",2025,"Sawai Mansingh Stadium, Jaipur","Jaipur","Mumbai Indians","Rajasthan Royals",1,1,"Rajasthan Royals","field","Mumbai Indians","Rajasthan Royals",58,0,36,9.66666666666667,0,1,1,"50-59","0"
"1473487","2025-05-01",2025,"Sawai Mansingh Stadium, Jaipur","Jaipur","Rajasthan Royals","Mumbai Indians",2,0,"Rajasthan Royals","field","Mumbai Indians","Rajasthan Royals",62,5,36,10.3333333333333,1,0,1,"60+","3+"
"1473488","2025-05-02",2025,"Narendra Modi Stadium, Ahmedabad","Ahmedabad","Gujarat Titans","Sunrisers Hyderabad",1,1,"Sunrisers Hyderabad","field","Gujarat Titans","Sunrisers Hyderabad",82,0,36,13.6666666666667,0,1,1,"60+","0"
"1473488","2025-05-02",2025,"Narendra Modi Stadium, Ahmedabad","Ahmedabad","Sunrisers Hyderabad","Gujarat Titans",2,0,"Sunrisers Hyderabad","field","Gujarat Titans","Sunrisers Hyderabad",57,1,36,9.5,1,0,1,"50-59","1"
"1473489","2025-05-03",2025,"M Chinnaswamy Stadium, Bengaluru","Bengaluru","Royal Challengers Bengaluru","Chennai Super Kings",1,1,"Chennai Super Kings","field","Royal Challengers Bengaluru","Chennai Super Kings",71,0,36,11.8333333333333,0,1,1,"60+","0"
"1473489","2025-05-03",2025,"M Chinnaswamy Stadium, Bengaluru","Bengaluru","Chennai Super Kings","Royal Challengers Bengaluru",2,0,"Chennai Super Kings","field","Royal Challengers Bengaluru","Chennai Super Kings",58,2,36,9.66666666666667,1,0,1,"50-59","2"
"1473490","2025-05-04",2025,"Eden Gardens, Kolkata","Kolkata","Kolkata Knight Riders","Rajasthan Royals",1,1,"Kolkata Knight Riders","bat","Kolkata Knight Riders","Rajasthan Royals",56,1,36,9.33333333333333,1,1,0,"50-59","1"
"1473490","2025-05-04",2025,"Eden Gardens, Kolkata","Kolkata","Rajasthan Royals","Kolkata Knight Riders",2,0,"Kolkata Knight Riders","bat","Kolkata Knight Riders","Rajasthan Royals",59,2,36,9.83333333333333,0,0,0,"50-59","2"
"1473491","2025-05-04",2025,"Himachal Pradesh Cricket Association Stadium, Dharamsala","Dharamsala","Punjab Kings","Lucknow Super Giants",1,1,"Lucknow Super Giants","field","Punjab Kings","Lucknow Super Giants",66,2,36,11,0,1,1,"60+","2"
"1473491","2025-05-04",2025,"Himachal Pradesh Cricket Association Stadium, Dharamsala","Dharamsala","Lucknow Super Giants","Punjab Kings",2,0,"Lucknow Super Giants","field","Punjab Kings","Lucknow Super Giants",38,3,36,6.33333333333333,1,0,1,"Under 40","3+"
"1473493","2025-05-06",2025,"Wankhede Stadium, Mumbai","Mumbai","Mumbai Indians","Gujarat Titans",1,1,"Gujarat Titans","field","Gujarat Titans","Mumbai Indians",56,2,36,9.33333333333333,0,0,1,"50-59","2"
"1473493","2025-05-06",2025,"Wankhede Stadium, Mumbai","Mumbai","Gujarat Titans","Mumbai Indians",2,0,"Gujarat Titans","field","Gujarat Titans","Mumbai Indians",29,1,36,4.83333333333333,1,1,1,"Under 40","1"
"1473494","2025-05-07",2025,"Eden Gardens, Kolkata","Kolkata","Kolkata Knight Riders","Chennai Super Kings",1,1,"Kolkata Knight Riders","bat","Chennai Super Kings","Kolkata Knight Riders",67,1,36,11.1666666666667,1,0,0,"60+","1"
"1473494","2025-05-07",2025,"Eden Gardens, Kolkata","Kolkata","Chennai Super Kings","Kolkata Knight Riders",2,0,"Kolkata Knight Riders","bat","Chennai Super Kings","Kolkata Knight Riders",62,5,36,10.3333333333333,0,1,0,"60+","3+"
"1473497","2025-05-18",2025,"Sawai Mansingh Stadium, Jaipur","Jaipur","Punjab Kings","Rajasthan Royals",1,1,"Punjab Kings","bat","Punjab Kings","Rajasthan Royals",58,3,36,9.66666666666667,1,1,0,"50-59","3+"
"1473497","2025-05-18",2025,"Sawai Mansingh Stadium, Jaipur","Jaipur","Rajasthan Royals","Punjab Kings",2,0,"Punjab Kings","bat","Punjab Kings","Rajasthan Royals",89,1,36,14.8333333333333,0,0,0,"60+","1"
"1473498","2025-05-18",2025,"Arun Jaitley Stadium, Delhi","Delhi","Delhi Capitals","Gujarat Titans",1,1,"Gujarat Titans","field","Gujarat Titans","Delhi Capitals",45,1,36,7.5,0,0,1,"40-49","1"
"1473498","2025-05-18",2025,"Arun Jaitley Stadium, Delhi","Delhi","Gujarat Titans","Delhi Capitals",2,0,"Gujarat Titans","field","Gujarat Titans","Delhi Capitals",59,0,36,9.83333333333333,1,1,1,"50-59","0"
"1473499","2025-05-19",2025,"Bharat Ratna Shri Atal Bihari Vajpayee Ekana Cricket Stadium, Lucknow","Lucknow","Lucknow Super Giants","Sunrisers Hyderabad",1,1,"Sunrisers Hyderabad","field","Sunrisers Hyderabad","Lucknow Super Giants",69,0,36,11.5,0,0,1,"60+","0"
"1473499","2025-05-19",2025,"Bharat Ratna Shri Atal Bihari Vajpayee Ekana Cricket Stadium, Lucknow","Lucknow","Sunrisers Hyderabad","Lucknow Super Giants",2,0,"Sunrisers Hyderabad","field","Sunrisers Hyderabad","Lucknow Super Giants",72,1,36,12,1,1,1,"60+","1"
"1473500","2025-05-20",2025,"Arun Jaitley Stadium, Delhi","Delhi","Chennai Super Kings","Rajasthan Royals",1,1,"Rajasthan Royals","field","Rajasthan Royals","Chennai Super Kings",68,3,36,11.3333333333333,0,0,1,"60+","3+"
"1473500","2025-05-20",2025,"Arun Jaitley Stadium, Delhi","Delhi","Rajasthan Royals","Chennai Super Kings",2,0,"Rajasthan Royals","field","Rajasthan Royals","Chennai Super Kings",56,1,36,9.33333333333333,1,1,1,"50-59","1"
"1473501","2025-05-21",2025,"Wankhede Stadium, Mumbai","Mumbai","Mumbai Indians","Delhi Capitals",1,1,"Delhi Capitals","field","Mumbai Indians","Delhi Capitals",54,2,36,9,0,1,1,"50-59","2"
"1473501","2025-05-21",2025,"Wankhede Stadium, Mumbai","Mumbai","Delhi Capitals","Mumbai Indians",2,0,"Delhi Capitals","field","Mumbai Indians","Delhi Capitals",49,3,36,8.16666666666667,1,0,1,"40-49","3+"
"1473502","2025-05-22",2025,"Narendra Modi Stadium, Ahmedabad","Ahmedabad","Lucknow Super Giants","Gujarat Titans",1,1,"Gujarat Titans","field","Lucknow Super Giants","Gujarat Titans",53,0,36,8.83333333333333,0,1,1,"50-59","0"
"1473502","2025-05-22",2025,"Narendra Modi Stadium, Ahmedabad","Ahmedabad","Gujarat Titans","Lucknow Super Giants",2,0,"Gujarat Titans","field","Lucknow Super Giants","Gujarat Titans",67,1,36,11.1666666666667,1,0,1,"60+","1"
"1473503","2025-05-23",2025,"Bharat Ratna Shri Atal Bihari Vajpayee Ekana Cricket Stadium, Lucknow","Lucknow","Sunrisers Hyderabad","Royal Challengers Bengaluru",1,1,"Royal Challengers Bengaluru","field","Sunrisers Hyderabad","Royal Challengers Bengaluru",71,2,36,11.8333333333333,0,1,1,"60+","2"
"1473503","2025-05-23",2025,"Bharat Ratna Shri Atal Bihari Vajpayee Ekana Cricket Stadium, Lucknow","Lucknow","Royal Challengers Bengaluru","Sunrisers Hyderabad",2,0,"Royal Challengers Bengaluru","field","Sunrisers Hyderabad","Royal Challengers Bengaluru",72,0,36,12,1,0,1,"60+","0"
"1485779","2025-05-24",2025,"Sawai Mansingh Stadium, Jaipur","Jaipur","Punjab Kings","Delhi Capitals",1,1,"Delhi Capitals","field","Delhi Capitals","Punjab Kings",60,2,36,10,0,0,1,"60+","2"
"1485779","2025-05-24",2025,"Sawai Mansingh Stadium, Jaipur","Jaipur","Delhi Capitals","Punjab Kings",2,0,"Delhi Capitals","field","Delhi Capitals","Punjab Kings",61,1,36,10.1666666666667,1,1,1,"60+","1"
"1473504","2025-05-25",2025,"Narendra Modi Stadium, Ahmedabad","Ahmedabad","Chennai Super Kings","Gujarat Titans",1,1,"Chennai Super Kings","bat","Chennai Super Kings","Gujarat Titans",68,1,36,11.3333333333333,1,1,0,"60+","1"
"1473504","2025-05-25",2025,"Narendra Modi Stadium, Ahmedabad","Ahmedabad","Gujarat Titans","Chennai Super Kings",2,0,"Chennai Super Kings","bat","Chennai Super Kings","Gujarat Titans",35,3,36,5.83333333333333,0,0,0,"Under 40","3+"
"1473505","2025-05-25",2025,"Arun Jaitley Stadium, Delhi","Delhi","Sunrisers Hyderabad","Kolkata Knight Riders",1,1,"Sunrisers Hyderabad","bat","Sunrisers Hyderabad","Kolkata Knight Riders",79,0,36,13.1666666666667,1,1,0,"60+","0"
"1473505","2025-05-25",2025,"Arun Jaitley Stadium, Delhi","Delhi","Kolkata Knight Riders","Sunrisers Hyderabad",2,0,"Sunrisers Hyderabad","bat","Sunrisers Hyderabad","Kolkata Knight Riders",59,2,36,9.83333333333333,0,0,0,"50-59","2"
"1473506","2025-05-26",2025,"Sawai Mansingh Stadium, Jaipur","Jaipur","Mumbai Indians","Punjab Kings",1,1,"Punjab Kings","field","Punjab Kings","Mumbai Indians",52,1,36,8.66666666666667,0,0,1,"50-59","1"
"1473506","2025-05-26",2025,"Sawai Mansingh Stadium, Jaipur","Jaipur","Punjab Kings","Mumbai Indians",2,0,"Punjab Kings","field","Punjab Kings","Mumbai Indians",47,1,36,7.83333333333333,1,1,1,"40-49","1"
"1473507","2025-05-27",2025,"Bharat Ratna Shri Atal Bihari Vajpayee Ekana Cricket Stadium, Lucknow","Lucknow","Lucknow Super Giants","Royal Challengers Bengaluru",1,1,"Royal Challengers Bengaluru","field","Royal Challengers Bengaluru","Lucknow Super Giants",55,1,36,9.16666666666667,0,0,1,"50-59","1"
"1473507","2025-05-27",2025,"Bharat Ratna Shri Atal Bihari Vajpayee Ekana Cricket Stadium, Lucknow","Lucknow","Royal Challengers Bengaluru","Lucknow Super Giants",2,0,"Royal Challengers Bengaluru","field","Royal Challengers Bengaluru","Lucknow Super Giants",66,1,36,11,1,1,1,"60+","1"
"1473508","2025-05-29",2025,"Maharaja Yadavindra Singh International Cricket Stadium, Mullanpur","New Chandigarh","Punjab Kings","Royal Challengers Bengaluru",1,1,"Royal Challengers Bengaluru","field","Royal Challengers Bengaluru","Punjab Kings",48,4,36,8,0,0,1,"40-49","3+"
"1473508","2025-05-29",2025,"Maharaja Yadavindra Singh International Cricket Stadium, Mullanpur","New Chandigarh","Royal Challengers Bengaluru","Punjab Kings",2,0,"Royal Challengers Bengaluru","field","Royal Challengers Bengaluru","Punjab Kings",61,1,36,10.1666666666667,1,1,1,"60+","1"
"1473509","2025-05-30",2025,"Maharaja Yadavindra Singh International Cricket Stadium, New Chandigarh","New Chandigarh","Mumbai Indians","Gujarat Titans",1,1,"Mumbai Indians","bat","Mumbai Indians","Gujarat Titans",79,0,36,13.1666666666667,1,1,0,"60+","0"
"1473509","2025-05-30",2025,"Maharaja Yadavindra Singh International Cricket Stadium, New Chandigarh","New Chandigarh","Gujarat Titans","Mumbai Indians",2,0,"Mumbai Indians","bat","Mumbai Indians","Gujarat Titans",66,1,36,11,0,0,0,"60+","1"
"1473510","2025-06-01",2025,"Narendra Modi Stadium, Ahmedabad","Ahmedabad","Mumbai Indians","Punjab Kings",1,1,"Punjab Kings","field","Punjab Kings","Mumbai Indians",65,1,36,10.8333333333333,0,0,1,"60+","1"
"1473510","2025-06-01",2025,"Narendra Modi Stadium, Ahmedabad","Ahmedabad","Punjab Kings","Mumbai Indians",2,0,"Punjab Kings","field","Punjab Kings","Mumbai Indians",64,2,36,10.6666666666667,1,1,1,"60+","2"
"1473511","2025-06-03",2025,"Narendra Modi Stadium, Ahmedabad","Ahmedabad","Royal Challengers Bengaluru","Punjab Kings",1,1,"Punjab Kings","field","Royal Challengers Bengaluru","Punjab Kings",55,1,36,9.16666666666667,0,1,1,"50-59","1"
"1473511","2025-06-03",2025,"Narendra Modi Stadium, Ahmedabad","Ahmedabad","Punjab Kings","Royal Challengers Bengaluru",2,0,"Punjab Kings","field","Royal Challengers Bengaluru","Punjab Kings",52,1,36,8.66666666666667,1,0,1,"50-59","1"
"1527674","2026-03-28",2026,"M Chinnaswamy Stadium, Bengaluru","Bengaluru","Sunrisers Hyderabad","Royal Challengers Bengaluru",1,1,"Royal Challengers Bengaluru","field","Royal Challengers Bengaluru","Sunrisers Hyderabad",49,3,36,8.16666666666667,0,0,1,"40-49","3+"
"1527674","2026-03-28",2026,"M Chinnaswamy Stadium, Bengaluru","Bengaluru","Royal Challengers Bengaluru","Sunrisers Hyderabad",2,0,"Royal Challengers Bengaluru","field","Royal Challengers Bengaluru","Sunrisers Hyderabad",76,1,36,12.6666666666667,1,1,1,"60+","1"
"1527675","2026-03-29",2026,"Wankhede Stadium, Mumbai","Mumbai","Kolkata Knight Riders","Mumbai Indians",1,1,"Mumbai Indians","field","Mumbai Indians","Kolkata Knight Riders",78,1,36,13,0,0,1,"60+","1"
"1527675","2026-03-29",2026,"Wankhede Stadium, Mumbai","Mumbai","Mumbai Indians","Kolkata Knight Riders",2,0,"Mumbai Indians","field","Mumbai Indians","Kolkata Knight Riders",80,0,36,13.3333333333333,1,1,1,"60+","0"
"1527676","2026-03-30",2026,"Barsapara Cricket Stadium, Guwahati","Guwahati","Chennai Super Kings","Rajasthan Royals",1,1,"Rajasthan Royals","field","Rajasthan Royals","Chennai Super Kings",41,4,36,6.83333333333333,0,0,1,"40-49","3+"
"1527676","2026-03-30",2026,"Barsapara Cricket Stadium, Guwahati","Guwahati","Rajasthan Royals","Chennai Super Kings",2,0,"Rajasthan Royals","field","Rajasthan Royals","Chennai Super Kings",74,0,36,12.3333333333333,1,1,1,"60+","0"
"1527677","2026-03-31",2026,"Maharaja Yadavindra Singh International Cricket Stadium, New Chandigarh","New Chandigarh","Gujarat Titans","Punjab Kings",1,1,"Punjab Kings","field","Punjab Kings","Gujarat Titans",54,1,36,9,0,0,1,"50-59","1"
"1527677","2026-03-31",2026,"Maharaja Yadavindra Singh International Cricket Stadium, New Chandigarh","New Chandigarh","Punjab Kings","Gujarat Titans",2,0,"Punjab Kings","field","Punjab Kings","Gujarat Titans",55,1,36,9.16666666666667,1,1,1,"50-59","1"
"1527678","2026-04-01",2026,"Bharat Ratna Shri Atal Bihari Vajpayee Ekana Cricket Stadium, Lucknow","Lucknow","Lucknow Super Giants","Delhi Capitals",1,1,"Delhi Capitals","field","Delhi Capitals","Lucknow Super Giants",48,2,36,8,0,0,1,"40-49","2"
"1527678","2026-04-01",2026,"Bharat Ratna Shri Atal Bihari Vajpayee Ekana Cricket Stadium, Lucknow","Lucknow","Delhi Capitals","Lucknow Super Giants",2,0,"Delhi Capitals","field","Delhi Capitals","Lucknow Super Giants",33,4,36,5.5,1,1,1,"Under 40","3+"
"1527679","2026-04-02",2026,"Eden Gardens, Kolkata","Kolkata","Sunrisers Hyderabad","Kolkata Knight Riders",1,1,"Kolkata Knight Riders","field","Sunrisers Hyderabad","Kolkata Knight Riders",84,1,36,14,0,1,1,"60+","1"
"1527679","2026-04-02",2026,"Eden Gardens, Kolkata","Kolkata","Kolkata Knight Riders","Sunrisers Hyderabad",2,0,"Kolkata Knight Riders","field","Sunrisers Hyderabad","Kolkata Knight Riders",74,3,36,12.3333333333333,1,0,1,"60+","3+"
"1527680","2026-04-03",2026,"MA Chidambaram Stadium, Chepauk, Chennai","Chennai","Chennai Super Kings","Punjab Kings",1,1,"Punjab Kings","field","Punjab Kings","Chennai Super Kings",57,1,36,9.5,0,0,1,"50-59","1"
"1527680","2026-04-03",2026,"MA Chidambaram Stadium, Chepauk, Chennai","Chennai","Punjab Kings","Chennai Super Kings",2,0,"Punjab Kings","field","Punjab Kings","Chennai Super Kings",68,1,36,11.3333333333333,1,1,1,"60+","1"
"1527681","2026-04-04",2026,"Arun Jaitley Stadium, Delhi","Delhi","Mumbai Indians","Delhi Capitals",1,1,"Delhi Capitals","field","Delhi Capitals","Mumbai Indians",41,2,36,6.83333333333333,0,0,1,"40-49","2"
"1527681","2026-04-04",2026,"Arun Jaitley Stadium, Delhi","Delhi","Delhi Capitals","Mumbai Indians",2,0,"Delhi Capitals","field","Delhi Capitals","Mumbai Indians",42,2,36,7,1,1,1,"40-49","2"
"1527682","2026-04-04",2026,"Narendra Modi Stadium, Ahmedabad","Ahmedabad","Rajasthan Royals","Gujarat Titans",1,1,"Rajasthan Royals","bat","Rajasthan Royals","Gujarat Titans",69,0,36,11.5,1,1,0,"60+","0"
"1527682","2026-04-04",2026,"Narendra Modi Stadium, Ahmedabad","Ahmedabad","Gujarat Titans","Rajasthan Royals",2,0,"Rajasthan Royals","bat","Rajasthan Royals","Gujarat Titans",56,0,36,9.33333333333333,0,0,0,"50-59","0"
"1527683","2026-04-05",2026,"Rajiv Gandhi International Stadium, Uppal, Hyderabad","Hyderabad","Sunrisers Hyderabad","Lucknow Super Giants",1,1,"Lucknow Super Giants","field","Lucknow Super Giants","Sunrisers Hyderabad",22,3,36,3.66666666666667,0,0,1,"Under 40","3+"
"1527683","2026-04-05",2026,"Rajiv Gandhi International Stadium, Uppal, Hyderabad","Hyderabad","Lucknow Super Giants","Sunrisers Hyderabad",2,0,"Lucknow Super Giants","field","Lucknow Super Giants","Sunrisers Hyderabad",53,1,36,8.83333333333333,1,1,1,"50-59","1"
"1527684","2026-04-05",2026,"M Chinnaswamy Stadium, Bengaluru","Bengaluru","Royal Challengers Bengaluru","Chennai Super Kings",1,1,"Chennai Super Kings","field","Royal Challengers Bengaluru","Chennai Super Kings",51,1,36,8.5,0,1,1,"50-59","1"
"1527684","2026-04-05",2026,"M Chinnaswamy Stadium, Bengaluru","Bengaluru","Chennai Super Kings","Royal Challengers Bengaluru",2,0,"Chennai Super Kings","field","Royal Challengers Bengaluru","Chennai Super Kings",77,3,36,12.8333333333333,1,0,1,"60+","3+"
"1527686","2026-04-07",2026,"Barsapara Cricket Stadium, Guwahati","Guwahati","Rajasthan Royals","Mumbai Indians",1,1,"Mumbai Indians","field","Rajasthan Royals","Mumbai Indians",89,2,36,14.8333333333333,0,1,1,"60+","2"
"1527686","2026-04-07",2026,"Barsapara Cricket Stadium, Guwahati","Guwahati","Mumbai Indians","Rajasthan Royals",2,0,"Mumbai Indians","field","Rajasthan Royals","Mumbai Indians",60,5,36,10,1,0,1,"60+","3+"
"1527687","2026-04-08",2026,"Arun Jaitley Stadium, Delhi","Delhi","Gujarat Titans","Delhi Capitals",1,1,"Delhi Capitals","field","Gujarat Titans","Delhi Capitals",68,1,36,11.3333333333333,0,1,1,"60+","1"
"1527687","2026-04-08",2026,"Arun Jaitley Stadium, Delhi","Delhi","Delhi Capitals","Gujarat Titans",2,0,"Delhi Capitals","field","Gujarat Titans","Delhi Capitals",63,0,36,10.5,1,0,1,"60+","0"
"1527688","2026-04-09",2026,"Eden Gardens, Kolkata","Kolkata","Kolkata Knight Riders","Lucknow Super Giants",1,1,"Lucknow Super Giants","field","Lucknow Super Giants","Kolkata Knight Riders",56,1,36,9.33333333333333,0,0,1,"50-59","1"
"1527688","2026-04-09",2026,"Eden Gardens, Kolkata","Kolkata","Lucknow Super Giants","Kolkata Knight Riders",2,0,"Lucknow Super Giants","field","Lucknow Super Giants","Kolkata Knight Riders",56,2,36,9.33333333333333,1,1,1,"50-59","2"
"1527689","2026-04-10",2026,"Barsapara Cricket Stadium, Guwahati","Guwahati","Royal Challengers Bengaluru","Rajasthan Royals",1,1,"Rajasthan Royals","field","Rajasthan Royals","Royal Challengers Bengaluru",61,3,36,10.1666666666667,0,0,1,"60+","3+"
"1527689","2026-04-10",2026,"Barsapara Cricket Stadium, Guwahati","Guwahati","Rajasthan Royals","Royal Challengers Bengaluru",2,0,"Rajasthan Royals","field","Rajasthan Royals","Royal Challengers Bengaluru",97,1,36,16.1666666666667,1,1,1,"60+","1"
"1527690","2026-04-11",2026,"Maharaja Yadavindra Singh International Cricket Stadium, New Chandigarh","New Chandigarh","Sunrisers Hyderabad","Punjab Kings",1,1,"Punjab Kings","field","Punjab Kings","Sunrisers Hyderabad",105,0,36,17.5,0,0,1,"60+","0"
"1527690","2026-04-11",2026,"Maharaja Yadavindra Singh International Cricket Stadium, New Chandigarh","New Chandigarh","Punjab Kings","Sunrisers Hyderabad",2,0,"Punjab Kings","field","Punjab Kings","Sunrisers Hyderabad",93,0,36,15.5,1,1,1,"60+","0"
"1527691","2026-04-11",2026,"MA Chidambaram Stadium, Chepauk, Chennai","Chennai","Chennai Super Kings","Delhi Capitals",1,1,"Delhi Capitals","field","Chennai Super Kings","Delhi Capitals",61,0,36,10.1666666666667,0,1,1,"60+","0"
"1527691","2026-04-11",2026,"MA Chidambaram Stadium, Chepauk, Chennai","Chennai","Delhi Capitals","Chennai Super Kings",2,0,"Delhi Capitals","field","Chennai Super Kings","Delhi Capitals",66,2,36,11,1,0,1,"60+","2"
"1527692","2026-04-12",2026,"Bharat Ratna Shri Atal Bihari Vajpayee Ekana Cricket Stadium, Lucknow","Lucknow","Lucknow Super Giants","Gujarat Titans",1,1,"Gujarat Titans","field","Gujarat Titans","Lucknow Super Giants",60,2,36,10,0,0,1,"60+","2"
"1527692","2026-04-12",2026,"Bharat Ratna Shri Atal Bihari Vajpayee Ekana Cricket Stadium, Lucknow","Lucknow","Gujarat Titans","Lucknow Super Giants",2,0,"Gujarat Titans","field","Gujarat Titans","Lucknow Super Giants",52,1,36,8.66666666666667,1,1,1,"50-59","1"
"1527693","2026-04-12",2026,"Wankhede Stadium, Mumbai","Mumbai","Royal Challengers Bengaluru","Mumbai Indians",1,1,"Mumbai Indians","field","Royal Challengers Bengaluru","Mumbai Indians",71,0,36,11.8333333333333,0,1,1,"60+","0"
"1527693","2026-04-12",2026,"Wankhede Stadium, Mumbai","Mumbai","Mumbai Indians","Royal Challengers Bengaluru",2,0,"Mumbai Indians","field","Royal Challengers Bengaluru","Mumbai Indians",62,0,36,10.3333333333333,1,0,1,"60+","0"
"1529264","2026-04-13",2026,"Rajiv Gandhi International Stadium, Uppal, Hyderabad","Hyderabad","Sunrisers Hyderabad","Rajasthan Royals",1,1,"Rajasthan Royals","field","Sunrisers Hyderabad","Rajasthan Royals",51,1,36,8.5,0,1,1,"50-59","1"
"1529264","2026-04-13",2026,"Rajiv Gandhi International Stadium, Uppal, Hyderabad","Hyderabad","Rajasthan Royals","Sunrisers Hyderabad",2,0,"Rajasthan Royals","field","Sunrisers Hyderabad","Rajasthan Royals",40,5,36,6.66666666666667,1,0,1,"40-49","3+"
"1529265","2026-04-14",2026,"MA Chidambaram Stadium, Chepauk, Chennai","Chennai","Chennai Super Kings","Kolkata Knight Riders",1,1,"Kolkata Knight Riders","field","Chennai Super Kings","Kolkata Knight Riders",72,2,36,12,0,1,1,"60+","2"
"1529265","2026-04-14",2026,"MA Chidambaram Stadium, Chepauk, Chennai","Chennai","Kolkata Knight Riders","Chennai Super Kings",2,0,"Kolkata Knight Riders","field","Chennai Super Kings","Kolkata Knight Riders",36,2,36,6,1,0,1,"Under 40","2"
"1529266","2026-04-15",2026,"M Chinnaswamy Stadium, Bengaluru","Bengaluru","Lucknow Super Giants","Royal Challengers Bengaluru",1,1,"Royal Challengers Bengaluru","field","Royal Challengers Bengaluru","Lucknow Super Giants",35,1,36,5.83333333333333,0,0,1,"Under 40","1"
"1529266","2026-04-15",2026,"M Chinnaswamy Stadium, Bengaluru","Bengaluru","Royal Challengers Bengaluru","Lucknow Super Giants",2,0,"Royal Challengers Bengaluru","field","Royal Challengers Bengaluru","Lucknow Super Giants",60,1,36,10,1,1,1,"60+","1"
"1529267","2026-04-16",2026,"Wankhede Stadium, Mumbai","Mumbai","Mumbai Indians","Punjab Kings",1,1,"Punjab Kings","field","Punjab Kings","Mumbai Indians",48,2,36,8,0,0,1,"40-49","2"
"1529267","2026-04-16",2026,"Wankhede Stadium, Mumbai","Mumbai","Punjab Kings","Mumbai Indians",2,0,"Punjab Kings","field","Punjab Kings","Mumbai Indians",61,2,36,10.1666666666667,1,1,1,"60+","2"
"1529268","2026-04-17",2026,"Narendra Modi Stadium, Ahmedabad","Ahmedabad","Kolkata Knight Riders","Gujarat Titans",1,1,"Kolkata Knight Riders","bat","Gujarat Titans","Kolkata Knight Riders",37,3,36,6.16666666666667,1,0,0,"Under 40","3+"
"1529268","2026-04-17",2026,"Narendra Modi Stadium, Ahmedabad","Ahmedabad","Gujarat Titans","Kolkata Knight Riders",2,0,"Kolkata Knight Riders","bat","Gujarat Titans","Kolkata Knight Riders",71,1,36,11.8333333333333,0,1,0,"60+","1"
"1529269","2026-04-18",2026,"M Chinnaswamy Stadium, Bengaluru","Bengaluru","Royal Challengers Bengaluru","Delhi Capitals",1,1,"Delhi Capitals","field","Delhi Capitals","Royal Challengers Bengaluru",59,1,36,9.83333333333333,0,0,1,"50-59","1"
"1529269","2026-04-18",2026,"M Chinnaswamy Stadium, Bengaluru","Bengaluru","Delhi Capitals","Royal Challengers Bengaluru",2,0,"Delhi Capitals","field","Delhi Capitals","Royal Challengers Bengaluru",50,3,36,8.33333333333333,1,1,1,"50-59","3+"
"1529270","2026-04-18",2026,"Rajiv Gandhi International Stadium, Uppal, Hyderabad","Hyderabad","Sunrisers Hyderabad","Chennai Super Kings",1,1,"Chennai Super Kings","field","Sunrisers Hyderabad","Chennai Super Kings",75,2,36,12.5,0,1,1,"60+","2"
"1529270","2026-04-18",2026,"Rajiv Gandhi International Stadium, Uppal, Hyderabad","Hyderabad","Chennai Super Kings","Sunrisers Hyderabad",2,0,"Chennai Super Kings","field","Sunrisers Hyderabad","Chennai Super Kings",76,3,36,12.6666666666667,1,0,1,"60+","3+"
"1529271","2026-04-19",2026,"Eden Gardens, Kolkata","Kolkata","Rajasthan Royals","Kolkata Knight Riders",1,1,"Rajasthan Royals","bat","Kolkata Knight Riders","Rajasthan Royals",63,0,36,10.5,1,0,0,"60+","0"
"1529271","2026-04-19",2026,"Eden Gardens, Kolkata","Kolkata","Kolkata Knight Riders","Rajasthan Royals",2,0,"Rajasthan Royals","bat","Kolkata Knight Riders","Rajasthan Royals",51,3,36,8.5,0,1,0,"50-59","3+"
"1529272","2026-04-19",2026,"Maharaja Yadavindra Singh International Cricket Stadium, New Chandigarh","New Chandigarh","Punjab Kings","Lucknow Super Giants",1,1,"Lucknow Super Giants","field","Punjab Kings","Lucknow Super Giants",63,1,36,10.5,0,1,1,"60+","1"
"1529272","2026-04-19",2026,"Maharaja Yadavindra Singh International Cricket Stadium, New Chandigarh","New Chandigarh","Lucknow Super Giants","Punjab Kings",2,0,"Lucknow Super Giants","field","Punjab Kings","Lucknow Super Giants",61,1,36,10.1666666666667,1,0,1,"60+","1"
"1529273","2026-04-20",2026,"Narendra Modi Stadium, Ahmedabad","Ahmedabad","Mumbai Indians","Gujarat Titans",1,1,"Gujarat Titans","field","Mumbai Indians","Gujarat Titans",46,3,36,7.66666666666667,0,1,1,"40-49","3+"
"1529273","2026-04-20",2026,"Narendra Modi Stadium, Ahmedabad","Ahmedabad","Gujarat Titans","Mumbai Indians",2,0,"Gujarat Titans","field","Mumbai Indians","Gujarat Titans",45,3,36,7.5,1,0,1,"40-49","3+"
"1529274","2026-04-21",2026,"Rajiv Gandhi International Stadium, Uppal, Hyderabad","Hyderabad","Sunrisers Hyderabad","Delhi Capitals",1,1,"Delhi Capitals","field","Sunrisers Hyderabad","Delhi Capitals",67,0,36,11.1666666666667,0,1,1,"60+","0"
"1529274","2026-04-21",2026,"Rajiv Gandhi International Stadium, Uppal, Hyderabad","Hyderabad","Delhi Capitals","Sunrisers Hyderabad",2,0,"Delhi Capitals","field","Sunrisers Hyderabad","Delhi Capitals",59,1,36,9.83333333333333,1,0,1,"50-59","1"
"1529275","2026-04-22",2026,"Bharat Ratna Shri Atal Bihari Vajpayee Ekana Cricket Stadium, Lucknow","Lucknow","Rajasthan Royals","Lucknow Super Giants",1,1,"Lucknow Super Giants","field","Rajasthan Royals","Lucknow Super Giants",44,3,36,7.33333333333333,0,1,1,"40-49","3+"
"1529275","2026-04-22",2026,"Bharat Ratna Shri Atal Bihari Vajpayee Ekana Cricket Stadium, Lucknow","Lucknow","Lucknow Super Giants","Rajasthan Royals",2,0,"Lucknow Super Giants","field","Rajasthan Royals","Lucknow Super Giants",31,3,36,5.16666666666667,1,0,1,"Under 40","3+"
"1529276","2026-04-23",2026,"Wankhede Stadium, Mumbai","Mumbai","Chennai Super Kings","Mumbai Indians",1,1,"Mumbai Indians","field","Chennai Super Kings","Mumbai Indians",73,2,36,12.1666666666667,0,1,1,"60+","2"
"1529276","2026-04-23",2026,"Wankhede Stadium, Mumbai","Mumbai","Mumbai Indians","Chennai Super Kings",2,0,"Mumbai Indians","field","Chennai Super Kings","Mumbai Indians",29,3,36,4.83333333333333,1,0,1,"Under 40","3+"
"1529277","2026-04-24",2026,"M Chinnaswamy Stadium, Bengaluru","Bengaluru","Gujarat Titans","Royal Challengers Bengaluru",1,1,"Royal Challengers Bengaluru","field","Royal Challengers Bengaluru","Gujarat Titans",57,0,36,9.5,0,0,1,"50-59","0"
"1529277","2026-04-24",2026,"M Chinnaswamy Stadium, Bengaluru","Bengaluru","Royal Challengers Bengaluru","Gujarat Titans",2,0,"Royal Challengers Bengaluru","field","Royal Challengers Bengaluru","Gujarat Titans",58,1,36,9.66666666666667,1,1,1,"50-59","1"
"1529278","2026-04-25",2026,"Arun Jaitley Stadium, Delhi","Delhi","Delhi Capitals","Punjab Kings",1,1,"Delhi Capitals","bat","Punjab Kings","Delhi Capitals",68,1,36,11.3333333333333,1,0,0,"60+","1"
"1529278","2026-04-25",2026,"Arun Jaitley Stadium, Delhi","Delhi","Punjab Kings","Delhi Capitals",2,0,"Delhi Capitals","bat","Punjab Kings","Delhi Capitals",116,0,36,19.3333333333333,0,1,0,"60+","0"
"1529279","2026-04-25",2026,"Sawai Mansingh Stadium, Jaipur","Jaipur","Rajasthan Royals","Sunrisers Hyderabad",1,1,"Sunrisers Hyderabad","field","Sunrisers Hyderabad","Rajasthan Royals",76,1,36,12.6666666666667,0,0,1,"60+","1"
"1529279","2026-04-25",2026,"Sawai Mansingh Stadium, Jaipur","Jaipur","Sunrisers Hyderabad","Rajasthan Royals",2,0,"Sunrisers Hyderabad","field","Sunrisers Hyderabad","Rajasthan Royals",89,1,36,14.8333333333333,1,1,1,"60+","1"
"1529280","2026-04-26",2026,"MA Chidambaram Stadium, Chepauk, Chennai","Chennai","Chennai Super Kings","Gujarat Titans",1,1,"Gujarat Titans","field","Gujarat Titans","Chennai Super Kings",28,3,36,4.66666666666667,0,0,1,"Under 40","3+"
"1529280","2026-04-26",2026,"MA Chidambaram Stadium, Chepauk, Chennai","Chennai","Gujarat Titans","Chennai Super Kings",2,0,"Gujarat Titans","field","Gujarat Titans","Chennai Super Kings",55,0,36,9.16666666666667,1,1,1,"50-59","0"
"1529281","2026-04-26",2026,"Bharat Ratna Shri Atal Bihari Vajpayee Ekana Cricket Stadium, Lucknow","Lucknow","Kolkata Knight Riders","Lucknow Super Giants",1,1,"Lucknow Super Giants","field","Kolkata Knight Riders","Lucknow Super Giants",31,3,36,5.16666666666667,0,1,1,"Under 40","3+"
"1529281","2026-04-26",2026,"Bharat Ratna Shri Atal Bihari Vajpayee Ekana Cricket Stadium, Lucknow","Lucknow","Lucknow Super Giants","Kolkata Knight Riders",2,0,"Lucknow Super Giants","field","Kolkata Knight Riders","Lucknow Super Giants",37,1,36,6.16666666666667,1,0,1,"Under 40","1"
"1529282","2026-04-27",2026,"Arun Jaitley Stadium, Delhi","Delhi","Delhi Capitals","Royal Challengers Bengaluru",1,1,"Royal Challengers Bengaluru","field","Royal Challengers Bengaluru","Delhi Capitals",13,6,36,2.16666666666667,0,0,1,"Under 40","3+"
"1529282","2026-04-27",2026,"Arun Jaitley Stadium, Delhi","Delhi","Royal Challengers Bengaluru","Delhi Capitals",2,0,"Royal Challengers Bengaluru","field","Royal Challengers Bengaluru","Delhi Capitals",65,1,36,10.8333333333333,1,1,1,"60+","1"
"1529283","2026-04-28",2026,"Maharaja Yadavindra Singh International Cricket Stadium, New Chandigarh","New Chandigarh","Punjab Kings","Rajasthan Royals",1,1,"Rajasthan Royals","field","Rajasthan Royals","Punjab Kings",65,1,36,10.8333333333333,0,0,1,"60+","1"
"1529283","2026-04-28",2026,"Maharaja Yadavindra Singh International Cricket Stadium, New Chandigarh","New Chandigarh","Rajasthan Royals","Punjab Kings",2,0,"Rajasthan Royals","field","Rajasthan Royals","Punjab Kings",84,1,36,14,1,1,1,"60+","1"
"1529284","2026-04-29",2026,"Wankhede Stadium, Mumbai","Mumbai","Mumbai Indians","Sunrisers Hyderabad",1,1,"Mumbai Indians","bat","Sunrisers Hyderabad","Mumbai Indians",78,0,36,13,1,0,0,"60+","0"
"1529284","2026-04-29",2026,"Wankhede Stadium, Mumbai","Mumbai","Sunrisers Hyderabad","Mumbai Indians",2,0,"Mumbai Indians","bat","Sunrisers Hyderabad","Mumbai Indians",92,0,36,15.3333333333333,0,1,0,"60+","0"
"1529285","2026-04-30",2026,"Narendra Modi Stadium, Ahmedabad","Ahmedabad","Royal Challengers Bengaluru","Gujarat Titans",1,1,"Gujarat Titans","field","Gujarat Titans","Royal Challengers Bengaluru",59,2,36,9.83333333333333,0,0,1,"50-59","2"
"1529285","2026-04-30",2026,"Narendra Modi Stadium, Ahmedabad","Ahmedabad","Gujarat Titans","Royal Challengers Bengaluru",2,0,"Gujarat Titans","field","Gujarat Titans","Royal Challengers Bengaluru",69,2,36,11.5,1,1,1,"60+","2"
"1529286","2026-05-01",2026,"Sawai Mansingh Stadium, Jaipur","Jaipur","Rajasthan Royals","Delhi Capitals",1,1,"Rajasthan Royals","bat","Delhi Capitals","Rajasthan Royals",56,2,36,9.33333333333333,1,0,0,"50-59","2"
"1529286","2026-05-01",2026,"Sawai Mansingh Stadium, Jaipur","Jaipur","Delhi Capitals","Rajasthan Royals",2,0,"Rajasthan Royals","bat","Delhi Capitals","Rajasthan Royals",70,0,36,11.6666666666667,0,1,0,"60+","0"
"1529287","2026-05-02",2026,"MA Chidambaram Stadium, Chepauk, Chennai","Chennai","Mumbai Indians","Chennai Super Kings",1,1,"Mumbai Indians","bat","Chennai Super Kings","Mumbai Indians",57,1,36,9.5,1,0,0,"50-59","1"
"1529287","2026-05-02",2026,"MA Chidambaram Stadium, Chepauk, Chennai","Chennai","Chennai Super Kings","Mumbai Indians",2,0,"Mumbai Indians","bat","Chennai Super Kings","Mumbai Indians",62,2,36,10.3333333333333,0,1,0,"60+","2"
"1529288","2026-05-03",2026,"Rajiv Gandhi International Stadium, Uppal, Hyderabad","Hyderabad","Sunrisers Hyderabad","Kolkata Knight Riders",1,1,"Sunrisers Hyderabad","bat","Kolkata Knight Riders","Sunrisers Hyderabad",71,1,36,11.8333333333333,1,0,0,"60+","1"
"1529288","2026-05-03",2026,"Rajiv Gandhi International Stadium, Uppal, Hyderabad","Hyderabad","Kolkata Knight Riders","Sunrisers Hyderabad",2,0,"Sunrisers Hyderabad","bat","Kolkata Knight Riders","Sunrisers Hyderabad",71,1,36,11.8333333333333,0,1,0,"60+","1"
"1529289","2026-05-03",2026,"Narendra Modi Stadium, Ahmedabad","Ahmedabad","Punjab Kings","Gujarat Titans",1,1,"Gujarat Titans","field","Gujarat Titans","Punjab Kings",35,3,36,5.83333333333333,0,0,1,"Under 40","3+"
"1529289","2026-05-03",2026,"Narendra Modi Stadium, Ahmedabad","Ahmedabad","Gujarat Titans","Punjab Kings",2,0,"Gujarat Titans","field","Gujarat Titans","Punjab Kings",58,1,36,9.66666666666667,1,1,1,"50-59","1"
"1529290","2026-05-04",2026,"Wankhede Stadium, Mumbai","Mumbai","Lucknow Super Giants","Mumbai Indians",1,1,"Mumbai Indians","field","Mumbai Indians","Lucknow Super Giants",90,1,36,15,0,0,1,"60+","1"
"1529290","2026-05-04",2026,"Wankhede Stadium, Mumbai","Mumbai","Mumbai Indians","Lucknow Super Giants",2,0,"Mumbai Indians","field","Mumbai Indians","Lucknow Super Giants",71,0,36,11.8333333333333,1,1,1,"60+","0"
"1529291","2026-05-05",2026,"Arun Jaitley Stadium, Delhi","Delhi","Delhi Capitals","Chennai Super Kings",1,1,"Delhi Capitals","bat","Chennai Super Kings","Delhi Capitals",37,2,36,6.16666666666667,1,0,0,"Under 40","2"
"1529291","2026-05-05",2026,"Arun Jaitley Stadium, Delhi","Delhi","Chennai Super Kings","Delhi Capitals",2,0,"Delhi Capitals","bat","Chennai Super Kings","Delhi Capitals",44,1,36,7.33333333333333,0,1,0,"40-49","1"
"1529292","2026-05-06",2026,"Rajiv Gandhi International Stadium, Uppal, Hyderabad","Hyderabad","Sunrisers Hyderabad","Punjab Kings",1,1,"Punjab Kings","field","Sunrisers Hyderabad","Punjab Kings",79,1,36,13.1666666666667,0,1,1,"60+","1"
"1529292","2026-05-06",2026,"Rajiv Gandhi International Stadium, Uppal, Hyderabad","Hyderabad","Punjab Kings","Sunrisers Hyderabad",2,0,"Punjab Kings","field","Sunrisers Hyderabad","Punjab Kings",57,3,36,9.5,1,0,1,"50-59","3+"
"1529293","2026-05-07",2026,"Bharat Ratna Shri Atal Bihari Vajpayee Ekana Cricket Stadium, Lucknow","Lucknow","Lucknow Super Giants","Royal Challengers Bengaluru",1,1,"Royal Challengers Bengaluru","field","Lucknow Super Giants","Royal Challengers Bengaluru",68,0,36,11.3333333333333,0,1,1,"60+","0"
"1529293","2026-05-07",2026,"Bharat Ratna Shri Atal Bihari Vajpayee Ekana Cricket Stadium, Lucknow","Lucknow","Royal Challengers Bengaluru","Lucknow Super Giants",2,0,"Royal Challengers Bengaluru","field","Lucknow Super Giants","Royal Challengers Bengaluru",45,2,36,7.5,1,0,1,"40-49","2"
"1529294","2026-05-08",2026,"Arun Jaitley Stadium, Delhi","Delhi","Delhi Capitals","Kolkata Knight Riders",1,1,"Kolkata Knight Riders","field","Kolkata Knight Riders","Delhi Capitals",55,1,36,9.16666666666667,0,0,1,"50-59","1"
"1529294","2026-05-08",2026,"Arun Jaitley Stadium, Delhi","Delhi","Kolkata Knight Riders","Delhi Capitals",2,0,"Kolkata Knight Riders","field","Kolkata Knight Riders","Delhi Capitals",43,2,36,7.16666666666667,1,1,1,"40-49","2"
"1529295","2026-05-09",2026,"Sawai Mansingh Stadium, Jaipur","Jaipur","Gujarat Titans","Rajasthan Royals",1,1,"Rajasthan Royals","field","Gujarat Titans","Rajasthan Royals",82,0,36,13.6666666666667,0,1,1,"60+","0"
"1529295","2026-05-09",2026,"Sawai Mansingh Stadium, Jaipur","Jaipur","Rajasthan Royals","Gujarat Titans",2,0,"Rajasthan Royals","field","Gujarat Titans","Rajasthan Royals",78,3,36,13,1,0,1,"60+","3+"
"1529296","2026-05-10",2026,"MA Chidambaram Stadium, Chepauk, Chennai","Chennai","Lucknow Super Giants","Chennai Super Kings",1,1,"Chennai Super Kings","field","Chennai Super Kings","Lucknow Super Giants",91,1,36,15.1666666666667,0,0,1,"60+","1"
"1529296","2026-05-10",2026,"MA Chidambaram Stadium, Chepauk, Chennai","Chennai","Chennai Super Kings","Lucknow Super Giants",2,0,"Chennai Super Kings","field","Chennai Super Kings","Lucknow Super Giants",97,1,36,16.1666666666667,1,1,1,"60+","1"
"1529297","2026-05-10",2026,"Shaheed Veer Narayan Singh International Stadium, Raipur","Raipur","Mumbai Indians","Royal Challengers Bengaluru",1,1,"Royal Challengers Bengaluru","field","Royal Challengers Bengaluru","Mumbai Indians",53,3,36,8.83333333333333,0,0,1,"50-59","3+"
"1529297","2026-05-10",2026,"Shaheed Veer Narayan Singh International Stadium, Raipur","Raipur","Royal Challengers Bengaluru","Mumbai Indians",2,0,"Royal Challengers Bengaluru","field","Royal Challengers Bengaluru","Mumbai Indians",47,3,36,7.83333333333333,1,1,1,"40-49","3+"
"1529298","2026-05-11",2026,"Himachal Pradesh Cricket Association Stadium, Dharamsala","Dharamsala","Punjab Kings","Delhi Capitals",1,1,"Delhi Capitals","field","Delhi Capitals","Punjab Kings",72,0,36,12,0,0,1,"60+","0"
"1529298","2026-05-11",2026,"Himachal Pradesh Cricket Association Stadium, Dharamsala","Dharamsala","Delhi Capitals","Punjab Kings",2,0,"Delhi Capitals","field","Delhi Capitals","Punjab Kings",47,3,36,7.83333333333333,1,1,1,"40-49","3+"
"1529299","2026-05-12",2026,"Narendra Modi Stadium, Ahmedabad","Ahmedabad","Gujarat Titans","Sunrisers Hyderabad",1,1,"Sunrisers Hyderabad","field","Gujarat Titans","Sunrisers Hyderabad",34,2,36,5.66666666666667,0,1,1,"Under 40","2"
"1529299","2026-05-12",2026,"Narendra Modi Stadium, Ahmedabad","Ahmedabad","Sunrisers Hyderabad","Gujarat Titans",2,0,"Sunrisers Hyderabad","field","Gujarat Titans","Sunrisers Hyderabad",34,4,36,5.66666666666667,1,0,1,"Under 40","3+"
"1529300","2026-05-13",2026,"Shaheed Veer Narayan Singh International Stadium, Raipur","Raipur","Kolkata Knight Riders","Royal Challengers Bengaluru",1,1,"Royal Challengers Bengaluru","field","Royal Challengers Bengaluru","Kolkata Knight Riders",56,2,36,9.33333333333333,0,0,1,"50-59","2"
"1529300","2026-05-13",2026,"Shaheed Veer Narayan Singh International Stadium, Raipur","Raipur","Royal Challengers Bengaluru","Kolkata Knight Riders",2,0,"Royal Challengers Bengaluru","field","Royal Challengers Bengaluru","Kolkata Knight Riders",66,1,36,11,1,1,1,"60+","1"
"1529301","2026-05-14",2026,"Himachal Pradesh Cricket Association Stadium, Dharamsala","Dharamsala","Punjab Kings","Mumbai Indians",1,1,"Mumbai Indians","field","Mumbai Indians","Punjab Kings",55,1,36,9.16666666666667,0,0,1,"50-59","1"
"1529301","2026-05-14",2026,"Himachal Pradesh Cricket Association Stadium, Dharamsala","Dharamsala","Mumbai Indians","Punjab Kings",2,0,"Mumbai Indians","field","Mumbai Indians","Punjab Kings",59,0,36,9.83333333333333,1,1,1,"50-59","0"
"1529302","2026-05-15",2026,"Bharat Ratna Shri Atal Bihari Vajpayee Ekana Cricket Stadium, Lucknow","Lucknow","Chennai Super Kings","Lucknow Super Giants",1,1,"Lucknow Super Giants","field","Lucknow Super Giants","Chennai Super Kings",37,2,36,6.16666666666667,0,0,1,"Under 40","2"
"1529302","2026-05-15",2026,"Bharat Ratna Shri Atal Bihari Vajpayee Ekana Cricket Stadium, Lucknow","Lucknow","Lucknow Super Giants","Chennai Super Kings",2,0,"Lucknow Super Giants","field","Lucknow Super Giants","Chennai Super Kings",86,0,36,14.3333333333333,1,1,1,"60+","0"
"1529303","2026-05-16",2026,"Eden Gardens, Kolkata","Kolkata","Kolkata Knight Riders","Gujarat Titans",1,1,"Gujarat Titans","field","Kolkata Knight Riders","Gujarat Titans",56,1,36,9.33333333333333,0,1,1,"50-59","1"
"1529303","2026-05-16",2026,"Eden Gardens, Kolkata","Kolkata","Gujarat Titans","Kolkata Knight Riders",2,0,"Gujarat Titans","field","Kolkata Knight Riders","Gujarat Titans",56,1,36,9.33333333333333,1,0,1,"50-59","1"
"1529304","2026-05-17",2026,"Himachal Pradesh Cricket Association Stadium, Dharamsala","Dharamsala","Royal Challengers Bengaluru","Punjab Kings",1,1,"Punjab Kings","field","Royal Challengers Bengaluru","Punjab Kings",61,1,36,10.1666666666667,0,1,1,"60+","1"
"1529304","2026-05-17",2026,"Himachal Pradesh Cricket Association Stadium, Dharamsala","Dharamsala","Punjab Kings","Royal Challengers Bengaluru",2,0,"Punjab Kings","field","Royal Challengers Bengaluru","Punjab Kings",49,3,36,8.16666666666667,1,0,1,"40-49","3+"
"1529305","2026-05-17",2026,"Arun Jaitley Stadium, Delhi","Delhi","Rajasthan Royals","Delhi Capitals",1,1,"Delhi Capitals","field","Delhi Capitals","Rajasthan Royals",75,1,36,12.5,0,0,1,"60+","1"
"1529305","2026-05-17",2026,"Arun Jaitley Stadium, Delhi","Delhi","Delhi Capitals","Rajasthan Royals",2,0,"Delhi Capitals","field","Delhi Capitals","Rajasthan Royals",72,0,36,12,1,1,1,"60+","0"
"1529306","2026-05-18",2026,"MA Chidambaram Stadium, Chepauk, Chennai","Chennai","Chennai Super Kings","Sunrisers Hyderabad",1,1,"Chennai Super Kings","bat","Sunrisers Hyderabad","Chennai Super Kings",57,2,36,9.5,1,0,0,"50-59","2"
"1529306","2026-05-18",2026,"MA Chidambaram Stadium, Chepauk, Chennai","Chennai","Sunrisers Hyderabad","Chennai Super Kings",2,0,"Chennai Super Kings","bat","Sunrisers Hyderabad","Chennai Super Kings",45,1,36,7.5,0,1,0,"40-49","1"
"1529307","2026-05-19",2026,"Sawai Mansingh Stadium, Jaipur","Jaipur","Lucknow Super Giants","Rajasthan Royals",1,1,"Rajasthan Royals","field","Rajasthan Royals","Lucknow Super Giants",83,0,36,13.8333333333333,0,0,1,"60+","0"
"1529307","2026-05-19",2026,"Sawai Mansingh Stadium, Jaipur","Jaipur","Rajasthan Royals","Lucknow Super Giants",2,0,"Rajasthan Royals","field","Rajasthan Royals","Lucknow Super Giants",71,0,36,11.8333333333333,1,1,1,"60+","0"
"1529308","2026-05-20",2026,"Eden Gardens, Kolkata","Kolkata","Mumbai Indians","Kolkata Knight Riders",1,1,"Kolkata Knight Riders","field","Kolkata Knight Riders","Mumbai Indians",46,4,36,7.66666666666667,0,0,1,"40-49","3+"
"1529308","2026-05-20",2026,"Eden Gardens, Kolkata","Kolkata","Kolkata Knight Riders","Mumbai Indians",2,0,"Kolkata Knight Riders","field","Kolkata Knight Riders","Mumbai Indians",51,2,36,8.5,1,1,1,"50-59","2"
"1529309","2026-05-21",2026,"Narendra Modi Stadium, Ahmedabad","Ahmedabad","Gujarat Titans","Chennai Super Kings",1,1,"Chennai Super Kings","field","Gujarat Titans","Chennai Super Kings",62,0,36,10.3333333333333,0,1,1,"60+","0"
"1529309","2026-05-21",2026,"Narendra Modi Stadium, Ahmedabad","Ahmedabad","Chennai Super Kings","Gujarat Titans",2,0,"Chennai Super Kings","field","Gujarat Titans","Chennai Super Kings",58,4,36,9.66666666666667,1,0,1,"50-59","3+"
"1529310","2026-05-22",2026,"Rajiv Gandhi International Stadium, Uppal, Hyderabad","Hyderabad","Sunrisers Hyderabad","Royal Challengers Bengaluru",1,1,"Sunrisers Hyderabad","bat","Sunrisers Hyderabad","Royal Challengers Bengaluru",63,1,36,10.5,1,1,0,"60+","1"
"1529310","2026-05-22",2026,"Rajiv Gandhi International Stadium, Uppal, Hyderabad","Hyderabad","Royal Challengers Bengaluru","Sunrisers Hyderabad",2,0,"Sunrisers Hyderabad","bat","Sunrisers Hyderabad","Royal Challengers Bengaluru",75,2,36,12.5,0,0,0,"60+","2"
"1529311","2026-05-23",2026,"Bharat Ratna Shri Atal Bihari Vajpayee Ekana Cricket Stadium, Lucknow","Lucknow","Lucknow Super Giants","Punjab Kings",1,1,"Punjab Kings","field","Punjab Kings","Lucknow Super Giants",66,2,36,11,0,0,1,"60+","2"
"1529311","2026-05-23",2026,"Bharat Ratna Shri Atal Bihari Vajpayee Ekana Cricket Stadium, Lucknow","Lucknow","Punjab Kings","Lucknow Super Giants",2,0,"Punjab Kings","field","Punjab Kings","Lucknow Super Giants",65,2,36,10.8333333333333,1,1,1,"60+","2"
"1529312","2026-05-24",2026,"Wankhede Stadium, Mumbai","Mumbai","Rajasthan Royals","Mumbai Indians",1,1,"Mumbai Indians","field","Rajasthan Royals","Mumbai Indians",54,3,36,9,0,1,1,"50-59","3+"
"1529312","2026-05-24",2026,"Wankhede Stadium, Mumbai","Mumbai","Mumbai Indians","Rajasthan Royals",2,0,"Mumbai Indians","field","Rajasthan Royals","Mumbai Indians",49,4,36,8.16666666666667,1,0,1,"40-49","3+"
"1529313","2026-05-24",2026,"Eden Gardens, Kolkata","Kolkata","Delhi Capitals","Kolkata Knight Riders",1,1,"Kolkata Knight Riders","field","Delhi Capitals","Kolkata Knight Riders",53,1,36,8.83333333333333,0,1,1,"50-59","1"
"1529313","2026-05-24",2026,"Eden Gardens, Kolkata","Kolkata","Kolkata Knight Riders","Delhi Capitals",2,0,"Kolkata Knight Riders","field","Delhi Capitals","Kolkata Knight Riders",55,1,36,9.16666666666667,1,0,1,"50-59","1"
"1535462","2026-05-26",2026,"Himachal Pradesh Cricket Association Stadium, Dharamsala","Dharamsala","Royal Challengers Bengaluru","Gujarat Titans",1,1,"Gujarat Titans","field","Royal Challengers Bengaluru","Gujarat Titans",76,1,36,12.6666666666667,0,1,1,"60+","1"
"1535462","2026-05-26",2026,"Himachal Pradesh Cricket Association Stadium, Dharamsala","Dharamsala","Gujarat Titans","Royal Challengers Bengaluru",2,0,"Gujarat Titans","field","Royal Challengers Bengaluru","Gujarat Titans",51,5,36,8.5,1,0,1,"50-59","3+"
"1535463","2026-05-27",2026,"Maharaja Yadavindra Singh International Cricket Stadium, New Chandigarh","New Chandigarh","Rajasthan Royals","Sunrisers Hyderabad",1,1,"Sunrisers Hyderabad","field","Rajasthan Royals","Sunrisers Hyderabad",80,0,36,13.3333333333333,0,1,1,"60+","0"
"1535463","2026-05-27",2026,"Maharaja Yadavindra Singh International Cricket Stadium, New Chandigarh","New Chandigarh","Sunrisers Hyderabad","Rajasthan Royals",2,0,"Sunrisers Hyderabad","field","Rajasthan Royals","Sunrisers Hyderabad",71,4,36,11.8333333333333,1,0,1,"60+","3+"
"1535464","2026-05-29",2026,"Maharaja Yadavindra Singh International Cricket Stadium, New Chandigarh","New Chandigarh","Rajasthan Royals","Gujarat Titans",1,1,"Rajasthan Royals","bat","Gujarat Titans","Rajasthan Royals",70,2,36,11.6666666666667,1,0,0,"60+","2"
"1535464","2026-05-29",2026,"Maharaja Yadavindra Singh International Cricket Stadium, New Chandigarh","New Chandigarh","Gujarat Titans","Rajasthan Royals",2,0,"Rajasthan Royals","bat","Gujarat Titans","Rajasthan Royals",69,0,36,11.5,0,1,0,"60+","0"
"1535465","2026-05-31",2026,"Narendra Modi Stadium, Ahmedabad","Ahmedabad","Gujarat Titans","Royal Challengers Bengaluru",1,1,"Royal Challengers Bengaluru","field","Royal Challengers Bengaluru","Gujarat Titans",45,2,36,7.5,0,0,1,"40-49","2"
"1535465","2026-05-31",2026,"Narendra Modi Stadium, Ahmedabad","Ahmedabad","Royal Challengers Bengaluru","Gujarat Titans",2,0,"Royal Challengers Bengaluru","field","Royal Challengers Bengaluru","Gujarat Titans",70,2,36,11.6666666666667,1,1,1,"60+","2"
